Match Status,Review Flag,Match Tier,Match Basis,Skill Score,Idle Months,Grade Gap,Match Reason,PRP | Project ID,PRP | Quote Line Number,PRP | Customer,PRP | Project Name,PRP | Resource,PRP | Position Name,PRP | Standardized Position,PRP | Std Position Source,PRP | Std Position Status,PRP | Skill-Inferred Role (suggestion),PRP | Grade,PRP | Std Skill Family,PRP | Skill,PRP | Last Active Month,PRP | Available From,PRP | Available From FY,PRP | Availability Basis,PRP | Availability Status,PRP | Last MDs,QL | Project ID,QL | Quote Line Number,QL | Customer,QL | Project Name,QL | Position Name,QL | Standardized Position,QL | Std Position Source,QL | Std Position Status,QL | Skill-Inferred Role (suggestion),QL | Grade,QL | Std Skill Family,QL | Skill,QL | Start Date,QL | Start FY,QL | Start MDs
MATCHED,,T1,Position + Grade,1.0,0.0,0.0,Position + Grade; available 2026-09-01 <= start 2026-09-01 (idle 0m); grade 8 vs 8,PROJ-00011210,QL-0000006339,"AGENCY FOR SCIENCE, TECHNOLOGY AND RESEARCH",[Non-ATFM]: WOA CV extension for 3 month,Generic Resource 8,SDM Digital Workplace & Automation,SDM,rule,MAPPED,,8.0,SERVICE_MGMT,,2026-08-01,2026-09-01,FY26,CONFIRMED_END,Available now,18.0,PROJ-00011247,QL-0000005605,"AGENCY FOR SCIENCE, TECHNOLOGY AND RESEARCH",[Non-ATFM] : T/ITSS/11/FY25 - IMPLEMENTATION OF INTEGRATED IT END-USER SUPPORT SERVICES FOR A*STAR,SDM Digital Workplace & Automation,SDM,rule,MAPPED,,8.0,SERVICE_MGMT,,2026-09-01,FY26,18.0
MATCHED,,T1,Position + Grade,1.0,0.0,0.0,Position + Grade; available 2026-09-01 <= start 2026-09-01 (idle 0m); grade 3 vs 3,PROJ-00011210,QL-0000006339,"AGENCY FOR SCIENCE, TECHNOLOGY AND RESEARCH",[Non-ATFM]: WOA CV extension for 3 month,Generic Resource 3,Desktop Engineer,Mobile/Desktop Engineer,rule,MAPPED,,3.0,WORKPLACE,,2026-08-01,2026-09-01,FY26,CONFIRMED_END,Available now,18.0,PROJ-00011247,QL-0000005605,"AGENCY FOR SCIENCE, TECHNOLOGY AND RESEARCH",[Non-ATFM] : T/ITSS/11/FY25 - IMPLEMENTATION OF INTEGRATED IT END-USER SUPPORT SERVICES FOR A*STAR,Desktop Engineer (Hiring Replacement for Aaron left in May),Mobile/Desktop Engineer,rule,MAPPED,,3.0,WORKPLACE,,2026-09-01,FY26,18.0
MATCHED,,T1,Position + Grade,1.0,0.0,0.0,Position + Grade; available 2026-09-01 <= start 2026-09-01 (idle 0m); grade 4 vs 4,PROJ-00011512,QL-0000006603,"AGENCY FOR SCIENCE, TECHNOLOGY AND RESEARCH",[Non-ATFM]: CV for 3 months for ISOx4,Generic 4,IT Security Officer 4,IT Security Officer,mapping_sheet,MAPPED,,4.0,SECURITY,,2026-08-01,2026-09-01,FY26,CONFIRMED_END,Available now,18.0,PROJ-00011247,QL-0000005605,"AGENCY FOR SCIENCE, TECHNOLOGY AND RESEARCH",[Non-ATFM] : T/ITSS/11/FY25 - IMPLEMENTATION OF INTEGRATED IT END-USER SUPPORT SERVICES FOR A*STAR,IT Security Officer,IT Security Officer,mapping_sheet,MAPPED,,4.0,SECURITY,,2026-09-01,FY26,18.0
MATCHED,,T1,Position + Grade,1.0,0.0,0.0,Position + Grade; available 2026-09-01 <= start 2026-09-01 (idle 0m); grade 3 vs 3,PROJ-00011210,QL-0000006339,"AGENCY FOR SCIENCE, TECHNOLOGY AND RESEARCH",[Non-ATFM]: WOA CV extension for 3 month,Generic Resource 3,Desktop Engineer,Mobile/Desktop Engineer,rule,MAPPED,,3.0,WORKPLACE,,2026-08-01,2026-09-01,FY26,CONFIRMED_END,Available now,18.0,PROJ-00011247,QL-0000005605,"AGENCY FOR SCIENCE, TECHNOLOGY AND RESEARCH",[Non-ATFM] : T/ITSS/11/FY25 - IMPLEMENTATION OF INTEGRATED IT END-USER SUPPORT SERVICES FOR A*STAR,Tech Refresh Desktop Engineer 1,Mobile/Desktop Engineer,rule,MAPPED,,3.0,WORKPLACE,,2026-09-01,FY26,18.0
MATCHED,,T1,Position + Grade,1.0,0.0,0.0,Position + Grade; available 2026-09-01 <= start 2026-09-01 (idle 0m); grade 3 vs 3,PROJ-00011512,QL-0000006603,"AGENCY FOR SCIENCE, TECHNOLOGY AND RESEARCH",[Non-ATFM]: CV for 3 months for ISOx4,Generic Resource 3,IT Security Officer,IT Security Officer,mapping_sheet,MAPPED,,3.0,SECURITY,,2026-08-01,2026-09-01,FY26,CONFIRMED_END,Available now,18.0,PROJ-00011247,QL-0000005605,"AGENCY FOR SCIENCE, TECHNOLOGY AND RESEARCH",[Non-ATFM] : T/ITSS/11/FY25 - IMPLEMENTATION OF INTEGRATED IT END-USER SUPPORT SERVICES FOR A*STAR,IT Security Officer,IT Security Officer,mapping_sheet,MAPPED,,3.0,SECURITY,,2026-09-01,FY26,18.0
MATCHED,,T1,Position + Grade,1.0,0.0,0.0,Position + Grade; available 2026-09-01 <= start 2026-09-01 (idle 0m); grade 4 vs 4,PROJ-00011512,QL-0000006603,"AGENCY FOR SCIENCE, TECHNOLOGY AND RESEARCH",[Non-ATFM]: CV for 3 months for ISOx4,Generic 4,IT Security Officer 2,IT Security Officer,mapping_sheet,MAPPED,,4.0,SECURITY,,2026-08-01,2026-09-01,FY26,CONFIRMED_END,Available now,18.0,PROJ-00011247,QL-0000005605,"AGENCY FOR SCIENCE, TECHNOLOGY AND RESEARCH",[Non-ATFM] : T/ITSS/11/FY25 - IMPLEMENTATION OF INTEGRATED IT END-USER SUPPORT SERVICES FOR A*STAR,IT Security Officer,IT Security Officer,mapping_sheet,MAPPED,,4.0,SECURITY,,2026-09-01,FY26,18.0
MATCHED,,T1,Position + Grade,1.0,0.0,0.0,Position + Grade; available 2026-09-01 <= start 2026-09-01 (idle 0m); grade 4 vs 4,PROJ-00011512,QL-0000006603,"AGENCY FOR SCIENCE, TECHNOLOGY AND RESEARCH",[Non-ATFM]: CV for 3 months for ISOx4,Generic 4,IT Security Officer 3,IT Security Officer,mapping_sheet,MAPPED,,4.0,SECURITY,,2026-08-01,2026-09-01,FY26,CONFIRMED_END,Available now,18.0,PROJ-00011247,QL-0000005605,"AGENCY FOR SCIENCE, TECHNOLOGY AND RESEARCH",[Non-ATFM] : T/ITSS/11/FY25 - IMPLEMENTATION OF INTEGRATED IT END-USER SUPPORT SERVICES FOR A*STAR,IT Security Officer,IT Security Officer,mapping_sheet,MAPPED,,4.0,SECURITY,,2026-09-01,FY26,18.0
MATCHED,,T1,Position + Grade,1.0,0.0,0.0,Position + Grade; available 2026-09-01 <= start 2026-09-01 (idle 0m); grade 3 vs 3,PROJ-00011210,QL-0000006339,"AGENCY FOR SCIENCE, TECHNOLOGY AND RESEARCH",[Non-ATFM]: WOA CV extension for 3 month,Generic Resource 3,Service Desk L1 -2,Service Desk Agent,rule,MAPPED,,3.0,SERVICE_MGMT,,2026-08-01,2026-09-01,FY26,CONFIRMED_END,Available now,9.2,PROJ-00011247,QL-0000005605,"AGENCY FOR SCIENCE, TECHNOLOGY AND RESEARCH",[Non-ATFM] : T/ITSS/11/FY25 - IMPLEMENTATION OF INTEGRATED IT END-USER SUPPORT SERVICES FOR A*STAR,Service Desk Engineer,Service Desk Agent,rule,MAPPED,,3.0,SERVICE_MGMT,,2026-09-01,FY26,18.0
MATCHED,,T1,Position + Grade,1.0,0.0,0.0,Position + Grade; available 2026-09-01 <= start 2026-09-01 (idle 0m); grade 4 vs 4,PROJ-00011210,QL-0000006339,"AGENCY FOR SCIENCE, TECHNOLOGY AND RESEARCH",[Non-ATFM]: WOA CV extension for 3 month,Generic 4,Desktop L2 - 1,Mobile/Desktop Engineer,rule,MAPPED,,4.0,WORKPLACE,,2026-08-01,2026-09-01,FY26,CONFIRMED_END,Available now,18.0,PROJ-00011247,QL-0000005605,"AGENCY FOR SCIENCE, TECHNOLOGY AND RESEARCH",[Non-ATFM] : T/ITSS/11/FY25 - IMPLEMENTATION OF INTEGRATED IT END-USER SUPPORT SERVICES FOR A*STAR,Tech Refresh Desktop Engineer 2,Mobile/Desktop Engineer,rule,MAPPED,,4.0,WORKPLACE,Desktop Engineer,2026-09-01,FY26,18.0
MATCHED,,T1,Position + Grade,1.0,0.0,0.0,Position + Grade; available 2026-09-01 <= start 2026-09-01 (idle 0m); grade 3 vs 3,PROJ-00011210,QL-0000006339,"AGENCY FOR SCIENCE, TECHNOLOGY AND RESEARCH",[Non-ATFM]: WOA CV extension for 3 month,Generic Resource 3,IT Admin,DCOps,rule,MAPPED,,3.0,INFRA_OS,,2026-08-01,2026-09-01,FY26,CONFIRMED_END,Available now,18.0,PROJ-00011847,,LAND TRANSPORT AUTHORITY OF SINGAPORE,[ATFM] Year 8 Renewal [CV] LTA - Professional Support Services (Usage Based),IT/SR Admin 3 [Malathy D/O Manoharan],DCOps,rule,MAPPED,,3.0,INFRA_OS,,2026-09-01,FY26,18.0
MATCHED,,T1,Position + Grade,1.0,0.0,0.0,Position + Grade; available 2026-09-01 <= start 2026-09-01 (idle 0m); grade 4 vs 4,PROJ-00011421,QL-0000006507,"AGENCY FOR SCIENCE, TECHNOLOGY AND RESEARCH",[Non-ATFM]: CV for 3 months for SITOx2,Generic 4,SITO,IT Security Officer,rule,MAPPED,,4.0,SECURITY,,2026-08-01,2026-09-01,FY26,CONFIRMED_END,Available now,18.0,PROJ-00011247,QL-0000005605,"AGENCY FOR SCIENCE, TECHNOLOGY AND RESEARCH",[Non-ATFM] : T/ITSS/11/FY25 - IMPLEMENTATION OF INTEGRATED IT END-USER SUPPORT SERVICES FOR A*STAR,SITO,IT Security Officer,rule,MAPPED,,4.0,SECURITY,,2026-09-01,FY26,18.0
MATCHED,,T1,Position + Grade,1.0,0.0,0.0,Position + Grade; available 2026-09-01 <= start 2026-09-01 (idle 0m); grade 4 vs 4,PROJ-00011421,QL-0000006507,"AGENCY FOR SCIENCE, TECHNOLOGY AND RESEARCH",[Non-ATFM]: CV for 3 months for SITOx2,Generic 4,SITO-2,IT Security Officer,rule,MAPPED,,4.0,SECURITY,,2026-08-01,2026-09-01,FY26,CONFIRMED_END,Available now,18.0,PROJ-00011247,QL-0000005605,"AGENCY FOR SCIENCE, TECHNOLOGY AND RESEARCH",[Non-ATFM] : T/ITSS/11/FY25 - IMPLEMENTATION OF INTEGRATED IT END-USER SUPPORT SERVICES FOR A*STAR,SITO,IT Security Officer,rule,MAPPED,,4.0,SECURITY,,2026-09-01,FY26,18.0
MATCHED,,T1,Position + Grade,1.0,0.0,0.0,Position + Grade; available 2026-09-01 <= start 2026-09-01 (idle 0m); grade 7 vs 7,PROJ-00007227,QL-0000003447,HOME TEAM ACADEMY,[ATFM] Year 8 Renewal [CV]_HTA,Generic Resource 7,Wintel L2 - 2 Arjunan,Server Engineer L2,rule,MAPPED,,7.0,INFRA_OS,,2026-08-01,2026-09-01,FY26,CONFIRMED_END,Available now,18.0,PROJ-00011160,QL-0000006347,HOME TEAM SCIENCE AND TECHNOLOGY AGENCY,[ATFM] xEDI Operation for HTX,System Engineer,Server Engineer L2,rule,MAPPED - level inferred from grade,,7.0,INFRA_OS,,2026-09-01,FY26,18.0
MATCHED,,T1,Position + Grade,1.0,0.0,0.0,Position + Grade; available 2026-09-01 <= start 2026-09-01 (idle 0m); grade 7 vs 7,PROJ-00010584,QL-0000005408,SINGAPORE FOOD AGENCY,[ATFM] Year 8 Renewal - SFA,Generic Resource 7,Wintel L2 (AFM + TFM) - 1,Server Engineer L2,rule,MAPPED,,7.0,INFRA_OS,,2026-08-01,2026-09-01,FY26,CONFIRMED_END,Available now,18.0,PROJ-00011785,QL-0000006641,SINGAPORE POLICE FORCE,[ATFM] SEMS2 - Windows upgrade for 8 servers,Server Engineer,Server Engineer L2,rule,MAPPED - level inferred from grade,,7.0,INFRA_OS,Wintel,2026-09-01,FY26,6.25
MATCHED,,T1,Position + Grade,1.0,0.0,0.0,Position + Grade; available 2026-09-01 <= start 2026-09-01 (idle 0m); grade 4 vs 4,PROJ-00010718,QL-0000005676,MONETARY AUTHORITY OF SINGAPORE,MAS Onboarding Services Year8 FY26,Generic 4,DC Ops - Riyaz Khan,DCOps,rule,MAPPED,,4.0,INFRA_OS,,2026-08-01,2026-09-01,FY26,CONFIRMED_END,Available now,18.0,PROJ-00011847,,LAND TRANSPORT AUTHORITY OF SINGAPORE,[ATFM] Year 8 Renewal [CV] LTA - Professional Support Services (Usage Based),IT/SR Admin 2 [Sundari Mahadevan],DCOps,rule,MAPPED,,4.0,INFRA_OS,,2026-09-01,FY26,18.0
MATCHED,,T1,Position + Grade,1.0,0.0,0.0,Position + Grade; available 2026-09-01 <= start 2026-09-01 (idle 0m); grade 4 vs 4,PROJ-00010732,QL-0000005348,LAND TRANSPORT AUTHORITY OF SINGAPORE,[ATFM] Year 8 Renewal [CV] LTA (Time Based),Generic 4,IT/SR Admin 2 [Sundari Mahadevan],DCOps,rule,MAPPED,,4.0,INFRA_OS,,2026-08-01,2026-09-01,FY26,CONFIRMED_END,Available now,18.0,PROJ-00010718,QL-0000005676,MONETARY AUTHORITY OF SINGAPORE,MAS Onboarding Services Year8 FY26,DC Ops,DCOps,rule,MAPPED,,4.0,INFRA_OS,DC Operator,2026-09-01,FY26,18.0
MATCHED,,T1,Position + Grade,0.06,0.0,0.0,Position + Grade; available 2026-09-01 <= start 2026-09-01 (idle 0m); grade 6 vs 6,PROJ-00007228,QL-0000003444,SINGAPORE POLICE FORCE,[ATFM] Year 8 Renewal [CV]_SPF,Generic Resource 6,NETWORK 5. Bryner,Network Engineer L1,rule,MAPPED - level inferred from grade,,6.0,NETWORK,Solutions Architect Associate;Check Point Certified Security Administrator (CCSA);Cisco Certified Specialist - Enterprise Advanced Infrastructure Implementation,2026-08-01,2026-09-01,FY26,CONFIRMED_END,Available now,18.0,PROJ-00007225,QL-0000003465,MINISTRY OF HOME AFFAIRS,[ATFM] Year 8 Renewal [CV]_MHQ,Network Engineer 6,Network Engineer L1,rule,MAPPED - level inferred from grade,,6.0,NETWORK,Cisco Certified Network Associate (CCNA);Huawei Certified Network Associate (HCNA);Functional-Development & operation-Logistics-Inbound and outbound logistical ,2026-09-01,FY26,18.0
MATCHED,,T1,Position + Grade,1.0,0.0,0.0,Position + Grade; available 2026-09-01 <= start 2026-09-01 (idle 0m); grade 7 vs 7,PROJ-00010732,QL-0000005348,LAND TRANSPORT AUTHORITY OF SINGAPORE,[ATFM] Year 8 Renewal [CV] LTA (Time Based),Generic Resource 7,Network Lead,Network Engineer L2,rule,MAPPED - level inferred from grade,,7.0,NETWORK,Technical-Network-Physical Network (L1)-Inventory / Assign-Design;Technical-Network-Network Monitoring-IP SLA;Technical-Network-Network Data Management-Cisco Da,2026-08-01,2026-09-01,FY26,CONFIRMED_END,Available now,18.0,PROJ-00011160,QL-0000006347,HOME TEAM SCIENCE AND TECHNOLOGY AGENCY,[ATFM] xEDI Operation for HTX,Network Engineer,Network Engineer L2,rule,MAPPED - level inferred from grade,,7.0,NETWORK,,2026-09-01,FY26,18.0
MATCHED,,T1,Position + Grade,1.0,0.0,0.0,Position + Grade; available 2026-09-01 <= start 2026-09-01 (idle 0m); grade 4 vs 4,PROJ-00010732,QL-0000005348,LAND TRANSPORT AUTHORITY OF SINGAPORE,[ATFM] Year 8 Renewal [CV] LTA (Time Based),Generic 4,IT/SR Admin 1,DCOps,rule,MAPPED,,4.0,WORKPLACE,Technical-Microsoft 365-Office Productivity-Microsoft Word;Technical-Microsoft 365-Office Productivity-Microsoft Power Point;Technical-Microsoft 365-Office Prod,2026-08-01,2026-09-01,FY26,CONFIRMED_END,Available now,18.0,PROJ-00011847,,LAND TRANSPORT AUTHORITY OF SINGAPORE,[ATFM] Year 8 Renewal [CV] LTA - Professional Support Services (Usage Based),IT/SR Admin 1,DCOps,rule,MAPPED,,4.0,WORKPLACE,Technical-Microsoft 365-Office Productivity-Microsoft Word;Technical-Microsoft 365-Office Productivity-Microsoft Power Point;Technical-Microsoft 365-Office Prod,2026-09-01,FY26,18.0
MATCHED,,T1,Position + Grade,0.0,0.0,0.0,Position + Grade; available 2026-09-01 <= start 2026-09-01 (idle 0m); grade 7 vs 7,PROJ-00011150,QL-0000006338,ENERGY MARKET AUTHORITY,[ATFM]: CyberArk Onboarding/RAS & Additional PSS for On-Prem to GCC2.0 migration,Generic Resource 7,PM (CyberArk Onboard),Project Manager,rule,MAPPED,,7.0,CLOUD,Technical-DevOps-Container Management-Kubernetes;Python Certification;Technical-Cybersecurity-Identity & Access Management-CyberArk PAM;Technical-Application De,2026-08-01,2026-09-01,FY26,CONFIRMED_END,Available now,18.0,PROJ-00011785,QL-0000006641,SINGAPORE POLICE FORCE,[ATFM] SEMS2 - Windows upgrade for 8 servers,PM,Project Manager,rule,MAPPED,,7.0,PROJECT_MGMT,Project Manager,2026-09-01,FY26,1.0
MATCHED,,T1,Position + Grade,1.0,0.0,0.0,Position + Grade; available 2026-09-01 <= start 2026-09-01 (idle 0m); grade 7 vs 7,PROJ-00010706,QL-0000005971,OSSC,[ATFM] Year 8 Renewal - Judiciary,Generic Resource 7,06. ATFM ITSO #2,IT Security Officer,rule,MAPPED,,7.0,SECURITY,Certified Cloud Security Professional (CCSP);Technical-Cloud-Network and Content Delivery-DNS Service;Technical-Security-Risk & compliance-Risk Assessment;Techn,2026-08-01,2026-09-01,FY26,CONFIRMED_END,Available now,18.0,PROJ-00011247,QL-0000005605,"AGENCY FOR SCIENCE, TECHNOLOGY AND RESEARCH",[Non-ATFM] : T/ITSS/11/FY25 - IMPLEMENTATION OF INTEGRATED IT END-USER SUPPORT SERVICES FOR A*STAR,SITO Engineer,IT Security Officer,rule,MAPPED,,7.0,SECURITY,,2026-09-01,FY26,18.0
MATCHED,,T1,Position + Grade,0.16,0.0,0.0,Position + Grade; available 2026-09-01 <= start 2026-09-01 (idle 0m); grade 8 vs 8,PROJ-00011210,QL-0000006339,"AGENCY FOR SCIENCE, TECHNOLOGY AND RESEARCH",[Non-ATFM]: WOA CV extension for 3 month,Generic Resource 8,SDM,SDM,rule,MAPPED,,8.0,PROJECT_MGMT,SysOps Administrator Associate;Functional-Personal and interpersonal skills-Critical thinking-Asking questions;Functional-Development & operation-Service Manage,2026-08-01,2026-09-01,FY26,CONFIRMED_END,Available now,18.0,PROJ-00011057,QL-0000006267,LAND TRANSPORT AUTHORITY OF SINGAPORE,[ATFM] Additional PSS for ITSO (1 Jul 2026 - 31 Mar 2027),Operation Manager,SDM,mapping_sheet,MAPPED,,8.0,SERVICE_MGMT,Functional-Delivery Management-Business operation-Operations and workflow management,2026-09-01,FY26,13.0
MATCHED,,T1,Position + Grade,1.0,0.0,0.0,Position + Grade; available 2026-09-01 <= start 2026-09-01 (idle 0m); grade 9 vs 9,PROJ-00011395,,BW DIGITAL PTE. LTD.,[Non ATFM] BWD ITSM/ITOM/AIOps at NDP1 [YR1 & YR2 Implement] + [YR1 to YR5 License + Maintenence] (Firm),Generic Resource 9,Security Officer,IT Security Officer,rule,MAPPED,,9.0,SECURITY,Machine Learning Specialty;Solutions Architect Professional;Certified Information Security Manager (CISM);Certified Ethical Hacker;Security Operations Analyst A,2026-08-01,2026-09-01,FY26,CONFIRMED_END,Available now,2.0,PROJ-00011774,,EYE & RETINA SURGEONS,[Non-ATFM] Cybersecurity awareness training session for 2 session,Security Officer,IT Security Officer,rule,MAPPED,,9.0,SECURITY,Machine Learning Specialty;Solutions Architect Professional;Certified Information Security Manager (CISM);Certified Ethical Hacker;Security Operations Analyst A,2026-09-01,FY26,5.0
MATCHED,,T1,Position + Grade,1.0,0.0,0.0,Position + Grade; available 2026-09-01 <= start 2026-09-01 (idle 0m); grade 9 vs 9,PROJ-00011723,,KIDNEY DIALYSIS FOUNDATION LIMITED,[Non-ATFM] Managed IT RFQ,Generic Resource 9,Security Officer,IT Security Officer,rule,MAPPED,,9.0,SECURITY,Machine Learning Specialty;Solutions Architect Professional;Certified Information Security Manager (CISM);Certified Ethical Hacker;Security Operations Analyst A,2026-08-01,2026-09-01,FY26,CONFIRMED_END,Available now,1.0,PROJ-00011779,,UNIVERS PTE. LTD.,[Non-ATFM] HDB Integrated Environmental Modeller (IEM) On-Prem to Cloud Migration / BQ,Security Officer,IT Security Officer,rule,MAPPED,,9.0,SECURITY,Machine Learning Specialty;Solutions Architect Professional;Certified Information Security Manager (CISM);Certified Ethical Hacker;Security Operations Analyst A,2026-09-01,FY26,2.0
MATCHED,,T1,Position + Grade,1.0,0.0,0.0,Position + Grade; available 2026-09-01 <= start 2026-09-01 (idle 0m); grade 9 vs 9,PROJ-00011518,,THOMSON MEDICAL GROUP LIMITED,[Non-ATFM] L1 Desktop Managed services + call centre + Daas/Leasing  RFQ,Generic Resource 9,Security Officer,IT Security Officer,rule,MAPPED,,9.0,SECURITY,Machine Learning Specialty;Solutions Architect Professional;Certified Information Security Manager (CISM);Certified Ethical Hacker;Security Operations Analyst A,2026-08-01,2026-09-01,FY26,CONFIRMED_END,Available now,2.0,PROJ-00011841,,PARLIAMENT OF SINGAPORE,[Non-ATFM] SERVER AND STORAGE HARDWARE MAINTENANCE AND SUPPORT,Security Officer,IT Security Officer,rule,MAPPED,,9.0,SECURITY,Machine Learning Specialty;Solutions Architect Professional;Certified Information Security Manager (CISM);Certified Ethical Hacker;Security Operations Analyst A,2026-09-01,FY26,1.0
MATCHED,,T1,Position + Grade,1.0,0.0,0.0,Position + Grade; available 2026-09-01 <= start 2026-09-01 (idle 0m); grade 9 vs 9,PROJ-00011245,,CORRUPT PRACTICES INVESTIGATION BUREAU,[Non-ATFM] CPIB (Firm) Agile Application Development and Maintenance Services of IDAAS,Generic Resource 9,Security Officer,IT Security Officer,rule,MAPPED,,9.0,SECURITY,Machine Learning Specialty;Solutions Architect Professional;Certified Information Security Manager (CISM);Certified Ethical Hacker;Security Operations Analyst A,2026-08-01,2026-09-01,FY26,CONFIRMED_END,Available now,2.0,PROJ-00011320,,"AGENCY FOR SCIENCE, TECHNOLOGY AND RESEARCH",[Non-ATFM]: MDR/SecOps Manage Services,Security Officer,IT Security Officer,rule,MAPPED,,9.0,SECURITY,Machine Learning Specialty;Solutions Architect Professional;Certified Information Security Manager (CISM);Certified Ethical Hacker;Security Operations Analyst A,2026-09-01,FY26,5.0
MATCHED,,T1,Position + Grade,0.0,0.0,0.0,Position + Grade; available 2026-09-01 <= start 2026-09-01 (idle 0m); grade 8 vs 8,PROJ-00011395,,BW DIGITAL PTE. LTD.,[Non ATFM] BWD ITSM/ITOM/AIOps at NDP1 [YR1 & YR2 Implement] + [YR1 to YR5 License + Maintenence] (Firm),Generic Resource 8,Solution Architect,Technical Architect,mapping_sheet,MAPPED,,8.0,,,2026-08-01,2026-09-01,FY26,CONFIRMED_END,Available now,3.0,PROJ-00001918,,,ATFM Back End Support,Advisory Architect,Technical Architect,rule,MAPPED,,8.0,,,2026-09-01,FY26,18.0
MATCHED,,T1,Position + Grade,0.0,0.0,0.0,Position + Grade; available 2026-09-01 <= start 2026-09-01 (idle 0m); grade 8 vs 8,PROJ-00011395,,BW DIGITAL PTE. LTD.,[Non ATFM] BWD ITSM/ITOM/AIOps at NDP1 [YR1 & YR2 Implement] + [YR1 to YR5 License + Maintenence] (Firm),Generic Resource 8,Solution Architect,Technical Architect,mapping_sheet,MAPPED,,8.0,,,2026-08-01,2026-09-01,FY26,CONFIRMED_END,Available now,2.0,PROJ-00011717,,PUBLIC UTILITIES BOARD,[Non-ATFM] PUB AMANDA - Enterprise Activity Monitoring / Alert System for Enhanced Protection of Underground Network,Solution Architect,Technical Architect,mapping_sheet,MAPPED,,8.0,,,2026-09-01,FY26,5.0
MATCHED,,T1,Position + Grade,0.0,0.0,0.0,Position + Grade; available 2026-09-01 <= start 2026-09-01 (idle 0m); grade 8 vs 8,PROJ-00011723,,KIDNEY DIALYSIS FOUNDATION LIMITED,[Non-ATFM] Managed IT RFQ,Generic Resource 8,Solution Architect,Technical Architect,mapping_sheet,MAPPED,,8.0,,,2026-08-01,2026-09-01,FY26,CONFIRMED_END,Available now,3.0,PROJ-00011143,,HOME TEAM SCIENCE AND TECHNOLOGY AGENCY,[ATFM] PSS Man Days Estimate for HTX Eclipse Network Services,Solution Architect,Technical Architect,mapping_sheet,MAPPED,,8.0,,,2026-09-01,FY26,2.0
MATCHED,,T1,Position + Grade,0.0,0.0,0.0,Position + Grade; available 2026-09-01 <= start 2026-09-01 (idle 0m); grade 7 vs 7,PROJ-00011732,,"AGENCY FOR SCIENCE, TECHNOLOGY AND RESEARCH","[Non-ATFM]: RFI for EnterpriseAI Tools, Agentic AI Platform, Cloud Hosting, AI Models, Training and Support Services",Generic Resource 7,Solution Architect,Technical Architect,mapping_sheet,MAPPED,,7.0,,,2026-08-01,2026-09-01,FY26,CONFIRMED_END,Available now,4.0,PROJ-00011948,,MINISTRY OF LAW,[Non-ATFM] Min Law (ITQ) - Server and storage hardware Maintenance and Support,Solution Arcihtect,Technical Architect,rule,MAPPED,,7.0,,,2026-09-01,FY26,4.0
MATCHED,,T1,Position + Grade,1.0,0.0,0.0,Position + Grade; available 2026-09-01 <= start 2026-09-01 (idle 0m); grade 8 vs 8,PROJ-00010875,,NATIONAL PARKS BOARD (SINGAPORE BOTANICAL GARDENS),[Non-ATFM] NPARKS - Singapore Poultry Hub - Video Analytics (VR),Generic Resource 8,Solution Architect,Technical Architect,mapping_sheet,MAPPED,,8.0,,Solution Architect,2026-08-01,2026-09-01,FY26,CONFIRMED_END,Available now,4.0,PROJ-00010645,,ISEAS - YUSOF ISHAK INSTITUTE,[Non-ATFM] AI Central Platform for Researchers- MVP1,Solution Architect,Technical Architect,mapping_sheet,MAPPED,,8.0,,Solution Architect,2026-09-01,FY26,3.0
MATCHED,,T1,Position + Grade,0.0,0.0,0.0,Position + Grade; available 2026-09-01 <= start 2026-09-01 (idle 0m); grade 8 vs 8,PROJ-00001273,,HOME TEAM SCIENCE AND TECHNOLOGY AGENCY,[Non-ATFM] MHA HTSC NOC - Phase 2A,Generic Resource 8,Solution Architect,Technical Architect,mapping_sheet,MAPPED,,8.0,,,2026-08-01,2026-09-01,FY26,CONFIRMED_END,Available now,4.0,PROJ-00011775,,SINGAPORE LAND AUTHORITY (SLA),[ATFM] Place Holder : Dev Env for GeoSpace-Sea + Developer + Day2,Solution Architect,Technical Architect,mapping_sheet,MAPPED,,8.0,,,2026-09-01,FY26,5.0
MATCHED,,T1,Position + Grade,0.0,0.0,0.0,Position + Grade; available 2026-09-01 <= start 2026-09-01 (idle 0m); grade 8 vs 8,PROJ-00011518,,THOMSON MEDICAL GROUP LIMITED,[Non-ATFM] L1 Desktop Managed services + call centre + Daas/Leasing  RFQ,Generic Resource 8,Solution Architect,Technical Architect,mapping_sheet,MAPPED,,8.0,,,2026-08-01,2026-09-01,FY26,CONFIRMED_END,Available now,5.0,PROJ-00011841,,PARLIAMENT OF SINGAPORE,[Non-ATFM] SERVER AND STORAGE HARDWARE MAINTENANCE AND SUPPORT,Solution Architect,Technical Architect,mapping_sheet,MAPPED,,8.0,,,2026-09-01,FY26,2.0
MATCHED,,T1,Position + Grade,0.0,0.0,0.0,Position + Grade; available 2026-09-01 <= start 2026-09-01 (idle 0m); grade 8 vs 8,PROJ-00011439,,GOVERNMENT TECHNOLOGY AGENCY,[Non-ATFM] GVT(T)26013 App Dev & Support and ICT Professional Services (PR26-01545) Pre-Qualification Phase 1/2,Generic Resource 8,Solution Architect,Technical Architect,mapping_sheet,MAPPED,,8.0,,,2026-08-01,2026-09-01,FY26,CONFIRMED_END,Available now,5.0,PROJ-00011821,,PSA CORPORATION LIMITED,[Non-ATFM]: Replacement/New DCIM,Solution Architect,Technical Architect,mapping_sheet,MAPPED,,8.0,,,2026-09-01,FY26,7.0
MATCHED,,T1,Position + Grade,0.0,0.0,0.0,Position + Grade; available 2026-09-01 <= start 2026-09-01 (idle 0m); grade 6 vs 6,PROJ-00011245,,CORRUPT PRACTICES INVESTIGATION BUREAU,[Non-ATFM] CPIB (Firm) Agile Application Development and Maintenance Services of IDAAS,Generic Resource 6,Solution Architect,Technical Architect,mapping_sheet,MAPPED,,6.0,,,2026-08-01,2026-09-01,FY26,CONFIRMED_END,Available now,1.0,PROJ-00011779,,UNIVERS PTE. LTD.,[Non-ATFM] HDB Integrated Environmental Modeller (IEM) On-Prem to Cloud Migration / BQ,Solution Architect,Technical Architect,mapping_sheet,MAPPED,,6.0,,,2026-09-01,FY26,2.0
MATCHED,,T1,Position + Grade,0.03,0.0,0.0,Position + Grade; available 2026-09-01 <= start 2026-09-01 (idle 0m); grade 8 vs 8,PROJ-00011077,,PUBLIC UTILITIES BOARD,[Non-ATFM] PUB Enterprise Wearables Devices Tech Refresh - Phase 1 - Assessment (9 months) 30units,Generic Resource 8,Solution Architect,Technical Architect,mapping_sheet,MAPPED,,8.0,,Solution Architect,2026-08-01,2026-09-01,FY26,CONFIRMED_END,Available now,2.0,PROJ-00011886,,CORRUPT PRACTICES INVESTIGATION BUREAU,"[Non-ATFM] CPIB Design, Dev, Implementation & Maint / Gen AI to support CPIB Use Cases GCC+",Solution Architect,Technical Architect,mapping_sheet,MAPPED,,8.0,DATA_ANALYTICS,Technical-Data & Analytics-Analytics Tools-Clouder Big Data Platform;Functional-AI & ML-AI Partnership-AI Advisor - Technical Sales;Functional-Data-Information ,2026-09-01,FY26,10.0
MATCHED,,T1,Position + Grade,1.0,1.0,0.0,Position + Grade; available 2026-08-01 <= start 2026-09-01 (idle 1m); grade 7 vs 7,PROJ-00007232,QL-0000003445,SINGAPORE CIVIL DEFENCE FORCE,SCDF Base Year8 FY26,Generic Resource 7,Network Engineer - Oscar,Network Engineer L2,rule,MAPPED - level inferred from grade,,7.0,NETWORK,,2026-07-01,2026-08-01,FY26,CONFIRMED_END,Available now,18.0,PROJ-00011847,,LAND TRANSPORT AUTHORITY OF SINGAPORE,[ATFM] Year 8 Renewal [CV] LTA - Professional Support Services (Usage Based),Network Lead,Network Engineer L2,rule,MAPPED - level inferred from grade,,7.0,NETWORK,Technical-Network-Physical Network (L1)-Inventory / Assign-Design;Technical-Network-Network Monitoring-IP SLA;Technical-Network-Network Data Management-Cisco Da,2026-09-01,FY26,18.0
MATCHED,,T1,Position + Grade,1.0,1.0,0.0,Position + Grade; available 2026-08-01 <= start 2026-09-01 (idle 1m); grade 7 vs 7,PROJ-00007232,QL-0000003445,SINGAPORE CIVIL DEFENCE FORCE,SCDF Base Year8 FY26,Generic Resource 7,Network Engineer - Renjith,Network Engineer L2,rule,MAPPED - level inferred from grade,,7.0,NETWORK,Functional-Development & operation-Security & Privacy-Information Security;Technical-Network-Network Security-CheckPoint;Technical-Network-Network Security-Palo,2026-07-01,2026-08-01,FY26,CONFIRMED_END,Available now,18.0,PROJ-00001918,,,ATFM Back End Support,Network Engineer,Network Engineer L2,rule,MAPPED - level inferred from grade,,7.0,NETWORK,,2026-09-01,FY26,8.0
MATCHED,,T1,Position + Grade,0.0,1.0,0.0,Position + Grade; available 2026-08-01 <= start 2026-09-01 (idle 1m); grade 7 vs 7,PROJ-00010648,QL-0000006016,HOME TEAM SCIENCE AND TECHNOLOGY AGENCY,[Non-ATFM] Procurement of 67 SR Man-Days,Generic Resource 7,System Engineer,Server Engineer L2,rule,MAPPED - level inferred from grade,,7.0,INFRA_OS,System Engineer,2026-07-01,2026-08-01,FY26,CONFIRMED_END,Available now,1.0,PROJ-00010706,QL-0000005971,OSSC,[ATFM] Year 8 Renewal - Judiciary,41. TFM State Courts Wintel Engineer (HCR2026052101238) - Brandon Ong,Server Engineer L2,rule,MAPPED - level inferred from grade,,7.0,CLOUD,"AWS, Windows",2026-09-01,FY26,18.0
MATCHED,,T1,Position + Grade,1.0,2.0,0.0,Position + Grade; available 2026-07-01 <= start 2026-09-01 (idle 2m); grade 7 vs 7,PROJ-00010629,QL-0000005884,"MINISTRY OF CULTURE, COMMUNITY AND YOUTH",[ATFM] Year 8 MCCY Renewal PSS for Project Works (1000 PSS) - MCCY - TFM,Generic Resource 7,Cloud Wintel Engineer L3,Cloud Engineer L3,rule,MAPPED - level kept from name (not in Standard Role sheet),,7.0,CLOUD,,2026-06-01,2026-07-01,FY26,CONFIRMED_END,Available now,18.0,PROJ-00010633,QL-0000005960,VITAL.ORG,[ATFM] Year 8 Renewal - Vital,Cloud Engineer L3,Cloud Engineer L3,rule,MAPPED - level kept from name (not in Standard Role sheet),,7.0,CLOUD,,2026-09-01,FY26,18.0
MATCHED,,T1,Position + Grade,1.0,2.0,0.0,Position + Grade; available 2026-07-01 <= start 2026-09-01 (idle 2m); grade 6 vs 6,PROJ-00010629,QL-0000005884,"MINISTRY OF CULTURE, COMMUNITY AND YOUTH",[ATFM] Year 8 MCCY Renewal PSS for Project Works (1000 PSS) - MCCY - TFM,Generic Resource 6,Cloud Wintel Engineer L2,Cloud Engineer L2,rule,MAPPED,,6.0,CLOUD,,2026-06-01,2026-07-01,FY26,CONFIRMED_END,Available now,18.0,PROJ-00011575,QL-0000006708,URBAN REDEVELOPMENT AUTHORITY,[ATFM] Year 8 Procurement for Additional Servers,Cloud Engineer L2,Cloud Engineer L2,mapping_sheet,MAPPED,,6.0,CLOUD,Cloud Engineer L2,2026-09-01,FY26,18.0
MATCHED,,T1,Position + Grade,1.0,2.0,0.0,Position + Grade; available 2026-07-01 <= start 2026-09-01 (idle 2m); grade 6 vs 6,PROJ-00007233,QL-0000003425,IMMIGRATION & CHECKPOINTS AUTHORITY,[ATFM] Year 8 Renewal [CV]_ICA,Generic Resource 6,Wintel System Engineer,Server Engineer L1,rule,MAPPED - level inferred from grade,,6.0,INFRA_OS,Functional-Development & operation-Technology Management-IT Infrastructure,2026-06-01,2026-07-01,FY26,CONFIRMED_END,Available now,18.0,PROJ-00010706,QL-0000005971,OSSC,[ATFM] Year 8 Renewal - Judiciary,40. TFM State Courts Wintel Engineer (HRC - 20250818001) - Leonard Seam,Server Engineer L1,rule,MAPPED - level inferred from grade,,6.0,INFRA_OS,,2026-09-01,FY26,18.0
MATCHED,,T1,Position + Grade,0.54,2.0,0.0,Position + Grade; available 2026-07-01 <= start 2026-09-01 (idle 2m); grade 7 vs 7,PROJ-00010628,QL-0000005885,"MINISTRY OF CULTURE, COMMUNITY AND YOUTH",[ATFM] Year 8 Renewal - MCCY - TFM,Generic Resource 7,Day 1 Cloud Engineer,Cloud Engineer L2,rule,MAPPED - level inferred from grade,,7.0,CLOUD,AWS Certified Solutions Architect – Associate;Functional-Development & operation-Service Management-Information Technology Infrastructure Library (ITIL);Google ,2026-06-01,2026-07-01,FY26,CONFIRMED_END,Available now,18.0,PROJ-00010633,QL-0000005960,VITAL.ORG,[ATFM] Year 8 Renewal - Vital,Day 1 Cloud Engineer,Cloud Engineer L2,rule,MAPPED - level inferred from grade,,7.0,CLOUD,Google IT Support Professional Certificate;SysOps Administrator Associate;Cloud Practitioner;Solutions Architect Professional;Prompt Engineering Specialization;,2026-09-01,FY26,9.0
MATCHED,,T1,Position + Grade,0.01,2.0,0.0,Position + Grade; available 2026-07-01 <= start 2026-09-01 (idle 2m); grade 7 vs 7,PROJ-00010844,QL-0000006008,INTELLECTUAL PROPERTY OFFICE OF SINGAPORE,[ATFM] Year 8 Renewal - IPOS - GCC,Generic Resource 7,92. Cloud Shared Services - SA,Technical Architect,rule,MAPPED,,7.0,DATABASE,"Technical-Infrastructure Management-Production Support-Database;Solutions Architect Associate;Microsoft Certified Technology Specialist (MCTS): SQL Server 2008,",2026-06-01,2026-07-01,FY26,CONFIRMED_END,Available now,1.8,PROJ-00011778,,BW DIGITAL PTE. LTD.,[Non-ATFM] BW Digital - Enterprise Knowledge Base & Documentation Platform M365/Azure,Solution Architect,Technical Architect,mapping_sheet,MAPPED,,7.0,CLOUD,Azure AI Fundamentals;Functional-Personal and interpersonal skills-Teamwork-Conflict management and resolution;Functional-Personal and interpersonal skills-Lead,2026-09-01,FY26,2.0
MATCHED,,T1,Position + Grade,0.53,2.0,0.0,Position + Grade; available 2026-07-01 <= start 2026-09-01 (idle 2m); grade 8 vs 8,PROJ-00001918,,,ATFM Back End Support,Generic Resource 8,IT Security Manager - ATFM,IT Security Mgr,rule,MAPPED,,8.0,SECURITY,"Functional-Development & operation-Governance, Risk & Compliance-Risk Management;Functional-Development & operation-Security Services-Vulnerability Management;T",2026-06-01,2026-07-01,FY26,CONFIRMED_END,Available now,18.0,PROJ-00001918,,,ATFM Back End Support,IT Security Manager - ATFM,IT Security Mgr,rule,MAPPED,,8.0,SECURITY,Functional-Development & operation-Security & Privacy-Information Assurance ;Functional-Development & operation-Security Services-Vulnerability Management;Funct,2026-09-01,FY26,18.0
MATCHED,,T1,Position + Grade,1.0,2.0,0.0,Position + Grade; available 2026-07-01 <= start 2026-09-01 (idle 2m); grade 7 vs 7,PROJ-00011160,QL-0000006347,HOME TEAM SCIENCE AND TECHNOLOGY AGENCY,[ATFM] xEDI Operation for HTX,Generic Resource 7,Network Lead,Network Engineer L2,rule,MAPPED - level inferred from grade,,7.0,NETWORK,ITIL 4 Foundation Certificate in IT Service Management;Technical-Network-Network Security-Impreva WAF;Technical-Network-Network Security-Proxy Server;Technical-,2026-06-01,2026-07-01,FY26,CONFIRMED_END,Available now,18.5,PROJ-00011160,QL-0000006347,HOME TEAM SCIENCE AND TECHNOLOGY AGENCY,[ATFM] xEDI Operation for HTX,Network Engineer,Network Engineer L2,rule,MAPPED - level inferred from grade,,7.0,NETWORK,,2026-09-01,FY26,18.0
MATCHED,,T1,Position + Grade,1.0,2.0,0.0,Position + Grade; available 2026-07-01 <= start 2026-09-01 (idle 2m); grade 7 vs 7,PROJ-00009588,QL-0000005501,TOTE BOARD,Opportunity [ATFM] Procurement of PSS for Data Transfer/Data Lake project - TFM,Generic Resource 7,Cloud Engineer - PSS,Cloud Engineer L2,rule,MAPPED - level inferred from grade,,7.0,CLOUD,Cloud Engineer,2026-06-01,2026-07-01,FY26,CONFIRMED_END,Available now,18.0,PROJ-00010763,QL-0000006003,INSTITUTE OF TECHNICAL EDUCATION,[ATFM] Year 8 Renewal - ITE,Cloud Linux L2,Cloud Engineer L2,rule,MAPPED,,7.0,CLOUD,,2026-09-01,FY26,18.0
MATCHED,,T1,Position + Grade,1.0,3.0,0.0,Position + Grade; available 2026-06-01 <= start 2026-09-01 (idle 3m); grade 8 vs 8,PROJ-00010706,QL-0000005971,OSSC,[ATFM] Year 8 Renewal - Judiciary,Generic Resource 8,07. ATFM Service Delivery Lead (SDL),SDM,rule,MAPPED,,8.0,SERVICE_MGMT,,2026-05-01,2026-06-01,FY26,CONFIRMED_END,Available now,18.0,PROJ-00010706,QL-0000005971,OSSC,[ATFM] Year 8 Renewal - Judiciary,04. Cloud Technical Manager - (HRC - 20251007001) - Sridhar,SDM,rule,MAPPED,,8.0,SERVICE_MGMT,,2026-09-01,FY26,18.0
MATCHED,,T1,Position + Grade,0.4,3.0,0.0,Position + Grade; available 2026-06-01 <= start 2026-09-01 (idle 3m); grade 7 vs 7,PROJ-00010732,QL-0000005348,LAND TRANSPORT AUTHORITY OF SINGAPORE,[ATFM] Year 8 Renewal [CV] LTA (Time Based),Generic Resource 7,DBA Backfill,DBA L2,rule,MAPPED - level inferred from grade,,7.0,DATABASE,Technical-Data Center Management-Database Management-MS SQL Administration;Technical-Digital Workplace-Persona based config & Experience-Batch / CMD Scripting;T,2026-05-01,2026-06-01,FY26,CONFIRMED_END,Available now,0.5,PROJ-00010674,QL-0000006001,MINISTRY OF SUSTAINABILITY AND THE ENVIRONMENT,[ATFM] Year 8 Renewal - MSE,Database Engineer [HQ ADDN],DBA L2,rule,MAPPED - level inferred from grade,,7.0,DATABASE,Technical-Data Management-Data Visualization-Power BI;Azure Database Administrator Associate;Power BI Data Analyst Associate;Technical-Cloud-Cloud DB-SQL Server,2026-09-01,FY26,4.5
MATCHED,,T1,Position + Grade,0.66,3.0,0.0,Position + Grade; available 2026-06-01 <= start 2026-09-01 (idle 3m); grade 7 vs 7,PROJ-00010628,QL-0000005885,"MINISTRY OF CULTURE, COMMUNITY AND YOUTH",[ATFM] Year 8 Renewal - MCCY - TFM,Generic Resource 7,Day 1 Cloud Engineer,Cloud Engineer L2,rule,MAPPED - level inferred from grade,,7.0,CLOUD,Solutions Architect Professional;AWS Certified Solutions Architect – Associate;Technical-Cloud-Databases-AWS RDS;Technical-Cloud-Cloud Technical Architecture-Pu,2026-05-01,2026-06-01,FY26,CONFIRMED_END,Available now,18.0,PROJ-00010633,QL-0000005960,VITAL.ORG,[ATFM] Year 8 Renewal - Vital,Day 1 Cloud Engineer,Cloud Engineer L2,rule,MAPPED - level inferred from grade,,7.0,CLOUD,Certified Kubernetes Administrator;Security Specialty;Solutions Architect Professional;ITIL 3 Foundation;Technical-Cloud-Cloud operation-Secret Management - AWS,2026-09-01,FY26,18.0
MATCHED,,T1,Position + Grade,0.14,3.0,0.0,Position + Grade; available 2026-06-01 <= start 2026-09-01 (idle 3m); grade 7 vs 7,PROJ-00010732,QL-0000005348,LAND TRANSPORT AUTHORITY OF SINGAPORE,[ATFM] Year 8 Renewal [CV] LTA (Time Based),Generic Resource 7,Linux/Storage/Backup Engineer,Server Engineer L2,rule,MAPPED - level inferred from grade,,7.0,DATABASE,Oracle Cloud Infrastructure 2022 Foundations Associate;Sun Certified System Administrator (SCSA);HP Certified System Administrator for HP-UX;BMC Certified Assoc,2026-05-01,2026-06-01,FY26,CONFIRMED_END,Available now,18.0,PROJ-00009735,QL-0000005603,TOTE BOARD,[ATFM] Year 8 Renewal - ToteBoard - AFM,Wintel/ Unix L2 - BAU [AFM],Server Engineer L2,rule,MAPPED,,7.0,CLOUD,Technical-Cloud-Cloud Administration-AWS-Migration;Technical-Cloud-Cloud Administration-AWS-Administration;Functional-Personal and interpersonal skills-Communic,2026-09-01,FY26,18.0
MATCHED,,T1,Position + Grade,1.0,3.0,0.0,Position + Grade; available 2026-06-01 <= start 2026-09-01 (idle 3m); grade 7 vs 7,PROJ-00001918,,,ATFM Back End Support,Generic Resource 7,IT Security Officer,IT Security Officer,mapping_sheet,MAPPED,,7.0,SECURITY,Technical-Cybersecurity-Information Protection & Data Security-TrendMicro DLP;Technical-Cybersecurity-Information Protection & Data Security-Data Discovery and ,2026-05-01,2026-06-01,FY26,CONFIRMED_END,Available now,18.0,PROJ-00011247,QL-0000005605,"AGENCY FOR SCIENCE, TECHNOLOGY AND RESEARCH",[Non-ATFM] : T/ITSS/11/FY25 - IMPLEMENTATION OF INTEGRATED IT END-USER SUPPORT SERVICES FOR A*STAR,ISO Engineer,IT Security Officer,rule,MAPPED,,7.0,SECURITY,,2026-09-01,FY26,18.0
MATCHED,,T1,Position + Grade,1.0,0.0,0.0,Position + Grade; available 2026-10-01 <= start 2026-10-01 (idle 0m); grade 4 vs 4,PROJ-00007228,QL-0000003444,SINGAPORE POLICE FORCE,[ATFM] Year 8 Renewal [CV]_SPF,Generic 4,ITADMIN,DCOps,rule,MAPPED,,4.0,INFRA_OS,,2026-09-01,2026-10-01,FY26,CONFIRMED_END,Rolling off 0-6m,18.0,PROJ-00010784,QL-0000006135,MONETARY AUTHORITY OF SINGAPORE,MAS RAS Year8 FY26,DC Ops - Jaylord,DCOps,rule,MAPPED,,4.0,INFRA_OS,,2026-10-01,FY26,18.0
MATCHED,,T1,Position + Grade,1.0,0.0,0.0,Position + Grade; available 2026-10-01 <= start 2026-10-01 (idle 0m); grade 7 vs 7,PROJ-00010868,QL-0000006172,HOME TEAM SCIENCE AND TECHNOLOGY AGENCY,[Non-ATFM] MESP - NextCloud POC,Generic Resource 7,System Engineer,Server Engineer L2,rule,MAPPED - level inferred from grade,,7.0,INFRA_OS,,2026-09-01,2026-10-01,FY26,CONFIRMED_END,Rolling off 0-6m,13.0,PROJ-00010568,QL-0000005888,PARLIAMENT OF SINGAPORE,[ATFM] Year 8 Renewal - Parliament,09. ATFM Linux Engineer,Server Engineer L2,rule,MAPPED - level inferred from grade,,7.0,INFRA_OS,,2026-10-01,FY26,18.0
MATCHED,,T1,Position + Grade,1.0,0.0,0.0,Position + Grade; available 2026-10-01 <= start 2026-10-01 (idle 0m); grade 7 vs 7,PROJ-00010717,QL-0000006081,HEALTH PROMOTION BOARD,HPB Base Year8 FY26,Generic Resource 7,System Engineer - Vignesh,Server Engineer L2,rule,MAPPED - level inferred from grade,,7.0,INFRA_OS,,2026-09-01,2026-10-01,FY26,CONFIRMED_END,Rolling off 0-6m,1.8,PROJ-00010706,QL-0000005971,OSSC,[ATFM] Year 8 Renewal - Judiciary,31. ATFM State Courts/FJC Linux Engineer (HCR2026062601423)- Eureka,Server Engineer L2,rule,MAPPED - level inferred from grade,,7.0,INFRA_OS,,2026-10-01,FY26,18.0
MATCHED,,T1,Position + Grade,1.0,0.0,0.0,Position + Grade; available 2026-10-01 <= start 2026-10-01 (idle 0m); grade 8 vs 8,PROJ-00010732,QL-0000005348,LAND TRANSPORT AUTHORITY OF SINGAPORE,[ATFM] Year 8 Renewal [CV] LTA (Time Based),Generic Resource 8,"Service Delivery Manager [Paul Cheong, DOJ 1 Apr]",SDM,rule,MAPPED,,8.0,SERVICE_MGMT,,2026-09-01,2026-10-01,FY26,CONFIRMED_END,Rolling off 0-6m,5.0,PROJ-00010706,QL-0000005971,OSSC,[ATFM] Year 8 Renewal - Judiciary,07. ATFM Service Delivery Lead - (HCR2026041001040) - Yusuf Riyaz,SDM,rule,MAPPED,,8.0,SERVICE_MGMT,,2026-10-01,FY26,18.0
MATCHED,,T1,Position + Grade,1.0,0.0,0.0,Position + Grade; available 2026-10-01 <= start 2026-10-01 (idle 0m); grade 7 vs 7,PROJ-00010706,QL-0000005971,OSSC,[ATFM] Year 8 Renewal - Judiciary,Generic Resource 7,27. ATFM Linux Lead (HRC - 20260105003) - Kevin Dass,Server Engineer L2,rule,MAPPED - level inferred from grade,,7.0,INFRA_OS,,2026-09-01,2026-10-01,FY26,CONFIRMED_END,Rolling off 0-6m,18.0,PROJ-00010584,QL-0000005408,SINGAPORE FOOD AGENCY,[ATFM] Year 8 Renewal - SFA,Linux,Server Engineer L2,rule,MAPPED - level inferred from grade,,7.0,INFRA_OS,Technical-Infrastructure Management-Tools administration-Nagios;Technical-Data Center Management-Operating System-Solaris;Functional-Development & operation-App,2026-10-01,FY26,18.5
MATCHED,,T1,Position + Grade,0.0,0.0,0.0,Position + Grade; available 2026-10-01 <= start 2026-10-01 (idle 0m); grade 8 vs 8,PROJ-00010710,QL-0000006004,NATIONAL COUNCIL OF SOCIAL SERVICES,NCSS Base Year8 FY26,Generic Resource 8,Linux Engineer,Server Engineer L2,rule,MAPPED - level inferred from grade,,8.0,CLOUD,Terraform Associate;AWS Certified Solutions Architect – Associate;Red Hat Certified System Administrator (RHCSA);Oracle Cloud Infrastructure 2025 Certified Foun,2026-09-01,2026-10-01,FY26,CONFIRMED_END,Rolling off 0-6m,1.85,PROJ-00010706,QL-0000005971,OSSC,[ATFM] Year 8 Renewal - Judiciary,27. ATFM Linux Lead (HRC - 20251007001) - Vedarathinam Manikandakumar,Server Engineer L2,rule,MAPPED - level inferred from grade,,8.0,INFRA_OS,,2026-10-01,FY26,18.0
MATCHED,,T1,Position + Grade,0.0,0.0,0.0,Position + Grade; available 2026-10-01 <= start 2026-10-01 (idle 0m); grade 8 vs 8,PROJ-00001273,,HOME TEAM SCIENCE AND TECHNOLOGY AGENCY,[Non-ATFM] MHA HTSC NOC - Phase 2A,Generic Resource 8,Solution Arcihtect,Technical Architect,rule,MAPPED,,8.0,,,2026-09-01,2026-10-01,FY26,CONFIRMED_END,Rolling off 0-6m,3.0,PROJ-00012003,,NATIONAL ENVIRONMENT AGENCY,[Non-ATFM] BPO & AWS Connect,Solution Architect,Technical Architect,mapping_sheet,MAPPED,,8.0,,,2026-10-01,FY26,4.0
MATCHED,,T1,Position + Grade,0.0,0.0,0.0,Position + Grade; available 2026-10-01 <= start 2026-10-01 (idle 0m); grade 8 vs 8,PROJ-00001273,,HOME TEAM SCIENCE AND TECHNOLOGY AGENCY,[Non-ATFM] MHA HTSC NOC - Phase 2A,Generic Resource 8,Delivery Lead,SDM,rule,MAPPED,,8.0,NETWORK,Palo Alto Networks Certified Network Security Engineer (PCNSE);ITIL Foundation;Certified Generative AI Engineer Associate;Functional-Development & operation-Pro,2026-09-01,2026-10-01,FY26,CONFIRMED_END,Rolling off 0-6m,5.0,PROJ-00010706,QL-0000005971,OSSC,[ATFM] Year 8 Renewal - Judiciary,03. ATFM SDM (HCR2026083101662) - TBA,SDM,rule,MAPPED,,8.0,SERVICE_MGMT,SDM,2026-10-01,FY26,18.0
MATCHED,,T1,Position + Grade,1.0,0.0,0.0,Position + Grade; available 2026-10-01 <= start 2026-10-01 (idle 0m); grade 9 vs 9,PROJ-00011395,,BW DIGITAL PTE. LTD.,[Non ATFM] BWD ITSM/ITOM/AIOps at NDP1 [YR1 & YR2 Implement] + [YR1 to YR5 License + Maintenence] (Firm),Generic Resource 9,Solution Architect,Technical Architect,mapping_sheet,MAPPED,,9.0,INFRA_OS,Azure Administrator Associate;Functional-Development & operation-Procurement-Contract Management - SOW;Technical-Cloud-Cloud Administration-AWS-Administration;T,2026-09-01,2026-10-01,FY26,CONFIRMED_END,Rolling off 0-6m,3.0,PROJ-00012003,,NATIONAL ENVIRONMENT AGENCY,[Non-ATFM] BPO & AWS Connect,Solution Architect,Technical Architect,mapping_sheet,MAPPED,,9.0,INFRA_OS,Azure Administrator Associate;Functional-Development & operation-Procurement-Contract Management - SOW;Technical-Cloud-Cloud Administration-AWS-Administration;T,2026-10-01,FY26,5.0
MATCHED,,T1,Position + Grade,1.0,1.0,0.0,Position + Grade; available 2026-09-01 <= start 2026-10-01 (idle 1m); grade 3 vs 3,PROJ-00011210,QL-0000006339,"AGENCY FOR SCIENCE, TECHNOLOGY AND RESEARCH",[Non-ATFM]: WOA CV extension for 3 month,Generic Resource 3,Service Desk,Service Desk Agent,rule,MAPPED,,3.0,SERVICE_MGMT,,2026-08-01,2026-09-01,FY26,CONFIRMED_END,Available now,18.0,PROJ-00011247,QL-0000005605,"AGENCY FOR SCIENCE, TECHNOLOGY AND RESEARCH",[Non-ATFM] : T/ITSS/11/FY25 - IMPLEMENTATION OF INTEGRATED IT END-USER SUPPORT SERVICES FOR A*STAR,Service Desk,Service Desk Agent,rule,MAPPED,,3.0,SERVICE_MGMT,,2026-10-01,FY26,18.0
MATCHED,,T1,Position + Grade,1.0,1.0,0.0,Position + Grade; available 2026-09-01 <= start 2026-10-01 (idle 1m); grade 8 vs 8,PROJ-00011210,QL-0000006339,"AGENCY FOR SCIENCE, TECHNOLOGY AND RESEARCH",[Non-ATFM]: WOA CV extension for 3 month,Generic Resource 8,SDD,SDD,rule,MAPPED,,8.0,PROJECT_MGMT,,2026-08-01,2026-09-01,FY26,CONFIRMED_END,Available now,13.0,PROJ-00010568,QL-0000005888,PARLIAMENT OF SINGAPORE,[ATFM] Year 8 Renewal - Parliament,01. ATFM SDD (HRC - 20251008001) - TBA,SDD,rule,MAPPED,,8.0,PROJECT_MGMT,Operations,2026-10-01,FY26,4.5
MATCHED,,T1,Position + Grade,1.0,1.0,0.0,Position + Grade; available 2026-09-01 <= start 2026-10-01 (idle 1m); grade 3 vs 3,PROJ-00011210,QL-0000006339,"AGENCY FOR SCIENCE, TECHNOLOGY AND RESEARCH",[Non-ATFM]: WOA CV extension for 3 month,Generic Resource 3,IT ADMIN,DCOps,rule,MAPPED,,3.0,INFRA_OS,,2026-08-01,2026-09-01,FY26,CONFIRMED_END,Available now,18.0,PROJ-00010718,QL-0000005676,MONETARY AUTHORITY OF SINGAPORE,MAS Onboarding Services Year8 FY26,IT ADMIN - Inshah,DCOps,rule,MAPPED,,3.0,INFRA_OS,,2026-10-01,FY26,4.5
MATCHED,,T1,Position + Grade,1.0,1.0,0.0,Position + Grade; available 2026-09-01 <= start 2026-10-01 (idle 1m); grade 6 vs 6,PROJ-00007228,QL-0000003444,SINGAPORE POLICE FORCE,[ATFM] Year 8 Renewal [CV]_SPF,Generic Resource 6,Wintel Engineer,Server Engineer L1,rule,MAPPED - level inferred from grade,,6.0,INFRA_OS,VMware vSphere 6.x Foundations;Technical-Data Center Management-AD Administration-MS Active Directory;Technical-Data Center Management-Server Management-Vcenter,2026-08-01,2026-09-01,FY26,CONFIRMED_END,Available now,10.0,PROJ-00007228,QL-0000003444,SINGAPORE POLICE FORCE,[ATFM] Year 8 Renewal [CV]_SPF,Unix Engineer - Edi Waluja,Server Engineer L1,rule,MAPPED - level inferred from grade,,6.0,INFRA_OS,,2026-10-01,FY26,18.0
MATCHED,,T1,Position + Grade,0.0,1.0,0.0,Position + Grade; available 2026-09-01 <= start 2026-10-01 (idle 1m); grade 7 vs 7,PROJ-00011519,QL-0000006614,MINISTRY OF TRADE AND INDUSTRY,[ATFM] Additional PSS works & System Restoration project,Generic Resource 7,SDM,SDM,rule,MAPPED,,7.0,DATABASE,Technical-Oracle-Oracle Products-Oracle Real Application Cluster (RAC);Technical-Cloud-Cloud DB-SQL Server Operation;Technical-Cloud-Cloud DB-Hadoop Operation;T,2026-08-01,2026-09-01,FY26,CONFIRMED_END,Available now,0.01,PROJ-00010568,QL-0000005888,PARLIAMENT OF SINGAPORE,[ATFM] Year 8 Renewal - Parliament,03. ATFM Service Delivery Lead (SDL) (HCR2026041001039),SDM,rule,MAPPED,,7.0,SERVICE_MGMT,Operations,2026-10-01,FY26,18.0
MATCHED,,T1,Position + Grade,0.07,1.0,0.0,Position + Grade; available 2026-09-01 <= start 2026-10-01 (idle 1m); grade 8 vs 8,PROJ-00011519,QL-0000006614,MINISTRY OF TRADE AND INDUSTRY,[ATFM] Additional PSS works & System Restoration project,Generic Resource 8,DBA,DBA L2,rule,MAPPED - level inferred from grade,,8.0,DATABASE,Technical-Data Management-Database Design & Development-ER Design;Technical-Cloud-Databases-Azure SQL DB;Technical-Infrastructure Management-Technical Support-D,2026-08-01,2026-09-01,FY26,CONFIRMED_END,Available now,0.01,PROJ-00010706,QL-0000005971,OSSC,[ATFM] Year 8 Renewal - Judiciary,48. ATFM DBA Cloud Engineer (HRC - 20260313003),DBA L2,rule,MAPPED - level inferred from grade,,8.0,DATABASE,"AWS, Cloud, Oracle, SQL",2026-10-01,FY26,18.0
MATCHED,,T1,Position + Grade,0.11,1.0,0.0,Position + Grade; available 2026-09-01 <= start 2026-10-01 (idle 1m); grade 7 vs 7,PROJ-00010775,QL-0000005887,MINISTRY OF TRADE AND INDUSTRY,[ATFM] Year 8 Renewal - MTI,Generic Resource 7,Cloud Wintel L2 - (On-prem + GCC),Cloud Engineer L2,rule,MAPPED,,7.0,CLOUD,Technical-Cloud-Cloud Administration-AWS-Migration;Technical-Cloud-Cloud Administration-AWS-Administration;Functional-Personal and interpersonal skills-Communic,2026-08-01,2026-09-01,FY26,CONFIRMED_END,Available now,18.0,PROJ-00010706,QL-0000005971,OSSC,[ATFM] Year 8 Renewal - Judiciary,47. TFM Cloud Engineer (HRC - 20260313013),Cloud Engineer L2,rule,MAPPED - level inferred from grade,,7.0,CLOUD,AWS,2026-10-01,FY26,18.0
MATCHED,,T1,Position + Grade,0.0,1.0,0.0,Position + Grade; available 2026-09-01 <= start 2026-10-01 (idle 1m); grade 7 vs 7,PROJ-00011210,QL-0000006339,"AGENCY FOR SCIENCE, TECHNOLOGY AND RESEARCH",[Non-ATFM]: WOA CV extension for 3 month,Generic Resource 7,SDM,SDM,rule,MAPPED,,7.0,WORKPLACE,Technical-Infrastructure Management-Asset Management-Asset Management;ITIL Foundation;Technical-Infrastructure Management-End User Support-Technical Support;Tec,2026-08-01,2026-09-01,FY26,CONFIRMED_END,Available now,18.0,PROJ-00010706,QL-0000005971,OSSC,[ATFM] Year 8 Renewal - Judiciary,02. ATFM SDM (HRC - 20260223002) - Abdul Aliff,SDM,rule,MAPPED,,7.0,SERVICE_MGMT,,2026-10-01,FY26,18.0
MATCHED,,T1,Position + Grade,1.0,2.0,0.0,Position + Grade; available 2026-08-01 <= start 2026-10-01 (idle 2m); grade 7 vs 7,PROJ-00010628,QL-0000005885,"MINISTRY OF CULTURE, COMMUNITY AND YOUTH",[ATFM] Year 8 Renewal - MCCY - TFM,Generic Resource 7,Day 1 Cloud Engineer,Cloud Engineer L2,rule,MAPPED - level inferred from grade,,7.0,CLOUD,,2026-07-01,2026-08-01,FY26,CONFIRMED_END,Available now,18.0,PROJ-00010706,QL-0000005971,OSSC,[ATFM] Year 8 Renewal - Judiciary,45. TFM Cloud Engineer (HRC - 20260313011),Cloud Engineer L2,rule,MAPPED - level inferred from grade,,7.0,CLOUD,AWS,2026-10-01,FY26,18.0
MATCHED,,T1,Position + Grade,1.0,2.0,0.0,Position + Grade; available 2026-08-01 <= start 2026-10-01 (idle 2m); grade 6 vs 6,PROJ-00007228,QL-0000003444,SINGAPORE POLICE FORCE,[ATFM] Year 8 Renewal [CV]_SPF,Generic Resource 6,Wintel L1 - 3. Lexx,Server Engineer L1,rule,MAPPED,,6.0,INFRA_OS,,2026-07-01,2026-08-01,FY26,CONFIRMED_END,Available now,18.0,PROJ-00007228,QL-0000003444,SINGAPORE POLICE FORCE,[ATFM] Year 8 Renewal [CV]_SPF,Wintel Engineer - Janzen,Server Engineer L1,rule,MAPPED - level inferred from grade,,6.0,INFRA_OS,,2026-10-01,FY26,18.0
MATCHED,,T1,Position + Grade,0.36,3.0,0.0,Position + Grade; available 2026-07-01 <= start 2026-10-01 (idle 3m); grade 7 vs 7,PROJ-00010706,QL-0000005971,OSSC,[ATFM] Year 8 Renewal - Judiciary,Generic Resource 7,02. ATFM SDM,SDM,rule,MAPPED,,7.0,PROJECT_MGMT,Functional-Language skills-Understand & Speak-Chinese;Functional-Language skills-Read-Chinese;Functional-Language skills-Read-Cantonese;Functional-Development &,2026-06-01,2026-07-01,FY26,CONFIRMED_END,Available now,18.0,PROJ-00007227,QL-0000003447,HOME TEAM ACADEMY,[ATFM] Year 8 Renewal [CV]_HTA,SDM,SDM,rule,MAPPED,,7.0,INFRA_OS,Technical-Data Center operation-Capacity Management-Space/Power/Cooling Optimization;Technical-Data Center operation-Capacity Management-Space/Power/Cooling Uti,2026-10-01,FY26,18.0
MATCHED,,T1,Position + Grade,0.19,3.0,0.0,Position + Grade; available 2026-07-01 <= start 2026-10-01 (idle 3m); grade 7 vs 7,PROJ-00010674,QL-0000006001,MINISTRY OF SUSTAINABILITY AND THE ENVIRONMENT,[ATFM] Year 8 Renewal - MSE,Generic Resource 7,Cloud Engineer [HQ ADDN],Cloud Engineer L2,rule,MAPPED - level inferred from grade,,7.0,CLOUD,Technical-Cloud-Public Cloud Management-AWS Operation Management,2026-06-01,2026-07-01,FY26,CONFIRMED_END,Available now,9.0,PROJ-00010706,QL-0000005971,OSSC,[ATFM] Year 8 Renewal - Judiciary,44. TFM Cloud Engineer (HRC - 20260313010),Cloud Engineer L2,rule,MAPPED - level inferred from grade,,7.0,CLOUD,AWS,2026-10-01,FY26,18.0
MATCHED,,T1,Position + Grade,0.09,3.0,0.0,Position + Grade; available 2026-07-01 <= start 2026-10-01 (idle 3m); grade 7 vs 7,PROJ-00010732,QL-0000005348,LAND TRANSPORT AUTHORITY OF SINGAPORE,[ATFM] Year 8 Renewal [CV] LTA (Time Based),Generic Resource 7,Cloud Engineer,Cloud Engineer L2,rule,MAPPED - level inferred from grade,,7.0,CLOUD,Azure Administrator Associate;AWS Certified Solutions Architect – Associate;Technical-Cloud-Cloud Administration-AWS-Administration;Technical-Network-Network Se,2026-06-01,2026-07-01,FY26,CONFIRMED_END,Available now,6.0,PROJ-00010706,QL-0000005971,OSSC,[ATFM] Year 8 Renewal - Judiciary,42. TFM Cloud Engineer (HRC - 20260313009),Cloud Engineer L2,rule,MAPPED - level inferred from grade,,7.0,CLOUD,AWS,2026-10-01,FY26,18.0
MATCHED,,T1,Position + Grade,0.19,3.0,0.0,Position + Grade; available 2026-07-01 <= start 2026-10-01 (idle 3m); grade 7 vs 7,PROJ-00001918,,,ATFM Back End Support,Generic Resource 7,Cloud Engineer,Cloud Engineer L2,rule,MAPPED - level inferred from grade,,7.0,CLOUD,AWS Certified Solutions Architect – Associate;Technical-Cloud-Cloud operation-Secret Management - AWS Secrets Manager;Technical-Cloud-Cloud Administration-Azure,2026-06-01,2026-07-01,FY26,CONFIRMED_END,Available now,2.0,PROJ-00010706,QL-0000005971,OSSC,[ATFM] Year 8 Renewal - Judiciary,46. TFM Cloud Engineer (HRC - 20260313012),Cloud Engineer L2,rule,MAPPED - level inferred from grade,,7.0,CLOUD,AWS,2026-10-01,FY26,18.0
MATCHED,,T1,Position + Grade,0.14,3.0,0.0,Position + Grade; available 2026-07-01 <= start 2026-10-01 (idle 3m); grade 8 vs 8,PROJ-00010698,QL-0000005481,ENERGY MARKET AUTHORITY,[ATFM] Year 8 Renewal [CV]_EMA,Generic Resource 8,SDD,SDD,rule,MAPPED,,8.0,CLOUD,ITIL 4 Foundation Certificate in IT Service Management;AWS Certified Solutions Architect – Associate;Cloud Practitioner;Project Management Professional (PMP),2026-06-01,2026-07-01,FY26,CONFIRMED_END,Available now,1.0,PROJ-00010706,QL-0000005971,OSSC,[ATFM] Year 8 Renewal - Judiciary,01. ATFM SDD (HRC - 20251008001) - TBA,SDD,rule,MAPPED,,8.0,CLOUD,AWS,2026-10-01,FY26,1.8
MATCHED,,T1,Position + Grade,0.0,3.0,0.0,Position + Grade; available 2026-07-01 <= start 2026-10-01 (idle 3m); grade 7 vs 7,PROJ-00009588,QL-0000005501,TOTE BOARD,Opportunity [ATFM] Procurement of PSS for Data Transfer/Data Lake project - TFM,Generic Resource 7,Cloud Engineer - PSS - (1),Cloud Engineer L2,rule,MAPPED - level inferred from grade,,7.0,CLOUD,Cloud Engineer,2026-06-01,2026-07-01,FY26,CONFIRMED_END,Available now,5.0,PROJ-00010706,QL-0000005971,OSSC,[ATFM] Year 8 Renewal - Judiciary,28. Linux Cloud Engineer  - HCR2026072701517 - Satham Hussain Mustak Ahamed,Cloud Engineer L2,rule,MAPPED - level inferred from grade,,7.0,CLOUD,"AWS, IaC, Linux",2026-10-01,FY26,18.0
MATCHED,,T1,Position + Grade,1.0,4.0,0.0,Position + Grade; available 2026-06-01 <= start 2026-10-01 (idle 4m); grade 7 vs 7,PROJ-00010698,QL-0000005481,ENERGY MARKET AUTHORITY,[ATFM] Year 8 Renewal [CV]_EMA,Generic Resource 7,Cloud Engineer,Cloud Engineer L2,rule,MAPPED - level inferred from grade,,7.0,CLOUD,,2026-05-01,2026-06-01,FY26,CONFIRMED_END,Available now,18.0,PROJ-00010706,QL-0000005971,OSSC,[ATFM] Year 8 Renewal - Judiciary,43. TFM Cloud Engineer (HRC - 20260313005) - Sakinah,Cloud Engineer L2,rule,MAPPED - level inferred from grade,,7.0,CLOUD,AWS,2026-10-01,FY26,18.0
MATCHED,,T1,Position + Grade,0.01,4.0,0.0,Position + Grade; available 2026-06-01 <= start 2026-10-01 (idle 4m); grade 8 vs 8,PRJFF4702ED,,"AGENCY FOR SCIENCE, TECHNOLOGY AND RESEARCH","OECM2211009_WC_a - IT Service Desk (Helpdesk, Desktop Support and Services)_Base",Generic Resource 8,Operation Manager,SDM,mapping_sheet,MAPPED,,8.0,PROJECT_MGMT,SysOps Administrator Associate;Functional-Personal and interpersonal skills-Critical thinking-Asking questions;Functional-Development & operation-Service Manage,2026-05-01,2026-06-01,FY26,CONFIRMED_END,Available now,18.0,PROJ-00010706,QL-0000005971,OSSC,[ATFM] Year 8 Renewal - Judiciary,08. ATFM Service Delivery Lead (SDL) HRC - 20260313003 - TBA,SDM,rule,MAPPED,,8.0,CLOUD,AWS,2026-10-01,FY26,18.0
MATCHED,,T1,Position + Grade,0.11,4.0,0.0,Position + Grade; available 2026-06-01 <= start 2026-10-01 (idle 4m); grade 7 vs 7,PROJ-00008783,,HOME TEAM SCIENCE AND TECHNOLOGY AGENCY,[ATFM] xEDI Operation for HTX - Non WOG,Generic Resource 7,System Engineer,Server Engineer L2,rule,MAPPED - level inferred from grade,,7.0,SECURITY,ITIL Foundation Certificate in IT Service Management;Certified Security Analyst Certification;IT Certification(WDA)Support & Maintain IT infrastructure;Certifie,2026-05-01,2026-06-01,FY26,CONFIRMED_END,Available now,18.0,PROJ-00010698,QL-0000005481,ENERGY MARKET AUTHORITY,[ATFM] Year 8 Renewal [CV]_EMA,Linux Engineer,Server Engineer L2,rule,MAPPED - level inferred from grade,,7.0,CLOUD,Technical-Cybersecurity-Application Security -Microsoft Azure Web Application Firewall (WAF);Technical-Cybersecurity-Application Security -Microsoft Azure Appli,2026-10-01,FY26,18.0
MATCHED,,T1,Position + Grade,1.0,0.0,0.0,Position + Grade; available 2026-11-01 <= start 2026-11-01 (idle 0m); grade 7 vs 7,PROJ-00011785,QL-0000006641,SINGAPORE POLICE FORCE,[ATFM] SEMS2 - Windows upgrade for 8 servers,Generic Resource 7,DBA,DBA L2,rule,MAPPED - level inferred from grade,,7.0,DATABASE,DBA,2026-10-01,2026-11-01,FY26,CONFIRMED_END,Rolling off 0-6m,4.0,PROJ-00011786,QL-0000006987,SINGAPORE POLICE FORCE,[ATFM] eGIS ONE OS Migration/Upgrade,DBA,DBA L2,rule,MAPPED - level inferred from grade,,7.0,DATABASE,DBA,2026-11-01,FY26,18.0
MATCHED,,T1,Position + Grade,1.0,4.0,0.0,Position + Grade; available 2026-07-01 <= start 2026-11-01 (idle 4m); grade 7 vs 7,PROJ-00007232,QL-0000003445,SINGAPORE CIVIL DEFENCE FORCE,SCDF Base Year8 FY26,Generic Resource 7,Wintel Engineer,Server Engineer L2,rule,MAPPED - level inferred from grade,,7.0,INFRA_OS,,2026-06-01,2026-07-01,FY26,CONFIRMED_END,Available now,5.0,PROJ-00011786,QL-0000006987,SINGAPORE POLICE FORCE,[ATFM] eGIS ONE OS Migration/Upgrade,Server Engineer - 2,Server Engineer L2,rule,MAPPED - level inferred from grade,,7.0,INFRA_OS,Server Engineer,2026-11-01,FY26,18.0
MATCHED,,T1,Position + Grade,1.0,4.0,0.0,Position + Grade; available 2026-07-01 <= start 2026-11-01 (idle 4m); grade 7 vs 7,PROJ-00006699,QL-0000003052,HOME TEAM SCIENCE AND TECHNOLOGY AGENCY,[Non-ATFM] MHA SFTP Data Exchange - Mandatory Base,Generic Resource 7,Server Engineer,Server Engineer L2,rule,MAPPED - level inferred from grade,,7.0,INFRA_OS,,2026-06-01,2026-07-01,FY26,CONFIRMED_END,Available now,9.0,PROJ-00011786,QL-0000006987,SINGAPORE POLICE FORCE,[ATFM] eGIS ONE OS Migration/Upgrade,Server Engineer,Server Engineer L2,rule,MAPPED - level inferred from grade,,7.0,INFRA_OS,Server Engineer,2026-11-01,FY26,18.0
MATCHED,,T1,Position + Grade,1.0,4.0,0.0,Position + Grade; available 2026-07-01 <= start 2026-11-01 (idle 4m); grade 7 vs 7,PROJ-00010706,QL-0000005971,OSSC,[ATFM] Year 8 Renewal - Judiciary,Generic Resource 7,39. TFM State Courts Wintel Engineer - RESIGNED,Server Engineer L2,rule,MAPPED - level inferred from grade,,7.0,INFRA_OS,,2026-06-01,2026-07-01,FY26,CONFIRMED_END,Available now,18.0,PROJ-00011786,QL-0000006987,SINGAPORE POLICE FORCE,[ATFM] eGIS ONE OS Migration/Upgrade,Server Engineer - 1,Server Engineer L2,rule,MAPPED - level inferred from grade,,7.0,INFRA_OS,Server Engineer,2026-11-01,FY26,18.0
MATCHED,,T1,Position + Grade,1.0,0.0,0.0,Position + Grade; available 2027-01-01 <= start 2027-01-01 (idle 0m); grade 7 vs 7,PROJ-00010628,QL-0000005885,"MINISTRY OF CULTURE, COMMUNITY AND YOUTH",[ATFM] Year 8 Renewal - MCCY - TFM,Generic Resource 7,Cloud Engineer L3,Cloud Engineer L3,rule,MAPPED - level kept from name (not in Standard Role sheet),,7.0,CLOUD,,2026-12-01,2027-01-01,FY26,CONFIRMED_END,Rolling off 0-6m,18.0,PROJ-00009701,QL-0000005316,URBAN REDEVELOPMENT AUTHORITY,[ATFM] Year 8 Renewal [CV]_URA,Cloud Wintel Engineer L3,Cloud Engineer L3,rule,MAPPED - level kept from name (not in Standard Role sheet),,7.0,CLOUD,,2027-01-01,FY26,18.0
MATCHED,,T1,Position + Grade,1.0,0.0,0.0,Position + Grade; available 2027-01-01 <= start 2027-01-01 (idle 0m); grade 7 vs 7,PROJ-00010628,QL-0000005885,"MINISTRY OF CULTURE, COMMUNITY AND YOUTH",[ATFM] Year 8 Renewal - MCCY - TFM,Generic Resource 7,Cloud Wintel Engineer L3,Cloud Engineer L3,rule,MAPPED - level kept from name (not in Standard Role sheet),,7.0,CLOUD,,2026-12-01,2027-01-01,FY26,CONFIRMED_END,Rolling off 0-6m,18.0,PROJ-00009701,QL-0000005316,URBAN REDEVELOPMENT AUTHORITY,[ATFM] Year 8 Renewal [CV]_URA,Cloud Engineer L3,Cloud Engineer L3,rule,MAPPED - level kept from name (not in Standard Role sheet),,7.0,CLOUD,Azure Administrator Associate;Azure Solutions Architect Expert,2027-01-01,FY26,18.0
MATCHED,,T1,Position + Grade,1.0,0.0,0.0,Position + Grade; available 2027-01-01 <= start 2027-01-01 (idle 0m); grade 8 vs 8,PROJ-00011057,QL-0000006267,LAND TRANSPORT AUTHORITY OF SINGAPORE,[ATFM] Additional PSS for ITSO (1 Jul 2026 - 31 Mar 2027),Generic Resource 8,Operation Manager,SDM,mapping_sheet,MAPPED,,8.0,SERVICE_MGMT,Functional-Delivery Management-Business operation-Operations and workflow management,2026-12-01,2027-01-01,FY26,CONFIRMED_END,Rolling off 0-6m,18.0,PROJ-00010741,QL-0000005886,MARITIME AND PORT AUTHORITY OF SINGAPORE,[ATFM] Year 8 Renewal - MPA - AFM,Operation Manager,SDM,mapping_sheet,MAPPED,,8.0,SERVICE_MGMT,Functional-Delivery Management-Business operation-Operations and workflow management,2027-01-01,FY26,18.0
MATCHED,,T1,Position + Grade,1.0,1.0,0.0,Position + Grade; available 2027-04-01 <= start 2027-05-01 (idle 1m); grade 4 vs 4,PROJ-00011247,QL-0000005605,"AGENCY FOR SCIENCE, TECHNOLOGY AND RESEARCH",[Non-ATFM] : T/ITSS/11/FY25 - IMPLEMENTATION OF INTEGRATED IT END-USER SUPPORT SERVICES FOR A*STAR,Generic 4,IT Security Officer,IT Security Officer,mapping_sheet,MAPPED,,4.0,SECURITY,,2027-03-01,2027-04-01,FY27,FY_END_PLAN,Rolling off 7-12m,18.0,PROJ-00011247,QL-0000005605,"AGENCY FOR SCIENCE, TECHNOLOGY AND RESEARCH",[Non-ATFM] : T/ITSS/11/FY25 - IMPLEMENTATION OF INTEGRATED IT END-USER SUPPORT SERVICES FOR A*STAR,SITO/ ISO Engineer -2,IT Security Officer,rule,MAPPED,,4.0,SECURITY,SITO/ ISO Engineer,2027-05-01,FY27,18.0
MATCHED,,T1,Position + Grade,1.0,1.0,0.0,Position + Grade; available 2027-04-01 <= start 2027-05-01 (idle 1m); grade 4 vs 4,PROJ-00011247,QL-0000005605,"AGENCY FOR SCIENCE, TECHNOLOGY AND RESEARCH",[Non-ATFM] : T/ITSS/11/FY25 - IMPLEMENTATION OF INTEGRATED IT END-USER SUPPORT SERVICES FOR A*STAR,Generic 4,SITO,IT Security Officer,rule,MAPPED,,4.0,SECURITY,,2027-03-01,2027-04-01,FY27,FY_END_PLAN,Rolling off 7-12m,18.0,PROJ-00011247,QL-0000005605,"AGENCY FOR SCIENCE, TECHNOLOGY AND RESEARCH",[Non-ATFM] : T/ITSS/11/FY25 - IMPLEMENTATION OF INTEGRATED IT END-USER SUPPORT SERVICES FOR A*STAR,SITO/ ISO Engineer - 1,IT Security Officer,rule,MAPPED,,4.0,SECURITY,SITO/ ISO Engineer,2027-05-01,FY27,18.0
MATCHED,,T1,Position + Grade,1.0,1.0,0.0,Position + Grade; available 2027-04-01 <= start 2027-05-01 (idle 1m); grade 6 vs 6,PROJ-00007233,QL-0000003425,IMMIGRATION & CHECKPOINTS AUTHORITY,[ATFM] Year 8 Renewal [CV]_ICA,Generic Resource 6,Wintel System Engineer,Server Engineer L1,rule,MAPPED - level inferred from grade,,6.0,INFRA_OS,,2027-03-01,2027-04-01,FY27,FY_END_PLAN,Rolling off 7-12m,18.0,PROJ-00006699,QL-0000003052,HOME TEAM SCIENCE AND TECHNOLOGY AGENCY,[Non-ATFM] MHA SFTP Data Exchange - Mandatory Base,Server Engineer,Server Engineer L1,rule,MAPPED - level inferred from grade,,6.0,INFRA_OS,Server Management,2027-05-01,FY27,18.0
MATCHED,,T1,Position + Grade,1.0,1.0,0.0,Position + Grade; available 2027-04-01 <= start 2027-05-01 (idle 1m); grade 5 vs 5,PROJ-00006699,QL-0000003052,HOME TEAM SCIENCE AND TECHNOLOGY AGENCY,[Non-ATFM] MHA SFTP Data Exchange - Mandatory Base,Generic Resource 5,System Engineer,Server Engineer L1,rule,MAPPED - level inferred from grade,,5.0,INFRA_OS,,2027-03-01,2027-04-01,FY27,FY_END_PLAN,Rolling off 7-12m,18.0,PROJ-00006699,QL-0000003052,HOME TEAM SCIENCE AND TECHNOLOGY AGENCY,[Non-ATFM] MHA SFTP Data Exchange - Mandatory Base,Server Engineer,Server Engineer L1,rule,MAPPED - level inferred from grade,,5.0,INFRA_OS,Server Management,2027-05-01,FY27,18.0
MATCHED,,T1,Position + Grade,1.0,1.0,0.0,Position + Grade; available 2027-04-01 <= start 2027-05-01 (idle 1m); grade 3 vs 3,PROJ-00001918,,,ATFM Back End Support,Generic Resource 3,Response Centre Engineer,Service Desk Agent,rule,MAPPED,,3.0,SERVICE_MGMT,,2027-03-01,2027-04-01,FY27,FY_END_PLAN,Rolling off 7-12m,18.0,PROJ-00011247,QL-0000005605,"AGENCY FOR SCIENCE, TECHNOLOGY AND RESEARCH",[Non-ATFM] : T/ITSS/11/FY25 - IMPLEMENTATION OF INTEGRATED IT END-USER SUPPORT SERVICES FOR A*STAR,Service Desk L1 - 4,Service Desk Agent,rule,MAPPED,,3.0,SERVICE_MGMT,,2027-05-01,FY27,18.0
MATCHED,,T1,Position + Grade,1.0,1.0,0.0,Position + Grade; available 2027-04-01 <= start 2027-05-01 (idle 1m); grade 3 vs 3,PROJ-00001918,,,ATFM Back End Support,Generic Resource 3,Response Centre Engineer,Service Desk Agent,rule,MAPPED,,3.0,SERVICE_MGMT,,2027-03-01,2027-04-01,FY27,FY_END_PLAN,Rolling off 7-12m,18.0,PROJ-00011247,QL-0000005605,"AGENCY FOR SCIENCE, TECHNOLOGY AND RESEARCH",[Non-ATFM] : T/ITSS/11/FY25 - IMPLEMENTATION OF INTEGRATED IT END-USER SUPPORT SERVICES FOR A*STAR,Service desk Team Lead,Service Desk Agent,rule,MAPPED,,3.0,SERVICE_MGMT,Functional-Personal and interpersonal skills-Teamwork-Cross-functional collaboration;Functional-Development & operation-Process-Process standardization;Function,2027-05-01,FY27,18.0
MATCHED,,T1,Position + Grade,1.0,1.0,0.0,Position + Grade; available 2027-04-01 <= start 2027-05-01 (idle 1m); grade 3 vs 3,PROJ-00011247,QL-0000005605,"AGENCY FOR SCIENCE, TECHNOLOGY AND RESEARCH",[Non-ATFM] : T/ITSS/11/FY25 - IMPLEMENTATION OF INTEGRATED IT END-USER SUPPORT SERVICES FOR A*STAR,Generic Resource 3,Onsite Desktop L1 - 8,Mobile/Desktop Engineer,rule,MAPPED,,3.0,WORKPLACE,,2027-03-01,2027-04-01,FY27,FY_END_PLAN,Rolling off 7-12m,18.0,PROJ-00011247,QL-0000005605,"AGENCY FOR SCIENCE, TECHNOLOGY AND RESEARCH",[Non-ATFM] : T/ITSS/11/FY25 - IMPLEMENTATION OF INTEGRATED IT END-USER SUPPORT SERVICES FOR A*STAR,Onsite Desktop L1 -5,Mobile/Desktop Engineer,rule,MAPPED,,3.0,WORKPLACE,Technical-Microsoft 365-Office Productivity-Microsoft Excel;Technical-Microsoft 365-Office Productivity-Microsoft Word;Technical-Microsoft 365-Office Productivi,2027-05-01,FY27,18.0
MATCHED,,T1,Position + Grade,1.0,1.0,0.0,Position + Grade; available 2027-04-01 <= start 2027-05-01 (idle 1m); grade 4 vs 4,PROJ-00007010,QL-0000003501,DESIGNSINGAPORE COUNCIL PTE. LTD.,[Non-ATFM] IT Managed Services_DSC,Generic 4,Desktop Engineer,Mobile/Desktop Engineer,rule,MAPPED,,4.0,WORKPLACE,,2027-03-01,2027-04-01,FY27,FY_END_PLAN,Rolling off 7-12m,18.0,PROJ-00011247,QL-0000005605,"AGENCY FOR SCIENCE, TECHNOLOGY AND RESEARCH",[Non-ATFM] : T/ITSS/11/FY25 - IMPLEMENTATION OF INTEGRATED IT END-USER SUPPORT SERVICES FOR A*STAR,Onsite Desktop L2 -3,Mobile/Desktop Engineer,rule,MAPPED,,4.0,WORKPLACE,Technical-Data Center Management-AD Administration-MS Active Directory;Technical-Digital Workplace-Persona based config & Experience-SCCM ;Technical-Data Center,2027-05-01,FY27,18.0
MATCHED,,T1,Position + Grade,1.0,1.0,0.0,Position + Grade; available 2027-04-01 <= start 2027-05-01 (idle 1m); grade 4 vs 4,PROJ-00007326,QL-0000003691,MARITIME AND PORT AUTHORITY OF SINGAPORE,[Non-ATFM] IT Infrastructure Managed Services,Generic 4,DC Ops,DCOps,rule,MAPPED,,4.0,INFRA_OS,,2027-03-01,2027-04-01,FY27,CONFIRMED_END,Rolling off 7-12m,18.0,PROJ-00011247,QL-0000005605,"AGENCY FOR SCIENCE, TECHNOLOGY AND RESEARCH",[Non-ATFM] : T/ITSS/11/FY25 - IMPLEMENTATION OF INTEGRATED IT END-USER SUPPORT SERVICES FOR A*STAR,IT Asset Admin - 1,DCOps,rule,MAPPED,,4.0,INFRA_OS,,2027-05-01,FY27,18.0
MATCHED,,T1,Position + Grade,1.0,1.0,0.0,Position + Grade; available 2027-04-01 <= start 2027-05-01 (idle 1m); grade 7 vs 7,PROJ-00007326,QL-0000003691,MARITIME AND PORT AUTHORITY OF SINGAPORE,[Non-ATFM] IT Infrastructure Managed Services,Generic Resource 7,Cloud Engineer,Cloud Engineer L2,rule,MAPPED - level inferred from grade,,7.0,CLOUD,,2027-03-01,2027-04-01,FY27,CONFIRMED_END,Rolling off 7-12m,18.0,PRJ47FC2ACE,,HOME TEAM SCIENCE AND TECHNOLOGY AGENCY,OECM2210006_WC_a - MHA Enterprise SharePoint Platform (MESP)_ Base,Cloud Engineer2,Cloud Engineer L2,rule,MAPPED,,7.0,CLOUD,Cloud L2 Support,2027-05-01,FY27,18.0
MATCHED,,T1,Position + Grade,1.0,1.0,0.0,Position + Grade; available 2027-04-01 <= start 2027-05-01 (idle 1m); grade 3 vs 3,PROJ-00010897,QL-0000006192,SINGAPORE CIVIL DEFENCE FORCE,SCDF Mobility Services Year8 FY26,Generic Resource 3,Mobile Support Engineer - Neenu,Mobile/Desktop Engineer,rule,MAPPED,,3.0,WORKPLACE,,2027-03-01,2027-04-01,FY27,FY_END_PLAN,Rolling off 7-12m,18.0,PROJ-00011247,QL-0000005605,"AGENCY FOR SCIENCE, TECHNOLOGY AND RESEARCH",[Non-ATFM] : T/ITSS/11/FY25 - IMPLEMENTATION OF INTEGRATED IT END-USER SUPPORT SERVICES FOR A*STAR,Onsite Desktop L1 - 8,Mobile/Desktop Engineer,rule,MAPPED,,3.0,WORKPLACE,SAP Certified Application Associate – Financial Accounting with SAP ERP 6.0 EHP6;SAP Certified Application Associate - SAP HCM with ERP 6.0 EHP7;Technical-Hardw,2027-05-01,FY27,18.0
MATCHED,,T1,Position + Grade,1.0,1.0,0.0,Position + Grade; available 2027-04-01 <= start 2027-05-01 (idle 1m); grade 3 vs 3,PROJ-00010897,QL-0000006192,SINGAPORE CIVIL DEFENCE FORCE,SCDF Mobility Services Year8 FY26,Generic Resource 3,Mobile Support Engineer,Mobile/Desktop Engineer,rule,MAPPED,,3.0,WORKPLACE,,2027-03-01,2027-04-01,FY27,FY_END_PLAN,Rolling off 7-12m,18.0,PROJ-00011247,QL-0000005605,"AGENCY FOR SCIENCE, TECHNOLOGY AND RESEARCH",[Non-ATFM] : T/ITSS/11/FY25 - IMPLEMENTATION OF INTEGRATED IT END-USER SUPPORT SERVICES FOR A*STAR,Tech Refresh Engineers -2,Mobile/Desktop Engineer,rule,MAPPED,,3.0,WORKPLACE,Tech Refresh Engineers,2027-05-01,FY27,18.0
MATCHED,,T1,Position + Grade,0.0,1.0,0.0,Position + Grade; available 2027-04-01 <= start 2027-05-01 (idle 1m); grade 7 vs 7,PROJ-00007326,QL-0000003691,MARITIME AND PORT AUTHORITY OF SINGAPORE,[Non-ATFM] IT Infrastructure Managed Services,Generic Resource 7,SDD,SDD,rule,MAPPED,,7.0,SERVICE_MGMT,Functional-Development & operation-Service Management-Change Control;Functional-Development & operation-Service Management-Problem Management;Functional-Develop,2027-03-01,2027-04-01,FY27,CONFIRMED_END,Rolling off 7-12m,1.8,PROJ-00011247,QL-0000005605,"AGENCY FOR SCIENCE, TECHNOLOGY AND RESEARCH",[Non-ATFM] : T/ITSS/11/FY25 - IMPLEMENTATION OF INTEGRATED IT END-USER SUPPORT SERVICES FOR A*STAR,Innovation & Governance Lead + SDD,SDD,rule,MAPPED,,7.0,PROJECT_MGMT,Innovation & Governance Lead + SDD,2027-05-01,FY27,18.0
MATCHED,,T1,Position + Grade,0.19,1.0,0.0,Position + Grade; available 2027-04-01 <= start 2027-05-01 (idle 1m); grade 8 vs 8,PROJ-00001918,,,ATFM Back End Support,Generic Resource 8,Response Centre Manager,Service Desk Agent,rule,MAPPED,,8.0,CLOUD,Functional-Development & operation-Change Management-Change Management;Technical-Application Development-API Management-NGINX;Functional-Business Acumen-Strateg,2027-03-01,2027-04-01,FY27,FY_END_PLAN,Rolling off 7-12m,18.0,PROJ-00011247,QL-0000005605,"AGENCY FOR SCIENCE, TECHNOLOGY AND RESEARCH",[Non-ATFM] : T/ITSS/11/FY25 - IMPLEMENTATION OF INTEGRATED IT END-USER SUPPORT SERVICES FOR A*STAR,Service Desk L1 -1,Service Desk Agent,rule,MAPPED,,8.0,PROJECT_MGMT,SysOps Administrator Associate;Functional-Personal and interpersonal skills-Critical thinking-Asking questions;Functional-Development & operation-Service Manage,2027-05-01,FY27,18.0
MATCHED,,T1,Position + Grade,0.81,1.0,0.0,Position + Grade; available 2027-04-01 <= start 2027-05-01 (idle 1m); grade 3 vs 3,PROJ-00007233,QL-0000003425,IMMIGRATION & CHECKPOINTS AUTHORITY,[ATFM] Year 8 Renewal [CV]_ICA,Generic Resource 11,DC Ops Engineer,DCOps,rule,MAPPED,,3.0,INFRA_OS,Technical-Adobe-Adobe Products-Adobe Acrobat,2027-03-01,2027-04-01,FY27,FY_END_PLAN,Rolling off 7-12m,18.0,PROJ-00011247,QL-0000005605,"AGENCY FOR SCIENCE, TECHNOLOGY AND RESEARCH",[Non-ATFM] : T/ITSS/11/FY25 - IMPLEMENTATION OF INTEGRATED IT END-USER SUPPORT SERVICES FOR A*STAR,IT Asset Admin,DCOps,rule,MAPPED,,3.0,WORKPLACE,Technical-Microsoft 365-Office Productivity-Microsoft Excel;Technical-Adobe-Adobe Products-Adobe Acrobat,2027-05-01,FY27,18.0
MATCHED,,T1,Position + Grade,0.0,1.0,0.0,Position + Grade; available 2027-04-01 <= start 2027-05-01 (idle 1m); grade 4 vs 4,PROJ-00010584,QL-0000005408,SINGAPORE FOOD AGENCY,[ATFM] Year 8 Renewal - SFA,Generic 4,ITSO -1,IT Security Officer,mapping_sheet,MAPPED,,4.0,SECURITY,Generative AI: Introduction and Applications;Technical-Cybersecurity-Cloud Security-MS Defender for Cloud CSPM;Certified in Cybersecurity (CC);Functional-Develo,2027-03-01,2027-04-01,FY27,FY_END_PLAN,Rolling off 7-12m,18.0,PROJ-00011247,QL-0000005605,"AGENCY FOR SCIENCE, TECHNOLOGY AND RESEARCH",[Non-ATFM] : T/ITSS/11/FY25 - IMPLEMENTATION OF INTEGRATED IT END-USER SUPPORT SERVICES FOR A*STAR,SITO/ ISO Engineer - 4,IT Security Officer,rule,MAPPED,,4.0,SECURITY,SITO/ ISO Engineer,2027-05-01,FY27,18.0
MATCHED,,T1,Position + Grade,1.0,1.0,0.0,Position + Grade; available 2027-04-01 <= start 2027-05-01 (idle 1m); grade 3 vs 3,PROJ-00011247,QL-0000005605,"AGENCY FOR SCIENCE, TECHNOLOGY AND RESEARCH",[Non-ATFM] : T/ITSS/11/FY25 - IMPLEMENTATION OF INTEGRATED IT END-USER SUPPORT SERVICES FOR A*STAR,Generic Resource 12,Service Desk L1 -3,Service Desk Agent,rule,MAPPED,,3.0,CLOUD,Technical-Cloud-Cloud operation-Disaster Recovery,2027-03-01,2027-04-01,FY27,FY_END_PLAN,Rolling off 7-12m,18.0,PROJ-00011247,QL-0000005605,"AGENCY FOR SCIENCE, TECHNOLOGY AND RESEARCH",[Non-ATFM] : T/ITSS/11/FY25 - IMPLEMENTATION OF INTEGRATED IT END-USER SUPPORT SERVICES FOR A*STAR,Service Desk L1 -3,Service Desk Agent,rule,MAPPED,,3.0,CLOUD,Technical-Cloud-Cloud operation-Disaster Recovery,2027-05-01,FY27,18.0
MATCHED,,T1,Position + Grade,1.0,1.0,0.0,Position + Grade; available 2027-04-01 <= start 2027-05-01 (idle 1m); grade 3 vs 3,PROJ-00011247,QL-0000005605,"AGENCY FOR SCIENCE, TECHNOLOGY AND RESEARCH",[Non-ATFM] : T/ITSS/11/FY25 - IMPLEMENTATION OF INTEGRATED IT END-USER SUPPORT SERVICES FOR A*STAR,Generic Resource 12,Service Desk L1 -5,Service Desk Agent,rule,MAPPED,,3.0,SECURITY,Functional-Development & operation-Security & Privacy-Information Security,2027-03-01,2027-04-01,FY27,FY_END_PLAN,Rolling off 7-12m,18.0,PROJ-00011247,QL-0000005605,"AGENCY FOR SCIENCE, TECHNOLOGY AND RESEARCH",[Non-ATFM] : T/ITSS/11/FY25 - IMPLEMENTATION OF INTEGRATED IT END-USER SUPPORT SERVICES FOR A*STAR,Service Desk L1 -5,Service Desk Agent,rule,MAPPED,,3.0,SECURITY,Functional-Development & operation-Security & Privacy-Information Security,2027-05-01,FY27,18.0
MATCHED,,T1,Position + Grade,1.0,1.0,0.0,Position + Grade; available 2027-04-01 <= start 2027-05-01 (idle 1m); grade 3 vs 3,PROJ-00011247,QL-0000005605,"AGENCY FOR SCIENCE, TECHNOLOGY AND RESEARCH",[Non-ATFM] : T/ITSS/11/FY25 - IMPLEMENTATION OF INTEGRATED IT END-USER SUPPORT SERVICES FOR A*STAR,Generic Resource 12,Onsite Desktop L1 -4,Mobile/Desktop Engineer,rule,MAPPED,,3.0,CLOUD,Technical-Cloud-Compute-Windows OS,2027-03-01,2027-04-01,FY27,FY_END_PLAN,Rolling off 7-12m,18.0,PROJ-00011247,QL-0000005605,"AGENCY FOR SCIENCE, TECHNOLOGY AND RESEARCH",[Non-ATFM] : T/ITSS/11/FY25 - IMPLEMENTATION OF INTEGRATED IT END-USER SUPPORT SERVICES FOR A*STAR,Onsite Desktop L1 -4,Mobile/Desktop Engineer,rule,MAPPED,,3.0,CLOUD,Technical-Cloud-Compute-Windows OS,2027-05-01,FY27,18.0
MATCHED,,T1,Position + Grade,0.3,1.0,0.0,Position + Grade; available 2027-04-01 <= start 2027-05-01 (idle 1m); grade 6 vs 6,PROJ-00011922,QL-0000007079,URBAN REDEVELOPMENT AUTHORITY,[ATFM] Additional 150 MDs for URA,Generic Resource 6,Cloud Engineer L1,Cloud Engineer L1,mapping_sheet,MAPPED,,6.0,CLOUD,Cloud Engineer L1,2027-03-01,2027-04-01,FY27,FY_END_PLAN,Rolling off 7-12m,9.0,PRJ47FC2ACE,,HOME TEAM SCIENCE AND TECHNOLOGY AGENCY,OECM2210006_WC_a - MHA Enterprise SharePoint Platform (MESP)_ Base,Cloud L1,Cloud Engineer L1,mapping_sheet,MAPPED,,6.0,CLOUD,Cloud L1,2027-05-01,FY27,18.0
MATCHED,,T2,Skill + Grade,1.0,0.0,0.0,Skill + Grade; available 2026-09-01 <= start 2026-09-01 (idle 0m); grade 4 vs 4,PROJ-00011210,QL-0000006339,"AGENCY FOR SCIENCE, TECHNOLOGY AND RESEARCH",[Non-ATFM]: WOA CV extension for 3 month,Generic 4,Desktop L2 - 3,Mobile/Desktop Engineer,rule,MAPPED,,4.0,WORKPLACE,,2026-08-01,2026-09-01,FY26,CONFIRMED_END,Available now,18.0,PROJ-00010860,QL-0000005419,SINGAPORE LAND AUTHORITY (SLA),[ATFM] Year 8 Renewal - SLA - TFM,Cloud Wintel Engineer L1,Cloud Engineer L1,rule,MAPPED,,4.0,WORKPLACE,Azure Fundamentals;Technical-Cloud-Compute-Windows OS;Technical-Adobe-Adobe Products-Adobe Reader;Technical-Microsoft 365-Office Productivity-Microsoft Word;Tec,2026-09-01,FY26,18.0
MATCHED,,T2,Skill + Grade,1.0,0.0,0.0,Skill + Grade; available 2026-09-01 <= start 2026-09-01 (idle 0m); grade 7 vs 7,PROJ-00011150,QL-0000006338,ENERGY MARKET AUTHORITY,[ATFM]: CyberArk Onboarding/RAS & Additional PSS for On-Prem to GCC2.0 migration,Generic Resource 7,CyberArk Onboard Team,Security Engineer,rule,MAPPED,,7.0,SECURITY,,2026-08-01,2026-09-01,FY26,CONFIRMED_END,Available now,18.0,PROJ-00011247,QL-0000005605,"AGENCY FOR SCIENCE, TECHNOLOGY AND RESEARCH",[Non-ATFM] : T/ITSS/11/FY25 - IMPLEMENTATION OF INTEGRATED IT END-USER SUPPORT SERVICES FOR A*STAR,SITO Engineer,IT Security Officer,rule,MAPPED,,7.0,SECURITY,,2026-09-01,FY26,18.0
MATCHED,,T2,Skill + Grade,1.0,0.0,0.0,Skill + Grade; available 2026-09-01 <= start 2026-09-01 (idle 0m); grade 3 vs 3,PROJ-00010732,QL-0000005348,LAND TRANSPORT AUTHORITY OF SINGAPORE,[ATFM] Year 8 Renewal [CV] LTA (Time Based),Generic Resource 3,IT/SR Admin 3 [Malathy D/O Manoharan],DCOps,rule,MAPPED,,3.0,INFRA_OS,,2026-08-01,2026-09-01,FY26,CONFIRMED_END,Available now,18.0,PROJ-00007227,QL-0000003447,HOME TEAM ACADEMY,[ATFM] Year 8 Renewal [CV]_HTA,WINTEL L2 - 2,Server Engineer L2,rule,MAPPED,,3.0,INFRA_OS,,2026-09-01,FY26,18.0
MATCHED,FOR REVIEW - position name unmapped,T2,Skill + Grade,0.27,0.0,0.0,Skill + Grade; available 2026-09-01 <= start 2026-09-01 (idle 0m); grade 7 vs 7,PROJ-00009946,QL-0000005014,SMRT CORPORATION LTD,[AD] ECID Track Change for NSEW Line (CR#1),Generic Resource 7,Tester,Tester/QA,rule,MAPPED,,7.0,CLOUD,Technical-Testing-Compatibility Testing-Web Compatibility Testing;Technical-Testing-Testing Framework-RobotFramework;Technical-AI & ML-AI Governance-AI Ethics;T,2026-08-01,2026-09-01,FY26,CONFIRMED_END,Available now,11.0,PROJ-00010629,QL-0000005884,"MINISTRY OF CULTURE, COMMUNITY AND YOUTH",[ATFM] Year 8 MCCY Renewal PSS for Project Works (1000 PSS) - MCCY - TFM,Shwetha's Team,UNMAPPED - FOR REVIEW,unmapped,FOR REVIEW,Cloud Engineer L2,7.0,CLOUD,Technical-Delivery Management-Project Management Tools-Planview;Technical-GenAI-Application Development-Claude;Technical-AI & ML-AI Model Lifecycle Management (,2026-09-01,FY26,18.0
MATCHED,FOR REVIEW - position name unmapped,T2,Skill + Grade,1.0,0.0,0.0,Skill + Grade; available 2026-09-01 <= start 2026-09-01 (idle 0m); grade 7 vs 7,PROJ-00007268,QL-0000003675,Hong Kong Telecommunications (HKT) Limited,Project Ruby - FY25 (Netvigator),Generic Resource 7,SM_Lee_Yean,UNMAPPED - FOR REVIEW,unmapped,FOR REVIEW,Project Manager,7.0,PROJECT_MGMT,Professional Scrum Master;Functional-Development & operation-Post-sales/Delivery-*BASD Use only - Project Management - GTM Role;Technical-Microsoft 365-Office P,2026-08-01,2026-09-01,FY26,CONFIRMED_END,Available now,18.35,PROJ-00011576,QL-0000006376,Hong Kong Telecommunications (HKT) Limited,NOW2026019: New Ruby and Sophie Api for TV World Cup,SM_Lee_Yean,UNMAPPED - FOR REVIEW,unmapped,FOR REVIEW,Project Manager,7.0,PROJECT_MGMT,Professional Scrum Master;Functional-Development & operation-Post-sales/Delivery-*BASD Use only - Project Management - GTM Role;Technical-Microsoft 365-Office P,2026-09-01,FY26,19.23
MATCHED,FOR REVIEW - position name unmapped,T2,Skill + Grade,1.0,0.0,0.0,Skill + Grade; available 2026-09-01 <= start 2026-09-01 (idle 0m); grade 8 vs 8,PROJ-00011395,,BW DIGITAL PTE. LTD.,[Non ATFM] BWD ITSM/ITOM/AIOps at NDP1 [YR1 & YR2 Implement] + [YR1 to YR5 License + Maintenence] (Firm),Generic Resource 8,Technical Writer,UNMAPPED - FOR REVIEW,unmapped,FOR REVIEW,Mobile/Desktop Engineer,8.0,WORKPLACE,Functional-Development & operation-Project Management-Business Processes;Functional-Personal and interpersonal skills-Communication-Presentations;Functional-Per,2026-08-01,2026-09-01,FY26,CONFIRMED_END,Available now,3.0,PROJ-00010875,,NATIONAL PARKS BOARD (SINGAPORE BOTANICAL GARDENS),[Non-ATFM] NPARKS - Singapore Poultry Hub - Video Analytics (VR),Technical Writer,UNMAPPED - FOR REVIEW,unmapped,FOR REVIEW,Mobile/Desktop Engineer,8.0,WORKPLACE,Functional-Development & operation-Project Management-Business Processes;Functional-Personal and interpersonal skills-Communication-Presentations;Functional-Per,2026-09-01,FY26,3.0
MATCHED,FOR REVIEW - position name unmapped,T2,Skill + Grade,1.0,0.0,0.0,Skill + Grade; available 2026-09-01 <= start 2026-09-01 (idle 0m); grade 8 vs 8,PROJ-00011723,,KIDNEY DIALYSIS FOUNDATION LIMITED,[Non-ATFM] Managed IT RFQ,Generic Resource 8,Technical Writer,UNMAPPED - FOR REVIEW,unmapped,FOR REVIEW,Mobile/Desktop Engineer,8.0,WORKPLACE,Functional-Development & operation-Project Management-Business Processes;Functional-Personal and interpersonal skills-Communication-Presentations;Functional-Per,2026-08-01,2026-09-01,FY26,CONFIRMED_END,Available now,2.0,PROJ-00011841,,PARLIAMENT OF SINGAPORE,[Non-ATFM] SERVER AND STORAGE HARDWARE MAINTENANCE AND SUPPORT,Technical Writer,UNMAPPED - FOR REVIEW,unmapped,FOR REVIEW,Mobile/Desktop Engineer,8.0,WORKPLACE,Functional-Development & operation-Project Management-Business Processes;Functional-Personal and interpersonal skills-Communication-Presentations;Functional-Per,2026-09-01,FY26,3.0
MATCHED,FOR REVIEW - position name unmapped,T2,Skill + Grade,1.0,0.0,0.0,Skill + Grade; available 2026-09-01 <= start 2026-09-01 (idle 0m); grade 8 vs 8,PROJ-00011518,,THOMSON MEDICAL GROUP LIMITED,[Non-ATFM] L1 Desktop Managed services + call centre + Daas/Leasing  RFQ,Generic Resource 8,Technical Writer,UNMAPPED - FOR REVIEW,unmapped,FOR REVIEW,Mobile/Desktop Engineer,8.0,WORKPLACE,Functional-Development & operation-Project Management-Business Processes;Functional-Personal and interpersonal skills-Communication-Presentations;Functional-Per,2026-08-01,2026-09-01,FY26,CONFIRMED_END,Available now,5.0,PROJ-00011948,,MINISTRY OF LAW,[Non-ATFM] Min Law (ITQ) - Server and storage hardware Maintenance and Support,Technical Writer,UNMAPPED - FOR REVIEW,unmapped,FOR REVIEW,Mobile/Desktop Engineer,8.0,WORKPLACE,Functional-Development & operation-Project Management-Business Processes;Functional-Personal and interpersonal skills-Communication-Presentations;Functional-Per,2026-09-01,FY26,4.0
MATCHED,FOR REVIEW - position name unmapped,T2,Skill + Grade,1.0,0.0,0.0,Skill + Grade; available 2026-09-01 <= start 2026-09-01 (idle 0m); grade 9 vs 9,PROJ-00002934,,"AGENCY FOR SCIENCE, TECHNOLOGY AND RESEARCH",[Non-ATFM]: SIEM replacement,Generic Resource 9,Security Officer,IT Security Officer,rule,MAPPED,,9.0,SECURITY,Machine Learning Specialty;Solutions Architect Professional;Certified Information Security Manager (CISM);Certified Ethical Hacker;Security Operations Analyst A,2026-08-01,2026-09-01,FY26,CONFIRMED_END,Available now,2.0,PROJ-00011278,,PCCW Digital Solutions Limited,General Presales FY26/27 TIS,Pre-sales,UNMAPPED - FOR REVIEW,unmapped,FOR REVIEW,IT Security Officer,9.0,SECURITY,Machine Learning Specialty;Solutions Architect Professional;Certified Information Security Manager (CISM);Certified Ethical Hacker;Security Operations Analyst A,2026-09-01,FY26,18.5
MATCHED,FOR REVIEW - position name unmapped,T2,Skill + Grade,0.19,1.0,0.0,Skill + Grade; available 2026-08-01 <= start 2026-09-01 (idle 1m); grade 8 vs 8,PROJ-00011245,,CORRUPT PRACTICES INVESTIGATION BUREAU,[Non-ATFM] CPIB (Firm) Agile Application Development and Maintenance Services of IDAAS,Generic Resource 8,Business Analyst,Business Analyst,rule,MAPPED,,8.0,NETWORK,Palo Alto Networks Certified Network Security Engineer (PCNSE);ITIL Foundation;Certified Generative AI Engineer Associate;Functional-Development & operation-Pro,2026-07-01,2026-08-01,FY26,CONFIRMED_END,Available now,3.0,PROJ-00009701,QL-0000005316,URBAN REDEVELOPMENT AUTHORITY,[ATFM] Year 8 Renewal [CV]_URA,CSP,UNMAPPED - FOR REVIEW,unmapped,FOR REVIEW,Network Engineer L3,8.0,NETWORK,ITIL 4 Foundation Certificate in IT Service Management;Career essentials in Generative AI;Technical-Network-Network Architecture-WAN backbone;Technical-AI & ML-,2026-09-01,FY26,9.0
MATCHED,FOR REVIEW - position name unmapped,T2,Skill + Grade,1.0,2.0,0.0,Skill + Grade; available 2026-07-01 <= start 2026-09-01 (idle 2m); grade 7 vs 7,PROJ-00007233,QL-0000003425,IMMIGRATION & CHECKPOINTS AUTHORITY,[ATFM] Year 8 Renewal [CV]_ICA,Generic Resource 7,Sr Operation Mgmt Specialist,UNMAPPED - FOR REVIEW,unmapped,FOR REVIEW,IT Security Officer,7.0,SECURITY,ITIL Foundation Certificate in IT Service Management;Certified Security Analyst Certification;IT Certification(WDA)Support & Maintain IT infrastructure;Certifie,2026-06-01,2026-07-01,FY26,CONFIRMED_END,Available now,5.0,PROJ-00011057,QL-0000006267,LAND TRANSPORT AUTHORITY OF SINGAPORE,[ATFM] Additional PSS for ITSO (1 Jul 2026 - 31 Mar 2027),ITSO,IT Security Officer,mapping_sheet,MAPPED,,7.0,SECURITY,,2026-09-01,FY26,18.0
MATCHED,,T2,Skill + Grade,1.0,2.0,0.0,Skill + Grade; available 2026-07-01 <= start 2026-09-01 (idle 2m); grade 6 vs 6,PROJ-00010732,QL-0000005348,LAND TRANSPORT AUTHORITY OF SINGAPORE,[ATFM] Year 8 Renewal [CV] LTA (Time Based),Generic Resource 6,Network Engineer,Network Engineer L1,rule,MAPPED - level inferred from grade,,6.0,SECURITY,Comp TIA Server+;Certified in Cybersecurity (CC);Network Engineer;Extron Signal Processing and Distribution Principles,2026-06-01,2026-07-01,FY26,CONFIRMED_END,Available now,4.0,PROJ-00011247,QL-0000005605,"AGENCY FOR SCIENCE, TECHNOLOGY AND RESEARCH",[Non-ATFM] : T/ITSS/11/FY25 - IMPLEMENTATION OF INTEGRATED IT END-USER SUPPORT SERVICES FOR A*STAR,ISO Engineer,IT Security Officer,rule,MAPPED,,6.0,SECURITY,,2026-09-01,FY26,18.0
MATCHED,,T2,Skill + Grade,1.0,0.0,0.0,Skill + Grade; available 2026-10-01 <= start 2026-10-01 (idle 0m); grade 6 vs 6,PROJ-00011588,QL-0000006606,SINGAPORE LAND AUTHORITY (SLA),[ATFM] ONE MAP for SLA internal User (PROD),Generic Resource 6,Cloud Engineer L1,Cloud Engineer L1,mapping_sheet,MAPPED,,6.0,CLOUD,,2026-09-01,2026-10-01,FY26,CONFIRMED_END,Rolling off 0-6m,18.0,PROJ-00010706,QL-0000005971,OSSC,[ATFM] Year 8 Renewal - Judiciary,39. TFM Sate Courts Wintel Engineer - KaiJie Replacement for Sabri,Server Engineer L1,rule,MAPPED - level inferred from grade,,6.0,CLOUD,AWS,2026-10-01,FY26,18.0
MATCHED,,T2,Skill + Grade,1.0,0.0,0.0,Skill + Grade; available 2026-10-01 <= start 2026-10-01 (idle 0m); grade 3 vs 3,PROJ-00010732,QL-0000005348,LAND TRANSPORT AUTHORITY OF SINGAPORE,[ATFM] Year 8 Renewal [CV] LTA (Time Based),Generic Resource 3,AWS Cloud Engineer [KIV] -> Linux Trainee [Han Min -> TatEang for Judiciary],Cloud Engineer L1,rule,MAPPED - level inferred from title (Senior/Junior),,3.0,CLOUD,Functional-Development & operation-Technology Management-IT Infrastructure;Cloud Practitioner,2026-09-01,2026-10-01,FY26,CONFIRMED_END,Rolling off 0-6m,18.0,PROJ-00010706,QL-0000005971,OSSC,[ATFM] Year 8 Renewal - Judiciary,30. ATFM Supreme Court Linux Engineer #2,Server Engineer L1,rule,MAPPED - level inferred from grade,,3.0,CLOUD,Functional-Development & operation-Technology Management-IT Infrastructure;Cloud Practitioner,2026-10-01,FY26,18.0
MATCHED,,T2,Skill + Grade,1.0,1.0,0.0,Skill + Grade; available 2026-09-01 <= start 2026-10-01 (idle 1m); grade 5 vs 5,PROJ-00009946,QL-0000005014,SMRT CORPORATION LTD,[AD] ECID Track Change for NSEW Line (CR#1),Generic Resource 5,QA,Tester/QA,rule,MAPPED,,5.0,DATA_ANALYTICS,Functional-Data-Data & Analytics-Data Science;Technical-Microsoft 365-Office Productivity-Microsoft Excel;Technical-Data Management-Data Visualization-QlikView;,2026-08-01,2026-09-01,FY26,CONFIRMED_END,Available now,11.0,PROJ-00001918,,,ATFM Back End Support,Data analyst,Data Analyst,rule,MAPPED,,5.0,DATA_ANALYTICS,,2026-10-01,FY26,18.0
MATCHED,FOR REVIEW - position name unmapped,T2,Skill + Grade,1.0,1.0,0.0,Skill + Grade; available 2026-09-01 <= start 2026-10-01 (idle 1m); grade 6 vs 6,PROJ-00011210,QL-0000006339,"AGENCY FOR SCIENCE, TECHNOLOGY AND RESEARCH",[Non-ATFM]: WOA CV extension for 3 month,Generic Resource 6,Ops Manager,UNMAPPED - FOR REVIEW,unmapped,FOR REVIEW,Mobile/Desktop Engineer,6.0,WORKPLACE,Functional-Development & operation-Customer Experience-User engagement and feedback;Technical-Microsoft 365-Office Productivity-Microsoft Power Point;Functional,2026-08-01,2026-09-01,FY26,CONFIRMED_END,Available now,18.0,PROJ-00011247,QL-0000005605,"AGENCY FOR SCIENCE, TECHNOLOGY AND RESEARCH",[Non-ATFM] : T/ITSS/11/FY25 - IMPLEMENTATION OF INTEGRATED IT END-USER SUPPORT SERVICES FOR A*STAR,Desktop Engineer,Mobile/Desktop Engineer,rule,MAPPED,,6.0,WORKPLACE,,2026-10-01,FY26,18.0
MATCHED,FOR REVIEW - position name unmapped,T2,Skill + Grade,0.47,2.0,0.0,Skill + Grade; available 2026-08-01 <= start 2026-10-01 (idle 2m); grade 7 vs 7,PROJ-00010817,QL-0000005978,COMPETITION AND CONSUMER COMMISSION OF SINGAPORE,[ATFM] Year 8 Renewal - CCCS,Generic Resource 7,Storage Engineer,Backup/Storage Engineer L2,rule,MAPPED - level inferred from grade,,7.0,INFRA_OS,VMware Certified Professional - Data Center Virtualization (VCP-DCV);VMWARE Foundations;Nutanix Certified Professional - Multicloud Infrastructure (NCP-MCI);Tec,2026-07-01,2026-08-01,FY26,CONFIRMED_END,Available now,1.0,PROJ-00001918,,,ATFM Back End Support,Nutanix Engineer,UNMAPPED - FOR REVIEW,unmapped,FOR REVIEW,Server Engineer L2,7.0,INFRA_OS,Nutanix Certified Professional - Multicloud Infrastructure (NCP-MCI);Nutanix Certified Associate (NCA);Technical-Data Center Management-Hyperconverged Infrastru,2026-10-01,FY26,18.0
MATCHED,FOR REVIEW - position name unmapped,T2,Skill + Grade,1.0,1.0,0.0,Skill + Grade; available 2026-10-01 <= start 2026-11-01 (idle 1m); grade 7 vs 7,PROJ-00011576,QL-0000006376,Hong Kong Telecommunications (HKT) Limited,NOW2026019: New Ruby and Sophie Api for TV World Cup,Generic Resource 7,SM_Lee_Yean,UNMAPPED - FOR REVIEW,unmapped,FOR REVIEW,Project Manager,7.0,PROJECT_MGMT,Professional Scrum Master;Functional-Development & operation-Post-sales/Delivery-*BASD Use only - Project Management - GTM Role;Technical-Microsoft 365-Office P,2026-09-01,2026-10-01,FY26,CONFIRMED_END,Rolling off 0-6m,19.23,PROJ-00010828,QL-0000005939,Hong Kong Telecommunications (HKT) Limited,Project Ruby - T&M (Nova-X / Commercial) 2026,Programmer,Full Stack Engineer,rule,MAPPED,,7.0,PROJECT_MGMT,Professional Scrum Master;Functional-Development & operation-Post-sales/Delivery-*BASD Use only - Project Management - GTM Role;Technical-Microsoft 365-Office P,2026-11-01,FY26,5.0
MATCHED,FOR REVIEW - position name unmapped,T2,Skill + Grade,1.0,1.0,0.0,Skill + Grade; available 2026-10-01 <= start 2026-11-01 (idle 1m); grade 7 vs 7,PROJ-00008029,,Hong Kong Telecommunications (HKT) Limited,[NEW] HKT Mobility Phase 2,Generic Resource 7,Pre-sales,UNMAPPED - FOR REVIEW,unmapped,FOR REVIEW,Project Manager,7.0,PROJECT_MGMT,Professional Scrum Master;Functional-Development & operation-Post-sales/Delivery-*BASD Use only - Project Management - GTM Role;Technical-Microsoft 365-Office P,2026-09-01,2026-10-01,FY26,CONFIRMED_END,Rolling off 0-6m,10.0,PROJ-00011189,QL-0000006208,Hong Kong Telecommunications (HKT) Limited,CON2025066 - Online subscription for PCD VAS via Ruby system,PMO_LeeYean,UNMAPPED - FOR REVIEW,unmapped,FOR REVIEW,Project Manager,7.0,PROJECT_MGMT,Professional Scrum Master;Functional-Development & operation-Post-sales/Delivery-*BASD Use only - Project Management - GTM Role;Technical-Microsoft 365-Office P,2026-11-01,FY26,1.0
MATCHED,,T2,Skill + Grade,1.0,5.0,0.0,Skill + Grade; available 2026-07-01 <= start 2026-12-01 (idle 5m); grade 5 vs 5,PRJFF4702ED,,"AGENCY FOR SCIENCE, TECHNOLOGY AND RESEARCH","OECM2211009_WC_a - IT Service Desk (Helpdesk, Desktop Support and Services)_Base",Generic Resource 5,Operation Manager,SDM,mapping_sheet,MAPPED,,5.0,SERVICE_MGMT,,2026-06-01,2026-07-01,FY26,CONFIRMED_END,Available now,18.0,PROJ-00001918,,,ATFM Back End Support,Change Engineer,IT Service Mgt Engineer,rule,MAPPED,,5.0,SERVICE_MGMT,Technical-Microsoft 365-Office Productivity-Microsoft Outlook;Technical-Microsoft 365-Office Productivity-Microsoft OneDrive;Technical-Network-Network Monitorin,2026-12-01,FY26,18.5
MATCHED,,T2,Skill + Grade,0.57,1.0,0.0,Skill + Grade; available 2027-04-01 <= start 2027-05-01 (idle 1m); grade 5 vs 5,PROJ-00010732,QL-0000005348,LAND TRANSPORT AUTHORITY OF SINGAPORE,[ATFM] Year 8 Renewal [CV] LTA (Time Based),Generic Resource 5,Network Engineer,Network Engineer L1,rule,MAPPED - level inferred from grade,,5.0,CLOUD,Functional-Business Acumen-Leadership skills-Team & People management ;Azure Fundamentals,2027-03-01,2027-04-01,FY27,FY_END_PLAN,Rolling off 7-12m,18.0,PROJ-00011247,QL-0000005605,"AGENCY FOR SCIENCE, TECHNOLOGY AND RESEARCH",[Non-ATFM] : T/ITSS/11/FY25 - IMPLEMENTATION OF INTEGRATED IT END-USER SUPPORT SERVICES FOR A*STAR,DEX Engineer L2,Mobile/Desktop Engineer,rule,MAPPED,,5.0,CLOUD,Functional-Business Acumen-Leadership skills-Team & People management ;Technical-Cloud-Compute-Windows OS;Solutions Architect Associate,2027-05-01,FY27,18.0
MATCHED,FOR REVIEW - position name unmapped,T2,Skill + Grade,0.31,1.0,0.0,Skill + Grade; available 2027-04-01 <= start 2027-05-01 (idle 1m); grade 5 vs 5,PROJ-00010773,QL-0000006126,SINGAPORE POLICE FORCE,[ATFM] Cisco AppDynamics APM Services for Year 8 Renewal,Generic Resource 5,Operation Officer,UNMAPPED - FOR REVIEW,unmapped,FOR REVIEW,Mobile/Desktop Engineer,5.0,WORKPLACE,Technical-Data & Analytics-Data Mining-Optimization;Technical-Data Management-Databases-PostgreSQL DB;Technical-Microsoft 365-Office Productivity-Microsoft CoPi,2027-03-01,2027-04-01,FY27,FY_END_PLAN,Rolling off 7-12m,18.0,PROJ-00011247,QL-0000005605,"AGENCY FOR SCIENCE, TECHNOLOGY AND RESEARCH",[Non-ATFM] : T/ITSS/11/FY25 - IMPLEMENTATION OF INTEGRATED IT END-USER SUPPORT SERVICES FOR A*STAR,DEX Engineer L1,Mobile/Desktop Engineer,rule,MAPPED,,5.0,WORKPLACE,Technical-Hardware-Computer Hardware-System Diagnostics;Technical-Microsoft 365-Office Productivity-Microsoft Outlook;Technical-Microsoft 365-Office Productivit,2027-05-01,FY27,18.0
MATCHED,,T3,Position + Grade (+/-),0.14,0.0,1.0,Position + Grade (+/-); available 2026-09-01 <= start 2026-09-01 (idle 0m); grade 3 vs 4,PROJ-00009840,QL-0000005649,CYBER SECURITY AGENCY OF SINGAPORE,[ATFM] Year 8 Renewal - CSA - TFM,Generic Resource 3,Cloud Wintel Engineer L1,Cloud Engineer L1,rule,MAPPED,,3.0,WORKPLACE,Azure Fundamentals;Technical-Cloud-Compute-Windows OS;Technical-Adobe-Adobe Products-Adobe Reader;Technical-Microsoft 365-Office Productivity-Microsoft Word;Tec,2026-08-01,2026-09-01,FY26,CONFIRMED_END,Available now,18.0,PROJ-00010860,QL-0000005419,SINGAPORE LAND AUTHORITY (SLA),[ATFM] Year 8 Renewal - SLA - TFM,Cloud Engineer L1,Cloud Engineer L1,mapping_sheet,MAPPED,,4.0,CLOUD,Functional-Development & operation-Customer Experience-Customer service;Functional-Personal and interpersonal skills-Communication-Verbal Communication;Function,2026-09-01,FY26,18.0
MATCHED,,T3,Position + Grade (+/-),0.29,0.0,1.0,Position + Grade (+/-); available 2026-09-01 <= start 2026-09-01 (idle 0m); grade 8 vs 7,PROJ-00010780,QL-0000006125,INTELLECTUAL PROPERTY OFFICE OF SINGAPORE,[ATFM] Year 8 Renewal - IPOS - AFM - HQ,Generic Resource 8,07. ATFM ITSO,IT Security Officer,rule,MAPPED,,8.0,SECURITY,Technical-Cloud-Network and Content Delivery-Content Distribution Networks;Oracle Database Administrator Certified Associate;Cloud Practitioner;AWS Certified So,2026-08-01,2026-09-01,FY26,CONFIRMED_END,Available now,18.0,PROJ-00001918,,,ATFM Back End Support,IT Security Officer,IT Security Officer,mapping_sheet,MAPPED,,7.0,SECURITY,Certified Information Security Manager (CISM),2026-09-01,FY26,18.0
MATCHED,,T3,Position + Grade (+/-),0.0,0.0,1.0,Position + Grade (+/-); available 2026-09-01 <= start 2026-09-01 (idle 0m); grade 5 vs 6,PROJ-00001287,,HOME TEAM SCIENCE AND TECHNOLOGY AGENCY,[Non-ATFM] Home Team Sustainment Centre (HTSC) - EAP Project,Generic Resource 5,Solution Architect,Technical Architect,mapping_sheet,MAPPED,,5.0,CLOUD,Solutions Architect Associate;Azure Fundamentals;Azure Administrator Associate;Technical-Infrastructure Management-Automation -PowerShell;Technical-Testing-Spec,2026-08-01,2026-09-01,FY26,CONFIRMED_END,Available now,1.0,PROJ-00011886,,CORRUPT PRACTICES INVESTIGATION BUREAU,"[Non-ATFM] CPIB Design, Dev, Implementation & Maint / Gen AI to support CPIB Use Cases GCC+",Solution Architect,Technical Architect,mapping_sheet,MAPPED,,6.0,,,2026-09-01,FY26,5.0
MATCHED,,T3,Position + Grade (+/-),0.0,3.0,1.0,Position + Grade (+/-); available 2026-06-01 <= start 2026-09-01 (idle 3m); grade 8 vs 7,PROJ-00011011,QL-0000006243,TOTE BOARD,[ATFM] Professional Support Services for Project Works - 87 Mandays,Generic Resource 8,Database Administrator,DBA L2,rule,MAPPED - level inferred from grade,,8.0,DATABASE,Database Administrator,2026-05-01,2026-06-01,FY26,CONFIRMED_END,Available now,4.5,PROJ-00010844,QL-0000006008,INTELLECTUAL PROPERTY OFFICE OF SINGAPORE,[ATFM] Year 8 Renewal - IPOS - GCC,01. ATFM DBA,DBA L2,rule,MAPPED - level inferred from grade,,7.0,DATABASE,"Cloud DBA, AWS",2026-09-01,FY26,18.0
MATCHED,,T3,Position + Grade (+/-),1.0,1.0,1.0,Position + Grade (+/-); available 2027-04-01 <= start 2027-05-01 (idle 1m); grade 4 vs 5,PROJ-00010897,QL-0000006192,SINGAPORE CIVIL DEFENCE FORCE,SCDF Mobility Services Year8 FY26,Generic 4,Mobile Support Engineer - Towfeeq,Mobile/Desktop Engineer,rule,MAPPED,,4.0,WORKPLACE,,2027-03-01,2027-04-01,FY27,FY_END_PLAN,Rolling off 7-12m,18.0,PROJ-00011247,QL-0000005605,"AGENCY FOR SCIENCE, TECHNOLOGY AND RESEARCH",[Non-ATFM] : T/ITSS/11/FY25 - IMPLEMENTATION OF INTEGRATED IT END-USER SUPPORT SERVICES FOR A*STAR,L2 Desktop Engineer,Mobile/Desktop Engineer,rule,MAPPED,,5.0,WORKPLACE,Technical-Hardware-Computer Hardware-Desktop & Laptop Troubleshooting,2027-05-01,FY27,18.0
MATCHED,,T3,Position + Grade (+/-),0.04,1.0,1.0,Position + Grade (+/-); available 2027-04-01 <= start 2027-05-01 (idle 1m); grade 6 vs 5,PROJ-00011160,QL-0000006347,HOME TEAM SCIENCE AND TECHNOLOGY AGENCY,[ATFM] xEDI Operation for HTX,Generic Resource 6,IT Security Officer,IT Security Officer,mapping_sheet,MAPPED,,6.0,NETWORK,Technical-Cybersecurity-Advanced Threat Management-Splunk SIEM;Technical-Network-Network Products-Cisco switch;Technical-Network-Network Products-Cisco router,2027-03-01,2027-04-01,FY27,FY_END_PLAN,Rolling off 7-12m,18.0,PROJ-00011247,QL-0000005605,"AGENCY FOR SCIENCE, TECHNOLOGY AND RESEARCH",[Non-ATFM] : T/ITSS/11/FY25 - IMPLEMENTATION OF INTEGRATED IT END-USER SUPPORT SERVICES FOR A*STAR,SDM for SITO Resources,IT Security Officer,rule,MAPPED,,5.0,WORKPLACE,Technical-Hardware-Computer Hardware-System Diagnostics;Technical-Microsoft 365-Office Productivity-Microsoft Outlook;Technical-Microsoft 365-Office Productivit,2027-05-01,FY27,18.5
UNMATCHED RESOURCE,,,,,,,"no line with compatible position/skill, grade and start date in window",PROJ-00007228,QL-0000003444,SINGAPORE POLICE FORCE,[ATFM] Year 8 Renewal [CV]_SPF,Generic Resource 6,Unix Engineer - Edi Waluja,Server Engineer L1,rule,MAPPED - level inferred from grade,,6.0,INFRA_OS,,2027-03-01,2027-04-01,FY27,FY_END_PLAN,Rolling off 7-12m,18.0,,,,,,,,,,,,,,,
UNMATCHED RESOURCE,,,,,,,"no line with compatible position/skill, grade and start date in window",PROJ-00007228,QL-0000003444,SINGAPORE POLICE FORCE,[ATFM] Year 8 Renewal [CV]_SPF,Generic Resource 6,Wintel Engineer - Janzen,Server Engineer L1,rule,MAPPED - level inferred from grade,,6.0,INFRA_OS,,2027-03-01,2027-04-01,FY27,FY_END_PLAN,Rolling off 7-12m,18.0,,,,,,,,,,,,,,,
UNMATCHED RESOURCE,,,,,,,"no line with compatible position/skill, grade and start date in window",PROJ-00007227,QL-0000003447,HOME TEAM ACADEMY,[ATFM] Year 8 Renewal [CV]_HTA,Generic Resource 3,WINTEL L2 - 2,Server Engineer L2,rule,MAPPED,,3.0,INFRA_OS,,2027-03-01,2027-04-01,FY27,FY_END_PLAN,Rolling off 7-12m,18.0,,,,,,,,,,,,,,,
UNMATCHED RESOURCE,,,,,,,"no line with compatible position/skill, grade and start date in window",PROJ-00010568,QL-0000005888,PARLIAMENT OF SINGAPORE,[ATFM] Year 8 Renewal - Parliament,Generic Resource 7,09. ATFM Linux Engineer,Server Engineer L2,rule,MAPPED - level inferred from grade,,7.0,INFRA_OS,,2027-03-01,2027-04-01,FY27,FY_END_PLAN,Rolling off 7-12m,18.0,,,,,,,,,,,,,,,
UNMATCHED RESOURCE,,,,,,,"no line with compatible position/skill, grade and start date in window",PROJ-00010763,QL-0000006003,INSTITUTE OF TECHNICAL EDUCATION,[ATFM] Year 8 Renewal - ITE,Generic Resource 7,Cloud Linux L2,Cloud Engineer L2,rule,MAPPED,,7.0,CLOUD,,2027-03-01,2027-04-01,FY27,FY_END_PLAN,Rolling off 7-12m,12.0,,,,,,,,,,,,,,,
UNMATCHED RESOURCE,,,,,,,"no line with compatible position/skill, grade and start date in window",PROJ-00010633,QL-0000005960,VITAL.ORG,[ATFM] Year 8 Renewal - Vital,Generic Resource 7,Cloud Engineer L3,Cloud Engineer L3,rule,MAPPED - level kept from name (not in Standard Role sheet),,7.0,CLOUD,,2027-03-01,2027-04-01,FY27,FY_END_PLAN,Rolling off 7-12m,18.0,,,,,,,,,,,,,,,
UNMATCHED RESOURCE,,,,,,,"no line with compatible position/skill, grade and start date in window",PROJ-00011247,QL-0000005605,"AGENCY FOR SCIENCE, TECHNOLOGY AND RESEARCH",[Non-ATFM] : T/ITSS/11/FY25 - IMPLEMENTATION OF INTEGRATED IT END-USER SUPPORT SERVICES FOR A*STAR,Generic Resource 3,Tech Refresh Desktop Engineer 1,Mobile/Desktop Engineer,rule,MAPPED,,3.0,WORKPLACE,,2027-03-01,2027-04-01,FY27,FY_END_PLAN,Rolling off 7-12m,18.0,,,,,,,,,,,,,,,
UNMATCHED RESOURCE,,,,,,,"no line with compatible position/skill, grade and start date in window",PROJ-00010718,QL-0000005676,MONETARY AUTHORITY OF SINGAPORE,MAS Onboarding Services Year8 FY26,Generic Resource 3,IT ADMIN - Inshah,DCOps,rule,MAPPED,,3.0,INFRA_OS,,2027-03-01,2027-04-01,FY27,FY_END_PLAN,Rolling off 7-12m,4.5,,,,,,,,,,,,,,,
UNMATCHED RESOURCE,,,,,,,"no line with compatible position/skill, grade and start date in window",PROJ-00009701,QL-0000005316,URBAN REDEVELOPMENT AUTHORITY,[ATFM] Year 8 Renewal [CV]_URA,Generic Resource 7,Cloud Wintel Engineer L3,Cloud Engineer L3,rule,MAPPED - level kept from name (not in Standard Role sheet),,7.0,CLOUD,,2027-03-01,2027-04-01,FY27,FY_END_PLAN,Rolling off 7-12m,18.0,,,,,,,,,,,,,,,
UNMATCHED RESOURCE,,,,,,,"no line with compatible position/skill, grade and start date in window",PROJ-00010706,QL-0000005971,OSSC,[ATFM] Year 8 Renewal - Judiciary,Generic Resource 7,02. ATFM SDM (HRC - 20260223002) - Abdul Aliff,SDM,rule,MAPPED,,7.0,SERVICE_MGMT,,2027-03-01,2027-04-01,FY27,FY_END_PLAN,Rolling off 7-12m,18.0,,,,,,,,,,,,,,,
UNMATCHED RESOURCE,,,,,,,"no line with compatible position/skill, grade and start date in window",PROJ-00010706,QL-0000005971,OSSC,[ATFM] Year 8 Renewal - Judiciary,Generic Resource 8,07. ATFM Service Delivery Lead - (HCR2026041001040) - Yusuf Riyaz,SDM,rule,MAPPED,,8.0,SERVICE_MGMT,,2027-03-01,2027-04-01,FY27,FY_END_PLAN,Rolling off 7-12m,18.0,,,,,,,,,,,,,,,
UNMATCHED RESOURCE,,,,,,,"no line with compatible position/skill, grade and start date in window",PROJ-00010706,QL-0000005971,OSSC,[ATFM] Year 8 Renewal - Judiciary,Generic Resource 7,31. ATFM State Courts/FJC Linux Engineer (HCR2026062601423)- Eureka,Server Engineer L2,rule,MAPPED - level inferred from grade,,7.0,INFRA_OS,,2027-03-01,2027-04-01,FY27,FY_END_PLAN,Rolling off 7-12m,18.0,,,,,,,,,,,,,,,
UNMATCHED RESOURCE,FOR REVIEW - position name unmapped,,,,,,"no line with compatible position/skill, grade and start date in window",PROJ-00010706,QL-0000005971,OSSC,[ATFM] Year 8 Renewal - Judiciary,Generic Resource 7,34. TFM Supreme Court Lead (HCR2026061601378) - Lincoln Tan,UNMAPPED - FOR REVIEW,unmapped,FOR REVIEW,,7.0,,,2027-03-01,2027-04-01,FY27,FY_END_PLAN,Rolling off 7-12m,18.0,,,,,,,,,,,,,,,
UNMATCHED RESOURCE,,,,,,,"no line with compatible position/skill, grade and start date in window",PROJ-00010706,QL-0000005971,OSSC,[ATFM] Year 8 Renewal - Judiciary,Generic Resource 8,04. Cloud Technical Manager - (HRC - 20251007001) - Sridhar,SDM,rule,MAPPED,,8.0,SERVICE_MGMT,,2027-03-01,2027-04-01,FY27,FY_END_PLAN,Rolling off 7-12m,18.0,,,,,,,,,,,,,,,
UNMATCHED RESOURCE,,,,,,,"no line with compatible position/skill, grade and start date in window",PROJ-00010706,QL-0000005971,OSSC,[ATFM] Year 8 Renewal - Judiciary,Generic Resource 8,27. ATFM Linux Lead (HRC - 20251007001) - Vedarathinam Manikandakumar,Server Engineer L2,rule,MAPPED - level inferred from grade,,8.0,INFRA_OS,,2027-03-01,2027-04-01,FY27,FY_END_PLAN,Rolling off 7-12m,18.0,,,,,,,,,,,,,,,
UNMATCHED RESOURCE,,,,,,,"no line with compatible position/skill, grade and start date in window",PROJ-00011160,QL-0000006347,HOME TEAM SCIENCE AND TECHNOLOGY AGENCY,[ATFM] xEDI Operation for HTX,Generic Resource 7,Network Engineer,Network Engineer L2,rule,MAPPED - level inferred from grade,,7.0,NETWORK,,2027-03-01,2027-04-01,FY27,FY_END_PLAN,Rolling off 7-12m,18.0,,,,,,,,,,,,,,,
UNMATCHED RESOURCE,,,,,,,"no line with compatible position/skill, grade and start date in window",PROJ-00011160,QL-0000006347,HOME TEAM SCIENCE AND TECHNOLOGY AGENCY,[ATFM] xEDI Operation for HTX,Generic Resource 7,Network Engineer,Network Engineer L2,rule,MAPPED - level inferred from grade,,7.0,NETWORK,,2027-03-01,2027-04-01,FY27,FY_END_PLAN,Rolling off 7-12m,18.0,,,,,,,,,,,,,,,
UNMATCHED RESOURCE,,,,,,,"no line with compatible position/skill, grade and start date in window",PROJ-00011160,QL-0000006347,HOME TEAM SCIENCE AND TECHNOLOGY AGENCY,[ATFM] xEDI Operation for HTX,Generic Resource 7,System Engineer,Server Engineer L2,rule,MAPPED - level inferred from grade,,7.0,INFRA_OS,,2027-03-01,2027-04-01,FY27,FY_END_PLAN,Rolling off 7-12m,18.0,,,,,,,,,,,,,,,
UNMATCHED RESOURCE,,,,,,,"no line with compatible position/skill, grade and start date in window",PROJ-00010784,QL-0000006135,MONETARY AUTHORITY OF SINGAPORE,MAS RAS Year8 FY26,Generic 4,DC Ops - Jaylord,DCOps,rule,MAPPED,,4.0,INFRA_OS,,2027-03-01,2027-04-01,FY27,FY_END_PLAN,Rolling off 7-12m,18.0,,,,,,,,,,,,,,,
UNMATCHED RESOURCE,,,,,,,"no line with compatible position/skill, grade and start date in window",PROJ-00011057,QL-0000006267,LAND TRANSPORT AUTHORITY OF SINGAPORE,[ATFM] Additional PSS for ITSO (1 Jul 2026 - 31 Mar 2027),Generic Resource 7,ITSO,IT Security Officer,mapping_sheet,MAPPED,,7.0,SECURITY,,2027-03-01,2027-04-01,FY27,FY_END_PLAN,Rolling off 7-12m,18.0,,,,,,,,,,,,,,,
UNMATCHED RESOURCE,,,,,,,"no line with compatible position/skill, grade and start date in window",PROJ-00001918,,,ATFM Back End Support,Generic Resource 5,Data analyst,Data Analyst,rule,MAPPED,,5.0,DATA_ANALYTICS,,2027-03-01,2027-04-01,FY27,FY_END_PLAN,Rolling off 7-12m,18.0,,,,,,,,,,,,,,,
UNMATCHED RESOURCE,,,,,,,"no line with compatible position/skill, grade and start date in window",PROJ-00001918,,,ATFM Back End Support,Generic Resource 8,Advisory Architect,Technical Architect,rule,MAPPED,,8.0,,,2027-03-01,2027-04-01,FY27,FY_END_PLAN,Rolling off 7-12m,18.0,,,,,,,,,,,,,,,
UNMATCHED RESOURCE,,,,,,,"no line with compatible position/skill, grade and start date in window",PROJ-00001918,,,ATFM Back End Support,Generic Resource 7,Network Engineer,Network Engineer L2,rule,MAPPED - level inferred from grade,,7.0,NETWORK,,2027-03-01,2027-04-01,FY27,FY_END_PLAN,Rolling off 7-12m,8.0,,,,,,,,,,,,,,,
UNMATCHED RESOURCE,,,,,,,"no line with compatible position/skill, grade and start date in window",PROJ-00011847,,LAND TRANSPORT AUTHORITY OF SINGAPORE,[ATFM] Year 8 Renewal [CV] LTA - Professional Support Services (Usage Based),Generic 4,IT/SR Admin 2 [Sundari Mahadevan],DCOps,rule,MAPPED,,4.0,INFRA_OS,,2027-03-01,2027-04-01,FY27,FY_END_PLAN,Rolling off 7-12m,18.0,,,,,,,,,,,,,,,
UNMATCHED RESOURCE,,,,,,,"no line with compatible position/skill, grade and start date in window",PROJ-00011847,,LAND TRANSPORT AUTHORITY OF SINGAPORE,[ATFM] Year 8 Renewal [CV] LTA - Professional Support Services (Usage Based),Generic Resource 3,IT/SR Admin 3 [Malathy D/O Manoharan],DCOps,rule,MAPPED,,3.0,INFRA_OS,,2027-03-01,2027-04-01,FY27,FY_END_PLAN,Rolling off 7-12m,18.0,,,,,,,,,,,,,,,
UNMATCHED RESOURCE,,,,,,,"no line with compatible position/skill, grade and start date in window",PROJ-00010706,QL-0000005971,OSSC,[ATFM] Year 8 Renewal - Judiciary,Generic Resource 6,40. TFM State Courts Wintel Engineer (HRC - 20250818001) - Leonard Seam,Server Engineer L1,rule,MAPPED - level inferred from grade,,6.0,INFRA_OS,,2027-03-01,2027-04-01,FY27,FY_END_PLAN,Rolling off 7-12m,18.0,,,,,,,,,,,,,,,
UNMATCHED RESOURCE,,,,,,,"no line with compatible position/skill, grade and start date in window",PROJ-00007228,QL-0000003444,SINGAPORE POLICE FORCE,[ATFM] Year 8 Renewal [CV]_SPF,Generic Resource 5,Storage Engineer,Backup/Storage Engineer L1,rule,MAPPED - level inferred from grade,,5.0,INFRA_OS,,2027-03-01,2027-04-01,FY27,FY_END_PLAN,Rolling off 7-12m,18.0,,,,,,,,,,,,,,,
UNMATCHED RESOURCE,,,,,,,"no line with compatible position/skill, grade and start date in window",PROJ-00007233,QL-0000003425,IMMIGRATION & CHECKPOINTS AUTHORITY,[ATFM] Year 8 Renewal [CV]_ICA,Generic Resource 7,Network L2,Network Engineer L2,rule,MAPPED,,7.0,NETWORK,,2027-03-01,2027-04-01,FY27,FY_END_PLAN,Rolling off 7-12m,18.0,,,,,,,,,,,,,,,
UNMATCHED RESOURCE,FOR REVIEW - position name unmapped,,,,,,"no line with compatible position/skill, grade and start date in window",PROJ-00011519,QL-0000006614,MINISTRY OF TRADE AND INDUSTRY,[ATFM] Additional PSS works & System Restoration project,Generic Resource 8,Day 1 Team,UNMAPPED - FOR REVIEW,unmapped,FOR REVIEW,,8.0,,,2026-12-01,2027-01-01,FY26,CONFIRMED_END,Rolling off 0-6m,18.0,,,,,,,,,,,,,,,
UNMATCHED RESOURCE,,,,,,,"no line with compatible position/skill, grade and start date in window",PROJ-00011519,QL-0000006614,MINISTRY OF TRADE AND INDUSTRY,[ATFM] Additional PSS works & System Restoration project,Generic Resource 3,IT ADMIN,DCOps,rule,MAPPED,,3.0,INFRA_OS,,2027-03-01,2027-04-01,FY27,FY_END_PLAN,Rolling off 7-12m,18.0,,,,,,,,,,,,,,,
UNMATCHED RESOURCE,,,,,,,"no line with compatible position/skill, grade and start date in window",PROJ-00007226,QL-0000003446,SINGAPORE PRISON SERVICE,[ATFM] Year 8 Renewal [CV]_SPS,Generic Resource 3,DC Ops - L1,DCOps,rule,MAPPED,,3.0,INFRA_OS,,2027-03-01,2027-04-01,FY27,FY_END_PLAN,Rolling off 7-12m,18.0,,,,,,,,,,,,,,,
UNMATCHED RESOURCE,,,,,,,"no line with compatible position/skill, grade and start date in window",PROJ-00007232,QL-0000003445,SINGAPORE CIVIL DEFENCE FORCE,SCDF Base Year8 FY26,Generic Resource 3,Network Engineer - Renjith,Network Engineer L1,rule,MAPPED - level inferred from grade,,3.0,NETWORK,,2027-03-01,2027-04-01,FY27,FY_END_PLAN,Rolling off 7-12m,18.0,,,,,,,,,,,,,,,
UNMATCHED RESOURCE,,,,,,,"no line with compatible position/skill, grade and start date in window",PROJ-00010698,QL-0000005481,ENERGY MARKET AUTHORITY,[ATFM] Year 8 Renewal [CV]_EMA,Generic 4,IT ADMIN,DCOps,rule,MAPPED,,4.0,INFRA_OS,,2027-03-01,2027-04-01,FY27,FY_END_PLAN,Rolling off 7-12m,18.0,,,,,,,,,,,,,,,
UNMATCHED RESOURCE,,,,,,,"no line with compatible position/skill, grade and start date in window",PROJ-00011160,QL-0000006347,HOME TEAM SCIENCE AND TECHNOLOGY AGENCY,[ATFM] xEDI Operation for HTX,Generic Resource 7,Network Engineer,Network Engineer L2,rule,MAPPED - level inferred from grade,,7.0,NETWORK,,2027-03-01,2027-04-01,FY27,FY_END_PLAN,Rolling off 7-12m,18.0,,,,,,,,,,,,,,,
UNMATCHED RESOURCE,,,,,,,"no line with compatible position/skill, grade and start date in window",PROJ-00011160,QL-0000006347,HOME TEAM SCIENCE AND TECHNOLOGY AGENCY,[ATFM] xEDI Operation for HTX,Generic Resource 7,Network Engineer,Network Engineer L2,rule,MAPPED - level inferred from grade,,7.0,NETWORK,,2027-03-01,2027-04-01,FY27,FY_END_PLAN,Rolling off 7-12m,18.0,,,,,,,,,,,,,,,
UNMATCHED RESOURCE,,,,,,,"no line with compatible position/skill, grade and start date in window",PROJ-00011160,QL-0000006347,HOME TEAM SCIENCE AND TECHNOLOGY AGENCY,[ATFM] xEDI Operation for HTX,Generic Resource 7,System Engineer,Server Engineer L2,rule,MAPPED - level inferred from grade,,7.0,INFRA_OS,,2027-03-01,2027-04-01,FY27,FY_END_PLAN,Rolling off 7-12m,18.0,,,,,,,,,,,,,,,
UNMATCHED RESOURCE,,,,,,,"no line with compatible position/skill, grade and start date in window",PROJ-00001918,,,ATFM Back End Support,Generic Resource 7,Advisory Architect,Technical Architect,rule,MAPPED,,7.0,,,2027-03-01,2027-04-01,FY27,FY_END_PLAN,Rolling off 7-12m,18.0,,,,,,,,,,,,,,,
UNMATCHED RESOURCE,,,,,,,"no line with compatible position/skill, grade and start date in window",PROJ-00001918,,,ATFM Back End Support,Generic Resource 8,Command Centre Manager,SDM,rule,MAPPED,,8.0,SERVICE_MGMT,,2027-03-01,2027-04-01,FY27,FY_END_PLAN,Rolling off 7-12m,18.0,,,,,,,,,,,,,,,
UNMATCHED RESOURCE,,,,,,,"no line with compatible position/skill, grade and start date in window",PROJ-00001918,,,ATFM Back End Support,Generic Resource 8,Command Centre Manager,SDM,rule,MAPPED,,8.0,SERVICE_MGMT,,2027-03-01,2027-04-01,FY27,FY_END_PLAN,Rolling off 7-12m,18.0,,,,,,,,,,,,,,,
UNMATCHED RESOURCE,,,,,,,"no line with compatible position/skill, grade and start date in window",PROJ-00007225,QL-0000003465,MINISTRY OF HOME AFFAIRS,[ATFM] Year 8 Renewal [CV]_MHQ,Generic Resource 6,Network Engineer,Network Engineer L1,rule,MAPPED - level inferred from grade,,6.0,NETWORK,,2027-03-01,2027-04-01,FY27,FY_END_PLAN,Rolling off 7-12m,18.0,,,,,,,,,,,,,,,
UNMATCHED RESOURCE,,,,,,,"no line with compatible position/skill, grade and start date in window",PROJ-00010568,QL-0000005888,PARLIAMENT OF SINGAPORE,[ATFM] Year 8 Renewal - Parliament,Generic Resource 6,08. AFM Wintel Engineer L1 (HCR2026041501055) - Fahmie,Server Engineer L1,rule,MAPPED,,6.0,INFRA_OS,,2027-03-01,2027-04-01,FY27,FY_END_PLAN,Rolling off 7-12m,18.0,,,,,,,,,,,,,,,
UNMATCHED RESOURCE,,,,,,,"no line with compatible position/skill, grade and start date in window",PROJ-00010628,QL-0000005885,"MINISTRY OF CULTURE, COMMUNITY AND YOUTH",[ATFM] Year 8 Renewal - MCCY - TFM,Generic Resource 7,Service Delivery Manager,SDM,mapping_sheet,MAPPED,,7.0,SERVICE_MGMT,,2027-03-01,2027-04-01,FY27,FY_END_PLAN,Rolling off 7-12m,18.0,,,,,,,,,,,,,,,
UNMATCHED RESOURCE,,,,,,,"no line with compatible position/skill, grade and start date in window",PROJ-00010628,QL-0000005885,"MINISTRY OF CULTURE, COMMUNITY AND YOUTH",[ATFM] Year 8 Renewal - MCCY - TFM,Generic Resource 6,Cloud Wintel Engineer L2,Cloud Engineer L2,rule,MAPPED,,6.0,CLOUD,,2027-03-01,2027-04-01,FY27,FY_END_PLAN,Rolling off 7-12m,18.0,,,,,,,,,,,,,,,
UNMATCHED RESOURCE,,,,,,,"no line with compatible position/skill, grade and start date in window",PROJ-00010628,QL-0000005885,"MINISTRY OF CULTURE, COMMUNITY AND YOUTH",[ATFM] Year 8 Renewal - MCCY - TFM,Generic Resource 7,Cloud Wintel Engineer L3,Cloud Engineer L3,rule,MAPPED - level kept from name (not in Standard Role sheet),,7.0,CLOUD,,2027-03-01,2027-04-01,FY27,FY_END_PLAN,Rolling off 7-12m,18.0,,,,,,,,,,,,,,,
UNMATCHED RESOURCE,,,,,,,"no line with compatible position/skill, grade and start date in window",PROJ-00010773,QL-0000006126,SINGAPORE POLICE FORCE,[ATFM] Cisco AppDynamics APM Services for Year 8 Renewal,Generic Resource 7,Project MGR,Project Manager,rule,MAPPED,,7.0,PROJECT_MGMT,,2027-03-01,2027-04-01,FY27,FY_END_PLAN,Rolling off 7-12m,9.0,,,,,,,,,,,,,,,
UNMATCHED RESOURCE,,,,,,,"no line with compatible position/skill, grade and start date in window",PROJ-00010773,QL-0000006126,SINGAPORE POLICE FORCE,[ATFM] Cisco AppDynamics APM Services for Year 8 Renewal,Generic Resource 8,APM Engineer,Tools Engineer L3 (Observability),rule,MAPPED - level inferred from grade,,8.0,,,2027-03-01,2027-04-01,FY27,FY_END_PLAN,Rolling off 7-12m,18.0,,,,,,,,,,,,,,,
UNMATCHED RESOURCE,FOR REVIEW - position name unmapped,,,,,,"no line with compatible position/skill, grade and start date in window",PROJ-00010706,QL-0000005971,OSSC,[ATFM] Year 8 Renewal - Judiciary,Generic Resource 7,38. TFM State Courts/FJC Lead - (HRC - 20260227003) - Chong Zhen Rong,UNMAPPED - FOR REVIEW,unmapped,FOR REVIEW,,7.0,,,2027-03-01,2027-04-01,FY27,FY_END_PLAN,Rolling off 7-12m,18.0,,,,,,,,,,,,,,,
UNMATCHED RESOURCE,,,,,,,"no line with compatible position/skill, grade and start date in window",PROJ-00001918,,,ATFM Back End Support,Generic 4,Response Centre Engineer,Service Desk Agent,rule,MAPPED,,4.0,SERVICE_MGMT,,2027-03-01,2027-04-01,FY27,FY_END_PLAN,Rolling off 7-12m,18.0,,,,,,,,,,,,,,,
UNMATCHED RESOURCE,,,,,,,"no line with compatible position/skill, grade and start date in window",PROJ-00001918,,,ATFM Back End Support,Generic 4,Response Centre Engineer,Service Desk Agent,rule,MAPPED,,4.0,SERVICE_MGMT,,2027-03-01,2027-04-01,FY27,FY_END_PLAN,Rolling off 7-12m,18.0,,,,,,,,,,,,,,,
UNMATCHED RESOURCE,,,,,,,"no line with compatible position/skill, grade and start date in window",PROJ-00001918,,,ATFM Back End Support,Generic Resource 5,ITSM Engineer,IT Service Mgt Engineer,rule,MAPPED,,5.0,SERVICE_MGMT,,2027-03-01,2027-04-01,FY27,FY_END_PLAN,Rolling off 7-12m,18.0,,,,,,,,,,,,,,,
UNMATCHED RESOURCE,,,,,,,"no line with compatible position/skill, grade and start date in window",PROJ-00001918,,,ATFM Back End Support,Generic Resource 7,System Engineer,Server Engineer L2,rule,MAPPED - level inferred from grade,,7.0,INFRA_OS,,2026-12-01,2027-01-01,FY26,CONFIRMED_END,Rolling off 0-6m,18.0,,,,,,,,,,,,,,,
UNMATCHED RESOURCE,,,,,,,"no line with compatible position/skill, grade and start date in window",PROJ-00007228,QL-0000003444,SINGAPORE POLICE FORCE,[ATFM] Year 8 Renewal [CV]_SPF,Generic Resource 7,Network Engineer1 - L2,Network Engineer L2,rule,MAPPED,,7.0,NETWORK,,2027-03-01,2027-04-01,FY27,FY_END_PLAN,Rolling off 7-12m,18.0,,,,,,,,,,,,,,,
UNMATCHED RESOURCE,,,,,,,"no line with compatible position/skill, grade and start date in window",PROJ-00007225,QL-0000003465,MINISTRY OF HOME AFFAIRS,[ATFM] Year 8 Renewal [CV]_MHQ,Generic Resource 6,Wintel Engineer - James Lee,Server Engineer L1,rule,MAPPED - level inferred from grade,,6.0,INFRA_OS,,2027-03-01,2027-04-01,FY27,FY_END_PLAN,Rolling off 7-12m,18.0,,,,,,,,,,,,,,,
UNMATCHED RESOURCE,,,,,,,"no line with compatible position/skill, grade and start date in window",PROJ-00007225,QL-0000003465,MINISTRY OF HOME AFFAIRS,[ATFM] Year 8 Renewal [CV]_MHQ,Generic 4,Network Engineer 4a,Network Engineer L1,rule,MAPPED - level inferred from grade,,4.0,NETWORK,,2027-03-01,2027-04-01,FY27,FY_END_PLAN,Rolling off 7-12m,18.0,,,,,,,,,,,,,,,
UNMATCHED RESOURCE,,,,,,,"no line with compatible position/skill, grade and start date in window",PROJ-00007225,QL-0000003465,MINISTRY OF HOME AFFAIRS,[ATFM] Year 8 Renewal [CV]_MHQ,Generic 4,Network Engineer,Network Engineer L1,rule,MAPPED - level inferred from grade,,4.0,NETWORK,,2027-03-01,2027-04-01,FY27,FY_END_PLAN,Rolling off 7-12m,18.0,,,,,,,,,,,,,,,
UNMATCHED RESOURCE,,,,,,,"no line with compatible position/skill, grade and start date in window",PROJ-00010763,QL-0000006003,INSTITUTE OF TECHNICAL EDUCATION,[ATFM] Year 8 Renewal - ITE,Generic Resource 8,Cloud Linux L2,Cloud Engineer L2,rule,MAPPED,,8.0,CLOUD,,2027-03-01,2027-04-01,FY27,FY_END_PLAN,Rolling off 7-12m,3.6,,,,,,,,,,,,,,,
UNMATCHED RESOURCE,,,,,,,"no line with compatible position/skill, grade and start date in window",PROJ-00007226,QL-0000003446,SINGAPORE PRISON SERVICE,[ATFM] Year 8 Renewal [CV]_SPS,Generic Resource 6,Data analyst,Data Analyst,rule,MAPPED,,6.0,DATA_ANALYTICS,,2027-03-01,2027-04-01,FY27,FY_END_PLAN,Rolling off 7-12m,18.0,,,,,,,,,,,,,,,
UNMATCHED RESOURCE,,,,,,,"no line with compatible position/skill, grade and start date in window",PROJ-00010633,QL-0000005960,VITAL.ORG,[ATFM] Year 8 Renewal - Vital,Generic Resource 8,Cloud Engineer,Cloud Engineer L2,rule,MAPPED - level inferred from grade,,8.0,CLOUD,,2026-07-01,2026-08-01,FY26,CONFIRMED_END,Available now,9.0,,,,,,,,,,,,,,,
UNMATCHED RESOURCE,,,,,,,"no line with compatible position/skill, grade and start date in window",PROJ-00011247,QL-0000005605,"AGENCY FOR SCIENCE, TECHNOLOGY AND RESEARCH",[Non-ATFM] : T/ITSS/11/FY25 - IMPLEMENTATION OF INTEGRATED IT END-USER SUPPORT SERVICES FOR A*STAR,Generic Resource 3,Service Desk L1 -2,Service Desk Agent,rule,MAPPED,,3.0,SERVICE_MGMT,,2027-03-01,2027-04-01,FY27,FY_END_PLAN,Rolling off 7-12m,18.0,,,,,,,,,,,,,,,
UNMATCHED RESOURCE,,,,,,,"no line with compatible position/skill, grade and start date in window",PROJ-00011247,QL-0000005605,"AGENCY FOR SCIENCE, TECHNOLOGY AND RESEARCH",[Non-ATFM] : T/ITSS/11/FY25 - IMPLEMENTATION OF INTEGRATED IT END-USER SUPPORT SERVICES FOR A*STAR,Generic Resource 3,Service desk Team Lead,Service Desk Agent,rule,MAPPED,,3.0,SERVICE_MGMT,,2027-03-01,2027-04-01,FY27,FY_END_PLAN,Rolling off 7-12m,18.0,,,,,,,,,,,,,,,
UNMATCHED RESOURCE,,,,,,,"no line with compatible position/skill, grade and start date in window",PROJ-00011247,QL-0000005605,"AGENCY FOR SCIENCE, TECHNOLOGY AND RESEARCH",[Non-ATFM] : T/ITSS/11/FY25 - IMPLEMENTATION OF INTEGRATED IT END-USER SUPPORT SERVICES FOR A*STAR,Generic Resource 3,IT Asset Admin - 1,DCOps,rule,MAPPED,,3.0,INFRA_OS,,2027-03-01,2027-04-01,FY27,FY_END_PLAN,Rolling off 7-12m,18.0,,,,,,,,,,,,,,,
UNMATCHED RESOURCE,,,,,,,"no line with compatible position/skill, grade and start date in window",PROJ-00011247,QL-0000005605,"AGENCY FOR SCIENCE, TECHNOLOGY AND RESEARCH",[Non-ATFM] : T/ITSS/11/FY25 - IMPLEMENTATION OF INTEGRATED IT END-USER SUPPORT SERVICES FOR A*STAR,Generic Resource 3,IT Asset Admin -2,DCOps,rule,MAPPED,,3.0,INFRA_OS,,2027-03-01,2027-04-01,FY27,FY_END_PLAN,Rolling off 7-12m,18.0,,,,,,,,,,,,,,,
UNMATCHED RESOURCE,,,,,,,"no line with compatible position/skill, grade and start date in window",PROJ-00011064,QL-0000005966,"AGENCY FOR SCIENCE, TECHNOLOGY AND RESEARCH",[Non-ATFM]: Implementation of SPACE AND INFRASTRUCTURE MANAGEMENT SYSTEM (SIMS,Generic Resource 8,Data analyst,Data Analyst,rule,MAPPED,,8.0,DATA_ANALYTICS,,2026-07-01,2026-08-01,FY26,CONFIRMED_END,Available now,9.0,,,,,,,,,,,,,,,
UNMATCHED RESOURCE,,,,,,,"no line with compatible position/skill, grade and start date in window",PROJ-00010706,QL-0000005971,OSSC,[ATFM] Year 8 Renewal - Judiciary,Generic Resource 3,20. AFM IT Admin #3 (Masherdawaty),DCOps,rule,MAPPED,,3.0,INFRA_OS,,2027-03-01,2027-04-01,FY27,FY_END_PLAN,Rolling off 7-12m,18.0,,,,,,,,,,,,,,,
UNMATCHED RESOURCE,,,,,,,"no line with compatible position/skill, grade and start date in window",PROJ-00010706,QL-0000005971,OSSC,[ATFM] Year 8 Renewal - Judiciary,Generic Resource 3,99. AFM DC Ops #4 (Roving) - RESIGNED,DCOps,rule,MAPPED,,3.0,INFRA_OS,,2026-06-01,2026-07-01,FY26,CONFIRMED_END,Available now,18.0,,,,,,,,,,,,,,,
UNMATCHED RESOURCE,,,,,,,"no line with compatible position/skill, grade and start date in window",PROJ-00010706,QL-0000005971,OSSC,[ATFM] Year 8 Renewal - Judiciary,Generic Resource 6,33.  ATFM Linux Engineer (Assigned to Parliament),Server Engineer L1,rule,MAPPED - level inferred from grade,,6.0,INFRA_OS,,2027-03-01,2027-04-01,FY27,FY_END_PLAN,Rolling off 7-12m,18.0,,,,,,,,,,,,,,,
UNMATCHED RESOURCE,,,,,,,"no line with compatible position/skill, grade and start date in window",PROJ-00010817,QL-0000005978,COMPETITION AND CONSUMER COMMISSION OF SINGAPORE,[ATFM] Year 8 Renewal - CCCS,Generic Resource 8,Business Analyst,Business Analyst,rule,MAPPED,,8.0,DATA_ANALYTICS,,2026-07-01,2026-08-01,FY26,CONFIRMED_END,Available now,9.0,,,,,,,,,,,,,,,
UNMATCHED RESOURCE,,,,,,,"no line with compatible position/skill, grade and start date in window",PROJ-00011210,QL-0000006339,"AGENCY FOR SCIENCE, TECHNOLOGY AND RESEARCH",[Non-ATFM]: WOA CV extension for 3 month,Generic 4,Service Desk,Service Desk Agent,rule,MAPPED,,4.0,SERVICE_MGMT,,2026-08-01,2026-09-01,FY26,CONFIRMED_END,Available now,18.0,,,,,,,,,,,,,,,
UNMATCHED RESOURCE,,,,,,,"no line with compatible position/skill, grade and start date in window",PROJ-00011210,QL-0000006339,"AGENCY FOR SCIENCE, TECHNOLOGY AND RESEARCH",[Non-ATFM]: WOA CV extension for 3 month,Generic Resource 3,Service Desk,Service Desk Agent,rule,MAPPED,,3.0,SERVICE_MGMT,,2026-08-01,2026-09-01,FY26,CONFIRMED_END,Available now,18.0,,,,,,,,,,,,,,,
UNMATCHED RESOURCE,,,,,,,"no line with compatible position/skill, grade and start date in window",PROJ-00011210,QL-0000006339,"AGENCY FOR SCIENCE, TECHNOLOGY AND RESEARCH",[Non-ATFM]: WOA CV extension for 3 month,Generic 4,Service Desk,Service Desk Agent,rule,MAPPED,,4.0,SERVICE_MGMT,,2026-08-01,2026-09-01,FY26,CONFIRMED_END,Available now,18.0,,,,,,,,,,,,,,,
UNMATCHED RESOURCE,,,,,,,"no line with compatible position/skill, grade and start date in window",PROJ-00011210,QL-0000006339,"AGENCY FOR SCIENCE, TECHNOLOGY AND RESEARCH",[Non-ATFM]: WOA CV extension for 3 month,Generic 4,Service Desk QA,Service Desk Agent,rule,MAPPED,,4.0,SERVICE_MGMT,,2026-08-01,2026-09-01,FY26,CONFIRMED_END,Available now,18.0,,,,,,,,,,,,,,,
UNMATCHED RESOURCE,,,,,,,"no line with compatible position/skill, grade and start date in window",PROJ-00011210,QL-0000006339,"AGENCY FOR SCIENCE, TECHNOLOGY AND RESEARCH",[Non-ATFM]: WOA CV extension for 3 month,Generic Resource 3,Helpdesk,Service Desk Agent,rule,MAPPED,,3.0,SERVICE_MGMT,,2026-08-01,2026-09-01,FY26,CONFIRMED_END,Available now,18.0,,,,,,,,,,,,,,,
UNMATCHED RESOURCE,,,,,,,"no line with compatible position/skill, grade and start date in window",PROJ-00011210,QL-0000006339,"AGENCY FOR SCIENCE, TECHNOLOGY AND RESEARCH",[Non-ATFM]: WOA CV extension for 3 month,Generic Resource 3,Desktop L1,Mobile/Desktop Engineer,rule,MAPPED,,3.0,WORKPLACE,,2026-08-01,2026-09-01,FY26,CONFIRMED_END,Available now,18.0,,,,,,,,,,,,,,,
UNMATCHED RESOURCE,,,,,,,"no line with compatible position/skill, grade and start date in window",PROJ-00011210,QL-0000006339,"AGENCY FOR SCIENCE, TECHNOLOGY AND RESEARCH",[Non-ATFM]: WOA CV extension for 3 month,Generic Resource 3,ServiceDesk Lead,Service Desk Lead,rule,MAPPED,,3.0,SERVICE_MGMT,,2026-08-01,2026-09-01,FY26,CONFIRMED_END,Available now,18.0,,,,,,,,,,,,,,,
UNMATCHED RESOURCE,,,,,,,"no line with compatible position/skill, grade and start date in window",PROJ-00011210,QL-0000006339,"AGENCY FOR SCIENCE, TECHNOLOGY AND RESEARCH",[Non-ATFM]: WOA CV extension for 3 month,Generic 4,Desktop,Mobile/Desktop Engineer,rule,MAPPED,,4.0,WORKPLACE,,2026-08-01,2026-09-01,FY26,CONFIRMED_END,Available now,18.0,,,,,,,,,,,,,,,
UNMATCHED RESOURCE,,,,,,,"no line with compatible position/skill, grade and start date in window",PROJ-00011210,QL-0000006339,"AGENCY FOR SCIENCE, TECHNOLOGY AND RESEARCH",[Non-ATFM]: WOA CV extension for 3 month,Generic Resource 3,Desktop Engineer,Mobile/Desktop Engineer,rule,MAPPED,,3.0,WORKPLACE,,2026-08-01,2026-09-01,FY26,CONFIRMED_END,Available now,18.0,,,,,,,,,,,,,,,
UNMATCHED RESOURCE,,,,,,,"no line with compatible position/skill, grade and start date in window",PROJ-00011210,QL-0000006339,"AGENCY FOR SCIENCE, TECHNOLOGY AND RESEARCH",[Non-ATFM]: WOA CV extension for 3 month,Generic 4,Desktop Engineer,Mobile/Desktop Engineer,rule,MAPPED,,4.0,WORKPLACE,,2026-08-01,2026-09-01,FY26,CONFIRMED_END,Available now,18.0,,,,,,,,,,,,,,,
UNMATCHED RESOURCE,,,,,,,"no line with compatible position/skill, grade and start date in window",PROJ-00011160,QL-0000006347,HOME TEAM SCIENCE AND TECHNOLOGY AGENCY,[ATFM] xEDI Operation for HTX,Generic Resource 7,Network Engineer (1),Network Engineer L2,rule,MAPPED - level inferred from grade,,7.0,NETWORK,,2027-03-01,2027-04-01,FY27,FY_END_PLAN,Rolling off 7-12m,18.0,,,,,,,,,,,,,,,
UNMATCHED RESOURCE,,,,,,,"no line with compatible position/skill, grade and start date in window",PROJ-00011160,QL-0000006347,HOME TEAM SCIENCE AND TECHNOLOGY AGENCY,[ATFM] xEDI Operation for HTX,Generic Resource 7,Network Engineer (3),Network Engineer L2,rule,MAPPED - level inferred from grade,,7.0,NETWORK,,2027-03-01,2027-04-01,FY27,FY_END_PLAN,Rolling off 7-12m,18.0,,,,,,,,,,,,,,,
UNMATCHED RESOURCE,,,,,,,"no line with compatible position/skill, grade and start date in window",PROJ-00011160,QL-0000006347,HOME TEAM SCIENCE AND TECHNOLOGY AGENCY,[ATFM] xEDI Operation for HTX,Generic Resource 6,Network Engineer (4),Network Engineer L1,rule,MAPPED - level inferred from grade,,6.0,NETWORK,,2027-03-01,2027-04-01,FY27,FY_END_PLAN,Rolling off 7-12m,18.0,,,,,,,,,,,,,,,
UNMATCHED RESOURCE,,,,,,,"no line with compatible position/skill, grade and start date in window",PROJ-00011160,QL-0000006347,HOME TEAM SCIENCE AND TECHNOLOGY AGENCY,[ATFM] xEDI Operation for HTX,Generic Resource 6,Network Engineer (5),Network Engineer L1,rule,MAPPED - level inferred from grade,,6.0,NETWORK,,2027-03-01,2027-04-01,FY27,FY_END_PLAN,Rolling off 7-12m,18.0,,,,,,,,,,,,,,,
UNMATCHED RESOURCE,,,,,,,"no line with compatible position/skill, grade and start date in window",PROJ-00011160,QL-0000006347,HOME TEAM SCIENCE AND TECHNOLOGY AGENCY,[ATFM] xEDI Operation for HTX,Generic Resource 8,Network Engineer (6) - 24x7,Network Engineer L3,rule,MAPPED - level inferred from grade,,8.0,NETWORK,,2027-03-01,2027-04-01,FY27,FY_END_PLAN,Rolling off 7-12m,18.0,,,,,,,,,,,,,,,
UNMATCHED RESOURCE,,,,,,,"no line with compatible position/skill, grade and start date in window",PROJ-00011160,QL-0000006347,HOME TEAM SCIENCE AND TECHNOLOGY AGENCY,[ATFM] xEDI Operation for HTX,Generic Resource 7,Network Engineer,Network Engineer L2,rule,MAPPED - level inferred from grade,,7.0,NETWORK,,2027-03-01,2027-04-01,FY27,FY_END_PLAN,Rolling off 7-12m,18.0,,,,,,,,,,,,,,,
UNMATCHED RESOURCE,,,,,,,"no line with compatible position/skill, grade and start date in window",PROJ-00011160,QL-0000006347,HOME TEAM SCIENCE AND TECHNOLOGY AGENCY,[ATFM] xEDI Operation for HTX,Generic Resource 8,System Engineer,Server Engineer L2,rule,MAPPED - level inferred from grade,,8.0,INFRA_OS,,2026-10-01,2026-11-01,FY26,CONFIRMED_END,Rolling off 0-6m,18.0,,,,,,,,,,,,,,,
UNMATCHED RESOURCE,,,,,,,"no line with compatible position/skill, grade and start date in window",PROJ-00011160,QL-0000006347,HOME TEAM SCIENCE AND TECHNOLOGY AGENCY,[ATFM] xEDI Operation for HTX,Generic Resource 7,Wintel Engineer - 2,Server Engineer L2,rule,MAPPED - level inferred from grade,,7.0,INFRA_OS,,2027-03-01,2027-04-01,FY27,FY_END_PLAN,Rolling off 7-12m,18.0,,,,,,,,,,,,,,,
UNMATCHED RESOURCE,,,,,,,"no line with compatible position/skill, grade and start date in window",PROJ-00011160,QL-0000006347,HOME TEAM SCIENCE AND TECHNOLOGY AGENCY,[ATFM] xEDI Operation for HTX,Generic Resource 7,IT Security Officer,IT Security Officer,mapping_sheet,MAPPED,,7.0,SECURITY,,2027-03-01,2027-04-01,FY27,FY_END_PLAN,Rolling off 7-12m,18.0,,,,,,,,,,,,,,,
UNMATCHED RESOURCE,FOR REVIEW - position name unmapped,,,,,,"no line with compatible position/skill, grade and start date in window",PROJ-00006699,QL-0000003052,HOME TEAM SCIENCE AND TECHNOLOGY AGENCY,[Non-ATFM] MHA SFTP Data Exchange - Mandatory Base,Generic Resource 5,Project Officer,UNMAPPED - FOR REVIEW,unmapped,FOR REVIEW,,5.0,,,2027-05-01,2027-06-01,FY27,CONFIRMED_END,Rolling off 7-12m,18.0,,,,,,,,,,,,,,,
UNMATCHED RESOURCE,,,,,,,"no line with compatible position/skill, grade and start date in window",PROJ-00010777,QL-0000006080,OSSC,[ATFM] Year 8 Options,Generic Resource 7,10. Cloud Shard Services Cloud Engineer for PARL,Cloud Engineer L2,rule,MAPPED - level inferred from grade,,7.0,CLOUD,,2027-03-01,2027-04-01,FY27,FY_END_PLAN,Rolling off 7-12m,14.4,,,,,,,,,,,,,,,
UNMATCHED RESOURCE,FOR REVIEW - position name unmapped,,,,,,"no line with compatible position/skill, grade and start date in window",PROJ-00001918,,,ATFM Back End Support,Generic 4,Operations Specialist,UNMAPPED - FOR REVIEW,unmapped,FOR REVIEW,,4.0,,,2027-03-01,2027-04-01,FY27,FY_END_PLAN,Rolling off 7-12m,18.0,,,,,,,,,,,,,,,
UNMATCHED RESOURCE,,,,,,,"no line with compatible position/skill, grade and start date in window",PROJ-00001918,,,ATFM Back End Support,Generic Resource 6,MIS Lead,Data Analyst,rule,MAPPED,,6.0,DATA_ANALYTICS,,2027-03-01,2027-04-01,FY27,FY_END_PLAN,Rolling off 7-12m,18.0,,,,,,,,,,,,,,,
UNMATCHED RESOURCE,,,,,,,"no line with compatible position/skill, grade and start date in window",PROJ-00001918,,,ATFM Back End Support,Generic Resource 6,Data analyst,Data Analyst,rule,MAPPED,,6.0,DATA_ANALYTICS,,2027-03-01,2027-04-01,FY27,FY_END_PLAN,Rolling off 7-12m,18.0,,,,,,,,,,,,,,,
UNMATCHED RESOURCE,,,,,,,"no line with compatible position/skill, grade and start date in window",PROJ-00007228,QL-0000003444,SINGAPORE POLICE FORCE,[ATFM] Year 8 Renewal [CV]_SPF,Generic Resource 8,SDD,SDD,rule,MAPPED,,8.0,PROJECT_MGMT,,2027-03-01,2027-04-01,FY27,FY_END_PLAN,Rolling off 7-12m,12.0,,,,,,,,,,,,,,,
UNMATCHED RESOURCE,,,,,,,"no line with compatible position/skill, grade and start date in window",PROJ-00007233,QL-0000003425,IMMIGRATION & CHECKPOINTS AUTHORITY,[ATFM] Year 8 Renewal [CV]_ICA,Generic 4,DC Ops Engineer,DCOps,rule,MAPPED,,4.0,INFRA_OS,,2027-03-01,2027-04-01,FY27,FY_END_PLAN,Rolling off 7-12m,18.0,,,,,,,,,,,,,,,
UNMATCHED RESOURCE,,,,,,,"no line with compatible position/skill, grade and start date in window",PROJ-00007233,QL-0000003425,IMMIGRATION & CHECKPOINTS AUTHORITY,[ATFM] Year 8 Renewal [CV]_ICA,Generic 4,DC Ops Engineer,DCOps,rule,MAPPED,,4.0,INFRA_OS,,2027-03-01,2027-04-01,FY27,FY_END_PLAN,Rolling off 7-12m,18.0,,,,,,,,,,,,,,,
UNMATCHED RESOURCE,,,,,,,"no line with compatible position/skill, grade and start date in window",PROJ-00007233,QL-0000003425,IMMIGRATION & CHECKPOINTS AUTHORITY,[ATFM] Year 8 Renewal [CV]_ICA,Generic 4,DC Ops Engineer,DCOps,rule,MAPPED,,4.0,INFRA_OS,,2027-03-01,2027-04-01,FY27,FY_END_PLAN,Rolling off 7-12m,18.0,,,,,,,,,,,,,,,
UNMATCHED RESOURCE,,,,,,,"no line with compatible position/skill, grade and start date in window",PROJ-00007233,QL-0000003425,IMMIGRATION & CHECKPOINTS AUTHORITY,[ATFM] Year 8 Renewal [CV]_ICA,Generic 4,DC Ops Engineer,DCOps,rule,MAPPED,,4.0,INFRA_OS,,2027-03-01,2027-04-01,FY27,FY_END_PLAN,Rolling off 7-12m,18.0,,,,,,,,,,,,,,,
UNMATCHED RESOURCE,,,,,,,"no line with compatible position/skill, grade and start date in window",PROJ-00007233,QL-0000003425,IMMIGRATION & CHECKPOINTS AUTHORITY,[ATFM] Year 8 Renewal [CV]_ICA,Generic 4,DC Ops Engineer,DCOps,rule,MAPPED,,4.0,INFRA_OS,,2027-03-01,2027-04-01,FY27,FY_END_PLAN,Rolling off 7-12m,18.0,,,,,,,,,,,,,,,
UNMATCHED RESOURCE,,,,,,,"no line with compatible position/skill, grade and start date in window",PROJ-00007233,QL-0000003425,IMMIGRATION & CHECKPOINTS AUTHORITY,[ATFM] Year 8 Renewal [CV]_ICA,Generic Resource 7,DC Ops Engineer,DCOps,rule,MAPPED,,7.0,INFRA_OS,,2027-03-01,2027-04-01,FY27,FY_END_PLAN,Rolling off 7-12m,18.0,,,,,,,,,,,,,,,
UNMATCHED RESOURCE,,,,,,,"no line with compatible position/skill, grade and start date in window",PROJ-00007233,QL-0000003425,IMMIGRATION & CHECKPOINTS AUTHORITY,[ATFM] Year 8 Renewal [CV]_ICA,Generic Resource 3,Data Center Operator,DCOps,rule,MAPPED,,3.0,INFRA_OS,,2027-03-01,2027-04-01,FY27,FY_END_PLAN,Rolling off 7-12m,18.0,,,,,,,,,,,,,,,
UNMATCHED RESOURCE,,,,,,,"no line with compatible position/skill, grade and start date in window",PROJ-00007233,QL-0000003425,IMMIGRATION & CHECKPOINTS AUTHORITY,[ATFM] Year 8 Renewal [CV]_ICA,Generic Resource 3,DC Ops Engineer,DCOps,rule,MAPPED,,3.0,INFRA_OS,,2027-03-01,2027-04-01,FY27,FY_END_PLAN,Rolling off 7-12m,18.0,,,,,,,,,,,,,,,
UNMATCHED RESOURCE,,,,,,,"no line with compatible position/skill, grade and start date in window",PROJ-00007233,QL-0000003425,IMMIGRATION & CHECKPOINTS AUTHORITY,[ATFM] Year 8 Renewal [CV]_ICA,Generic Resource 7,NETWORK - L1,Network Engineer L1,rule,MAPPED,,7.0,NETWORK,,2027-03-01,2027-04-01,FY27,FY_END_PLAN,Rolling off 7-12m,18.0,,,,,,,,,,,,,,,
UNMATCHED RESOURCE,,,,,,,"no line with compatible position/skill, grade and start date in window",PROJ-00007233,QL-0000003425,IMMIGRATION & CHECKPOINTS AUTHORITY,[ATFM] Year 8 Renewal [CV]_ICA,Generic Resource 7,LINUX / Wintel L2,Server Engineer L2,rule,MAPPED,,7.0,INFRA_OS,,2027-03-01,2027-04-01,FY27,FY_END_PLAN,Rolling off 7-12m,18.0,,,,,,,,,,,,,,,
UNMATCHED RESOURCE,,,,,,,"no line with compatible position/skill, grade and start date in window",PROJ-00007225,QL-0000003465,MINISTRY OF HOME AFFAIRS,[ATFM] Year 8 Renewal [CV]_MHQ,Generic Resource 7,Unix Engineer - Justin Soh,Server Engineer L2,rule,MAPPED - level inferred from grade,,7.0,INFRA_OS,,2027-03-01,2027-04-01,FY27,FY_END_PLAN,Rolling off 7-12m,10.8,,,,,,,,,,,,,,,
UNMATCHED RESOURCE,,,,,,,"no line with compatible position/skill, grade and start date in window",PROJ-00006843,QL-0000003408,MINISTRY OF FOREIGN AFFAIRS (MFA),[Non-ATFM]: MFA NON WOGZ Microsoft SAS based support requirements,Generic Resource 6,M365 Engineer,M365 Engineer,rule,MAPPED,,6.0,WORKPLACE,,2027-03-01,2027-04-01,FY27,FY_END_PLAN,Rolling off 7-12m,18.0,,,,,,,,,,,,,,,
UNMATCHED RESOURCE,,,,,,,"no line with compatible position/skill, grade and start date in window",PROJ-00006843,QL-0000003408,MINISTRY OF FOREIGN AFFAIRS (MFA),[Non-ATFM]: MFA NON WOGZ Microsoft SAS based support requirements,Generic Resource 3,Servicedesk Anaylst,Service Desk Agent,rule,MAPPED,,3.0,SERVICE_MGMT,,2027-03-01,2027-04-01,FY27,FY_END_PLAN,Rolling off 7-12m,10.8,,,,,,,,,,,,,,,
UNMATCHED RESOURCE,,,,,,,"no line with compatible position/skill, grade and start date in window",PROJ-00007226,QL-0000003446,SINGAPORE PRISON SERVICE,[ATFM] Year 8 Renewal [CV]_SPS,Generic 4,DC operator L2,DCOps,rule,MAPPED,,4.0,INFRA_OS,,2027-03-01,2027-04-01,FY27,FY_END_PLAN,Rolling off 7-12m,18.0,,,,,,,,,,,,,,,
UNMATCHED RESOURCE,,,,,,,"no line with compatible position/skill, grade and start date in window",PROJ-00007226,QL-0000003446,SINGAPORE PRISON SERVICE,[ATFM] Year 8 Renewal [CV]_SPS,Generic Resource 7,Network Engineer 2,Network Engineer L2,rule,MAPPED - level inferred from grade,,7.0,NETWORK,,2027-03-01,2027-04-01,FY27,FY_END_PLAN,Rolling off 7-12m,18.0,,,,,,,,,,,,,,,
UNMATCHED RESOURCE,,,,,,,"no line with compatible position/skill, grade and start date in window",PROJ-00007226,QL-0000003446,SINGAPORE PRISON SERVICE,[ATFM] Year 8 Renewal [CV]_SPS,Generic 4,DC Ops - L2 - 1,DCOps,rule,MAPPED,,4.0,INFRA_OS,,2027-03-01,2027-04-01,FY27,FY_END_PLAN,Rolling off 7-12m,18.0,,,,,,,,,,,,,,,
UNMATCHED RESOURCE,,,,,,,"no line with compatible position/skill, grade and start date in window",PROJ-00007226,QL-0000003446,SINGAPORE PRISON SERVICE,[ATFM] Year 8 Renewal [CV]_SPS,Generic 4,DC Ops - L2 - 1,DCOps,rule,MAPPED,,4.0,INFRA_OS,,2027-03-01,2027-04-01,FY27,FY_END_PLAN,Rolling off 7-12m,18.0,,,,,,,,,,,,,,,
UNMATCHED RESOURCE,,,,,,,"no line with compatible position/skill, grade and start date in window",PROJ-00007226,QL-0000003446,SINGAPORE PRISON SERVICE,[ATFM] Year 8 Renewal [CV]_SPS,Generic 4,DC Ops - L2 - 1,DCOps,rule,MAPPED,,4.0,INFRA_OS,,2027-03-01,2027-04-01,FY27,FY_END_PLAN,Rolling off 7-12m,18.0,,,,,,,,,,,,,,,
UNMATCHED RESOURCE,,,,,,,"no line with compatible position/skill, grade and start date in window",PROJ-00007226,QL-0000003446,SINGAPORE PRISON SERVICE,[ATFM] Year 8 Renewal [CV]_SPS,Generic 4,DC Ops - L2 - 1,DCOps,rule,MAPPED,,4.0,INFRA_OS,,2027-03-01,2027-04-01,FY27,FY_END_PLAN,Rolling off 7-12m,18.0,,,,,,,,,,,,,,,
UNMATCHED RESOURCE,,,,,,,"no line with compatible position/skill, grade and start date in window",PROJ-00007226,QL-0000003446,SINGAPORE PRISON SERVICE,[ATFM] Year 8 Renewal [CV]_SPS,Generic 4,DC Ops - L2 - 1,DCOps,rule,MAPPED,,4.0,INFRA_OS,,2027-03-01,2027-04-01,FY27,FY_END_PLAN,Rolling off 7-12m,18.0,,,,,,,,,,,,,,,
UNMATCHED RESOURCE,,,,,,,"no line with compatible position/skill, grade and start date in window",PROJ-00007226,QL-0000003446,SINGAPORE PRISON SERVICE,[ATFM] Year 8 Renewal [CV]_SPS,Generic 4,DC Ops - L2 - 1,DCOps,rule,MAPPED,,4.0,INFRA_OS,,2027-03-01,2027-04-01,FY27,FY_END_PLAN,Rolling off 7-12m,18.0,,,,,,,,,,,,,,,
UNMATCHED RESOURCE,,,,,,,"no line with compatible position/skill, grade and start date in window",PROJ-00007226,QL-0000003446,SINGAPORE PRISON SERVICE,[ATFM] Year 8 Renewal [CV]_SPS,Generic 4,DC Ops - L2 - 1,DCOps,rule,MAPPED,,4.0,INFRA_OS,,2027-03-01,2027-04-01,FY27,FY_END_PLAN,Rolling off 7-12m,18.0,,,,,,,,,,,,,,,
UNMATCHED RESOURCE,,,,,,,"no line with compatible position/skill, grade and start date in window",PROJ-00007226,QL-0000003446,SINGAPORE PRISON SERVICE,[ATFM] Year 8 Renewal [CV]_SPS,Generic 4,DC Ops - L1 - 2,DCOps,rule,MAPPED,,4.0,INFRA_OS,,2026-07-01,2026-08-01,FY26,CONFIRMED_END,Available now,18.0,,,,,,,,,,,,,,,
UNMATCHED RESOURCE,,,,,,,"no line with compatible position/skill, grade and start date in window",PROJ-00007226,QL-0000003446,SINGAPORE PRISON SERVICE,[ATFM] Year 8 Renewal [CV]_SPS,Generic 4,DC Ops - L2 - 1,DCOps,rule,MAPPED,,4.0,INFRA_OS,,2027-03-01,2027-04-01,FY27,FY_END_PLAN,Rolling off 7-12m,18.0,,,,,,,,,,,,,,,
UNMATCHED RESOURCE,,,,,,,"no line with compatible position/skill, grade and start date in window",PROJ-00007226,QL-0000003446,SINGAPORE PRISON SERVICE,[ATFM] Year 8 Renewal [CV]_SPS,Generic Resource 3,DC Ops - L2 - 1,DCOps,rule,MAPPED,,3.0,INFRA_OS,,2027-03-01,2027-04-01,FY27,FY_END_PLAN,Rolling off 7-12m,18.0,,,,,,,,,,,,,,,
UNMATCHED RESOURCE,,,,,,,"no line with compatible position/skill, grade and start date in window",PROJ-00007226,QL-0000003446,SINGAPORE PRISON SERVICE,[ATFM] Year 8 Renewal [CV]_SPS,Generic Resource 6,Network Engineer 1,Network Engineer L1,rule,MAPPED - level inferred from grade,,6.0,NETWORK,,2027-03-01,2027-04-01,FY27,FY_END_PLAN,Rolling off 7-12m,18.0,,,,,,,,,,,,,,,
UNMATCHED RESOURCE,,,,,,,"no line with compatible position/skill, grade and start date in window",PROJ-00007226,QL-0000003446,SINGAPORE PRISON SERVICE,[ATFM] Year 8 Renewal [CV]_SPS,Generic 4,DC Ops - L1 - 2,DCOps,rule,MAPPED,,4.0,INFRA_OS,,2027-03-01,2027-04-01,FY27,FY_END_PLAN,Rolling off 7-12m,18.0,,,,,,,,,,,,,,,
UNMATCHED RESOURCE,,,,,,,"no line with compatible position/skill, grade and start date in window",PROJ-00007226,QL-0000003446,SINGAPORE PRISON SERVICE,[ATFM] Year 8 Renewal [CV]_SPS,Generic 4,DC Ops - L2 - 1,DCOps,rule,MAPPED,,4.0,INFRA_OS,,2027-03-01,2027-04-01,FY27,FY_END_PLAN,Rolling off 7-12m,18.0,,,,,,,,,,,,,,,
UNMATCHED RESOURCE,,,,,,,"no line with compatible position/skill, grade and start date in window",PROJ-00007226,QL-0000003446,SINGAPORE PRISON SERVICE,[ATFM] Year 8 Renewal [CV]_SPS,Generic 4,DC Ops - L2 - 1,DCOps,rule,MAPPED,,4.0,INFRA_OS,,2027-03-01,2027-04-01,FY27,FY_END_PLAN,Rolling off 7-12m,18.0,,,,,,,,,,,,,,,
UNMATCHED RESOURCE,,,,,,,"no line with compatible position/skill, grade and start date in window",PROJ-00007226,QL-0000003446,SINGAPORE PRISON SERVICE,[ATFM] Year 8 Renewal [CV]_SPS,Generic 4,DC Ops - L2 - 1,DCOps,rule,MAPPED,,4.0,INFRA_OS,,2027-03-01,2027-04-01,FY27,FY_END_PLAN,Rolling off 7-12m,18.0,,,,,,,,,,,,,,,
UNMATCHED RESOURCE,,,,,,,"no line with compatible position/skill, grade and start date in window",PROJ-00007226,QL-0000003446,SINGAPORE PRISON SERVICE,[ATFM] Year 8 Renewal [CV]_SPS,Generic 4,DC Ops - L1 - 2,DCOps,rule,MAPPED,,4.0,INFRA_OS,,2027-03-01,2027-04-01,FY27,FY_END_PLAN,Rolling off 7-12m,18.0,,,,,,,,,,,,,,,
UNMATCHED RESOURCE,,,,,,,"no line with compatible position/skill, grade and start date in window",PROJ-00011150,QL-0000006338,ENERGY MARKET AUTHORITY,[ATFM]: CyberArk Onboarding/RAS & Additional PSS for On-Prem to GCC2.0 migration,Generic Resource 7,Cloud L1 (4 Apps Migration),Cloud Engineer L1,mapping_sheet,MAPPED,,7.0,CLOUD,,2027-03-01,2027-04-01,FY27,FY_END_PLAN,Rolling off 7-12m,18.0,,,,,,,,,,,,,,,
UNMATCHED RESOURCE,,,,,,,"no line with compatible position/skill, grade and start date in window",PROJ-00007231,QL-0000003468,HOME TEAM SCIENCE AND TECHNOLOGY AGENCY,[ATFM] Year 8 Renewal [CV]_HTX,Generic Resource 7,Unix Engineer,Server Engineer L2,rule,MAPPED - level inferred from grade,,7.0,INFRA_OS,,2027-03-01,2027-04-01,FY27,FY_END_PLAN,Rolling off 7-12m,7.2,,,,,,,,,,,,,,,
UNMATCHED RESOURCE,,,,,,,"no line with compatible position/skill, grade and start date in window",PROJ-00007234,QL-0000003470,CENTRAL NARCOTICS BUREAU,[ATFM] Year 8 Renewal [CV]_CNB,Generic 4,12. DC Ops,DCOps,rule,MAPPED,,4.0,INFRA_OS,,2027-03-01,2027-04-01,FY27,FY_END_PLAN,Rolling off 7-12m,18.0,,,,,,,,,,,,,,,
UNMATCHED RESOURCE,,,,,,,"no line with compatible position/skill, grade and start date in window",PROJ-00010796,QL-0000006030,INTELLECTUAL PROPERTY OFFICE OF SINGAPORE,[ATFM] Year 8 Renewal - IPOS RMS GCC+ BAU Support,Generic Resource 7,TFM GCC+ Linux Engineer,Cloud Engineer L2,rule,MAPPED - level inferred from grade,,7.0,CLOUD,,2027-03-01,2027-04-01,FY27,FY_END_PLAN,Rolling off 7-12m,18.0,,,,,,,,,,,,,,,
UNMATCHED RESOURCE,,,,,,,"no line with compatible position/skill, grade and start date in window",PROJ-00008839,QL-0000005089,SINGAPORE PRISON SERVICE,[ATFM] Provision of Project Manager (2 Paxs)for Professional Support Service for 12 months,Generic Resource 8,Project Manager,Project Manager,mapping_sheet,MAPPED,,8.0,PROJECT_MGMT,,2027-01-01,2027-02-01,FY26,CONFIRMED_END,Rolling off 0-6m,18.0,,,,,,,,,,,,,,,
UNMATCHED RESOURCE,,,,,,,"no line with compatible position/skill, grade and start date in window",PROJ-00008839,QL-0000005089,SINGAPORE PRISON SERVICE,[ATFM] Provision of Project Manager (2 Paxs)for Professional Support Service for 12 months,Generic Resource 8,Project Manager,Project Manager,mapping_sheet,MAPPED,,8.0,PROJECT_MGMT,,2027-01-01,2027-02-01,FY26,CONFIRMED_END,Rolling off 0-6m,18.0,,,,,,,,,,,,,,,
UNMATCHED RESOURCE,,,,,,,"no line with compatible position/skill, grade and start date in window",PROJ-00008709,QL-0000004958,"AGENCY FOR SCIENCE, TECHNOLOGY AND RESEARCH",[ATFM]: Additional ITSOx3,Generic 4,Desktop Engineer,Mobile/Desktop Engineer,rule,MAPPED,,4.0,WORKPLACE,,2026-05-01,2026-06-01,FY26,CONFIRMED_END,Available now,18.0,,,,,,,,,,,,,,,
UNMATCHED RESOURCE,,,,,,,"no line with compatible position/skill, grade and start date in window",PROJ-00008709,QL-0000004958,"AGENCY FOR SCIENCE, TECHNOLOGY AND RESEARCH",[ATFM]: Additional ITSOx3,Generic 4,Desktop Engineer,Mobile/Desktop Engineer,rule,MAPPED,,4.0,WORKPLACE,,2026-05-01,2026-06-01,FY26,CONFIRMED_END,Available now,18.0,,,,,,,,,,,,,,,
UNMATCHED RESOURCE,,,,,,,"no line with compatible position/skill, grade and start date in window",PROJ-00008709,QL-0000004958,"AGENCY FOR SCIENCE, TECHNOLOGY AND RESEARCH",[ATFM]: Additional ITSOx3,Generic 4,Desktop Engineer,Mobile/Desktop Engineer,rule,MAPPED,,4.0,WORKPLACE,,2026-05-01,2026-06-01,FY26,CONFIRMED_END,Available now,18.0,,,,,,,,,,,,,,,
UNMATCHED RESOURCE,,,,,,,"no line with compatible position/skill, grade and start date in window",PROJ-00008195,QL-0000004176,"AGENCY FOR SCIENCE, TECHNOLOGY AND RESEARCH","[Non-ATFM]: Requirement for Asset Mgr.ServiceNow Mgr, P1 support",Generic Resource 3,Asset Officer,DCOps,rule,MAPPED,,3.0,INFRA_OS,,2026-05-01,2026-06-01,FY26,CONFIRMED_END,Available now,18.0,,,,,,,,,,,,,,,
UNMATCHED RESOURCE,,,,,,,"no line with compatible position/skill, grade and start date in window",PROJ-00008396,QL-0000003775,"AGENCY FOR SCIENCE, TECHNOLOGY AND RESEARCH",[Non-ATFM]: WOA Add Scope SITO x2,Generic 4,Desktop Engineer,Mobile/Desktop Engineer,rule,MAPPED,,4.0,WORKPLACE,,2026-05-01,2026-06-01,FY26,CONFIRMED_END,Available now,18.0,,,,,,,,,,,,,,,
UNMATCHED RESOURCE,,,,,,,"no line with compatible position/skill, grade and start date in window",PROJ-00008396,QL-0000003775,"AGENCY FOR SCIENCE, TECHNOLOGY AND RESEARCH",[Non-ATFM]: WOA Add Scope SITO x2,Generic 4,Desktop Engineer,Mobile/Desktop Engineer,rule,MAPPED,,4.0,WORKPLACE,,2026-05-01,2026-06-01,FY26,CONFIRMED_END,Available now,18.0,,,,,,,,,,,,,,,
UNMATCHED RESOURCE,,,,,,,"no line with compatible position/skill, grade and start date in window",PROJ-00010698,QL-0000005481,ENERGY MARKET AUTHORITY,[ATFM] Year 8 Renewal [CV]_EMA,Generic Resource 7,Network Engineer,Network Engineer L2,rule,MAPPED - level inferred from grade,,7.0,NETWORK,,2027-03-01,2027-04-01,FY27,FY_END_PLAN,Rolling off 7-12m,18.0,,,,,,,,,,,,,,,
UNMATCHED RESOURCE,,,,,,,"no line with compatible position/skill, grade and start date in window",PROJ-00010698,QL-0000005481,ENERGY MARKET AUTHORITY,[ATFM] Year 8 Renewal [CV]_EMA,Generic Resource 7,Wintel,Server Engineer L2,rule,MAPPED - level inferred from grade,,7.0,INFRA_OS,,2027-03-01,2027-04-01,FY27,FY_END_PLAN,Rolling off 7-12m,18.0,,,,,,,,,,,,,,,
UNMATCHED RESOURCE,,,,,,,"no line with compatible position/skill, grade and start date in window",PROJ-00010825,QL-0000006027,YELLOW RIBBON SINGAPORE,[ATFM] Year 8 Renewal - YRSG,Generic Resource 6,Wintel L2,Server Engineer L2,rule,MAPPED,,6.0,INFRA_OS,,2027-03-01,2027-04-01,FY27,FY_END_PLAN,Rolling off 7-12m,18.0,,,,,,,,,,,,,,,
UNMATCHED RESOURCE,,,,,,,"no line with compatible position/skill, grade and start date in window",PROJ-00010663,QL-0000006022,SINGAPORE SPORTS COUNCIL,SportSG Year8 Addn PSS for PM & NE FY26,Generic Resource 7,Project manager - Jeremy Ooi,Project Manager,rule,MAPPED,,7.0,PROJECT_MGMT,,2027-03-01,2027-04-01,FY27,FY_END_PLAN,Rolling off 7-12m,18.0,,,,,,,,,,,,,,,
UNMATCHED RESOURCE,,,,,,,"no line with compatible position/skill, grade and start date in window",PROJ-00010780,QL-0000006125,INTELLECTUAL PROPERTY OFFICE OF SINGAPORE,[ATFM] Year 8 Renewal - IPOS - AFM - HQ,Generic Resource 3,09. TFM GCC+ Linux Engineer,Cloud Engineer L1,rule,MAPPED - level inferred from grade,,3.0,CLOUD,,2027-03-01,2027-04-01,FY27,FY_END_PLAN,Rolling off 7-12m,18.0,,,,,,,,,,,,,,,
UNMATCHED RESOURCE,,,,,,,"no line with compatible position/skill, grade and start date in window",PROJ-00011160,QL-0000006347,HOME TEAM SCIENCE AND TECHNOLOGY AGENCY,[ATFM] xEDI Operation for HTX,Generic Resource 7,System Engineer,Server Engineer L2,rule,MAPPED - level inferred from grade,,7.0,INFRA_OS,,2027-03-01,2027-04-01,FY27,FY_END_PLAN,Rolling off 7-12m,18.0,,,,,,,,,,,,,,,
UNMATCHED RESOURCE,,,,,,,"no line with compatible position/skill, grade and start date in window",PROJ-00001918,,,ATFM Back End Support,Generic Resource 3,NOC Engineer,Service Desk Agent,rule,MAPPED,,3.0,SERVICE_MGMT,,2027-03-01,2027-04-01,FY27,FY_END_PLAN,Rolling off 7-12m,18.5,,,,,,,,,,,,,,,
UNMATCHED RESOURCE,,,,,,,"no line with compatible position/skill, grade and start date in window",PROJ-00007326,QL-0000003691,MARITIME AND PORT AUTHORITY OF SINGAPORE,[Non-ATFM] IT Infrastructure Managed Services,Generic Resource 3,DC Ops,DCOps,rule,MAPPED,,3.0,INFRA_OS,,2027-03-01,2027-04-01,FY27,CONFIRMED_END,Rolling off 7-12m,18.0,,,,,,,,,,,,,,,
UNMATCHED RESOURCE,,,,,,,"no line with compatible position/skill, grade and start date in window",PROJ-00007326,QL-0000003691,MARITIME AND PORT AUTHORITY OF SINGAPORE,[Non-ATFM] IT Infrastructure Managed Services,Generic Resource 3,DC Ops,DCOps,rule,MAPPED,,3.0,INFRA_OS,,2027-03-01,2027-04-01,FY27,CONFIRMED_END,Rolling off 7-12m,18.0,,,,,,,,,,,,,,,
UNMATCHED RESOURCE,,,,,,,"no line with compatible position/skill, grade and start date in window",PROJ-00007326,QL-0000003691,MARITIME AND PORT AUTHORITY OF SINGAPORE,[Non-ATFM] IT Infrastructure Managed Services,Generic Resource 6,Network Engineer,Network Engineer L1,rule,MAPPED - level inferred from grade,,6.0,NETWORK,,2027-03-01,2027-04-01,FY27,CONFIRMED_END,Rolling off 7-12m,18.0,,,,,,,,,,,,,,,
UNMATCHED RESOURCE,,,,,,,"no line with compatible position/skill, grade and start date in window",PROJ-00007326,QL-0000003691,MARITIME AND PORT AUTHORITY OF SINGAPORE,[Non-ATFM] IT Infrastructure Managed Services,Generic 4,DC Ops,DCOps,rule,MAPPED,,4.0,INFRA_OS,,2027-03-01,2027-04-01,FY27,CONFIRMED_END,Rolling off 7-12m,18.0,,,,,,,,,,,,,,,
UNMATCHED RESOURCE,,,,,,,"no line with compatible position/skill, grade and start date in window",PROJ-00007326,QL-0000003691,MARITIME AND PORT AUTHORITY OF SINGAPORE,[Non-ATFM] IT Infrastructure Managed Services,Generic 4,DC Ops,DCOps,rule,MAPPED,,4.0,INFRA_OS,,2027-03-01,2027-04-01,FY27,CONFIRMED_END,Rolling off 7-12m,18.0,,,,,,,,,,,,,,,
UNMATCHED RESOURCE,,,,,,,"no line with compatible position/skill, grade and start date in window",PROJ-00007326,QL-0000003691,MARITIME AND PORT AUTHORITY OF SINGAPORE,[Non-ATFM] IT Infrastructure Managed Services,Generic 4,DC Ops,DCOps,rule,MAPPED,,4.0,INFRA_OS,,2027-03-01,2027-04-01,FY27,CONFIRMED_END,Rolling off 7-12m,18.0,,,,,,,,,,,,,,,
UNMATCHED RESOURCE,,,,,,,"no line with compatible position/skill, grade and start date in window",PROJ-00007326,QL-0000003691,MARITIME AND PORT AUTHORITY OF SINGAPORE,[Non-ATFM] IT Infrastructure Managed Services,Generic Resource 5,DC Ops,DCOps,rule,MAPPED,,5.0,INFRA_OS,,2027-03-01,2027-04-01,FY27,CONFIRMED_END,Rolling off 7-12m,18.0,,,,,,,,,,,,,,,
UNMATCHED RESOURCE,,,,,,,"no line with compatible position/skill, grade and start date in window",PROJ-00007326,QL-0000003691,MARITIME AND PORT AUTHORITY OF SINGAPORE,[Non-ATFM] IT Infrastructure Managed Services,Generic Resource 8,Wintel Engineer,Server Engineer L2,rule,MAPPED - level inferred from grade,,8.0,INFRA_OS,,2027-03-01,2027-04-01,FY27,CONFIRMED_END,Rolling off 7-12m,18.0,,,,,,,,,,,,,,,
UNMATCHED RESOURCE,,,,,,,"no line with compatible position/skill, grade and start date in window",PROJ-00007326,QL-0000003691,MARITIME AND PORT AUTHORITY OF SINGAPORE,[Non-ATFM] IT Infrastructure Managed Services,Generic Resource 7,Linux Engineer,Server Engineer L2,rule,MAPPED - level inferred from grade,,7.0,INFRA_OS,,2027-03-01,2027-04-01,FY27,CONFIRMED_END,Rolling off 7-12m,18.0,,,,,,,,,,,,,,,
UNMATCHED RESOURCE,,,,,,,"no line with compatible position/skill, grade and start date in window",PROJ-00007228,QL-0000003444,SINGAPORE POLICE FORCE,[ATFM] Year 8 Renewal [CV]_SPF,Generic Resource 8,SDD,SDD,rule,MAPPED,,8.0,PROJECT_MGMT,,2027-03-01,2027-04-01,FY27,FY_END_PLAN,Rolling off 7-12m,11.7,,,,,,,,,,,,,,,
UNMATCHED RESOURCE,,,,,,,"no line with compatible position/skill, grade and start date in window",PROJ-00007227,QL-0000003447,HOME TEAM ACADEMY,[ATFM] Year 8 Renewal [CV]_HTA,Generic Resource 8,SDM-RAGHA,SDM,rule,MAPPED,,8.0,SERVICE_MGMT,,2027-03-01,2027-04-01,FY27,FY_END_PLAN,Rolling off 7-12m,9.0,,,,,,,,,,,,,,,
UNMATCHED RESOURCE,,,,,,,"no line with compatible position/skill, grade and start date in window",PROJ-00007227,QL-0000003447,HOME TEAM ACADEMY,[ATFM] Year 8 Renewal [CV]_HTA,Generic Resource 7,Wintel L2 - 4 Logha,Server Engineer L2,rule,MAPPED,,7.0,INFRA_OS,,2027-03-01,2027-04-01,FY27,FY_END_PLAN,Rolling off 7-12m,9.0,,,,,,,,,,,,,,,
UNMATCHED RESOURCE,FOR REVIEW - position name unmapped,,,,,,"no line with compatible position/skill, grade and start date in window",PROJ-00010734,QL-0000006000,MAJLIS UGAMA ISLAM SINGAPURA,[ATFM] Year 8 Renewal - MUIS - AFM,Generic Resource 8,MGR - L1 [ TS Lead ],UNMAPPED - FOR REVIEW,unmapped,FOR REVIEW,,8.0,,,2027-03-01,2027-04-01,FY27,FY_END_PLAN,Rolling off 7-12m,3.6,,,,,,,,,,,,,,,
UNMATCHED RESOURCE,FOR REVIEW - position name unmapped,,,,,,"no line with compatible position/skill, grade and start date in window",PROJ-00010763,QL-0000006003,INSTITUTE OF TECHNICAL EDUCATION,[ATFM] Year 8 Renewal - ITE,Generic Resource 7,Vignesh P,UNMAPPED - FOR REVIEW,unmapped,FOR REVIEW,,7.0,,,2027-03-01,2027-04-01,FY27,FY_END_PLAN,Rolling off 7-12m,18.0,,,,,,,,,,,,,,,
UNMATCHED RESOURCE,FOR REVIEW - position name unmapped,,,,,,"no line with compatible position/skill, grade and start date in window",PROJ-00010763,QL-0000006003,INSTITUTE OF TECHNICAL EDUCATION,[ATFM] Year 8 Renewal - ITE,Generic Resource 8,Raghavendra,UNMAPPED - FOR REVIEW,unmapped,FOR REVIEW,,8.0,,,2027-03-01,2027-04-01,FY27,FY_END_PLAN,Rolling off 7-12m,3.6,,,,,,,,,,,,,,,
UNMATCHED RESOURCE,,,,,,,"no line with compatible position/skill, grade and start date in window",PROJ-00007226,QL-0000003446,SINGAPORE PRISON SERVICE,[ATFM] Year 8 Renewal [CV]_SPS,Generic Resource 7,DBA,DBA L2,rule,MAPPED - level inferred from grade,,7.0,DATABASE,,2027-03-01,2027-04-01,FY27,FY_END_PLAN,Rolling off 7-12m,9.0,,,,,,,,,,,,,,,
UNMATCHED RESOURCE,,,,,,,"no line with compatible position/skill, grade and start date in window",PROJ-00010860,QL-0000005419,SINGAPORE LAND AUTHORITY (SLA),[ATFM] Year 8 Renewal - SLA - TFM,Generic Resource 7,Cloud Network Engineer L2,Cloud Engineer L2,rule,MAPPED,,7.0,CLOUD,,2027-03-01,2027-04-01,FY27,FY_END_PLAN,Rolling off 7-12m,9.0,,,,,,,,,,,,,,,
UNMATCHED RESOURCE,,,,,,,"no line with compatible position/skill, grade and start date in window",PROJ-00010775,QL-0000005887,MINISTRY OF TRADE AND INDUSTRY,[ATFM] Year 8 Renewal - MTI,Generic Resource 7,Linux Engineer,Server Engineer L2,rule,MAPPED - level inferred from grade,,7.0,INFRA_OS,,2027-03-01,2027-04-01,FY27,FY_END_PLAN,Rolling off 7-12m,4.5,,,,,,,,,,,,,,,
UNMATCHED RESOURCE,FOR REVIEW - position name unmapped,,,,,,"no line with compatible position/skill, grade and start date in window",PROJ-00010625,QL-0000005950,NGEE ANN POLYTECHNIC,[ATFM] Year 8 Renewal - NP,Generic Resource 8,Raghavendra,UNMAPPED - FOR REVIEW,unmapped,FOR REVIEW,,8.0,,,2027-03-01,2027-04-01,FY27,FY_END_PLAN,Rolling off 7-12m,1.8,,,,,,,,,,,,,,,
UNMATCHED RESOURCE,FOR REVIEW - position name unmapped,,,,,,"no line with compatible position/skill, grade and start date in window",PROJ-00010625,QL-0000005950,NGEE ANN POLYTECHNIC,[ATFM] Year 8 Renewal - NP,Generic Resource 7,Logha Ramaa Shree,UNMAPPED - FOR REVIEW,unmapped,FOR REVIEW,,7.0,,,2027-03-01,2027-04-01,FY27,FY_END_PLAN,Rolling off 7-12m,3.6,,,,,,,,,,,,,,,
UNMATCHED RESOURCE,,,,,,,"no line with compatible position/skill, grade and start date in window",PROJ-00010584,QL-0000005408,SINGAPORE FOOD AGENCY,[ATFM] Year 8 Renewal - SFA,Generic Resource 8,PM,Project Manager,rule,MAPPED,,8.0,PROJECT_MGMT,,2027-03-01,2027-04-01,FY27,FY_END_PLAN,Rolling off 7-12m,14.4,,,,,,,,,,,,,,,
UNMATCHED RESOURCE,,,,,,,"no line with compatible position/skill, grade and start date in window",PROJ-00009735,QL-0000005603,TOTE BOARD,[ATFM] Year 8 Renewal - ToteBoard - AFM,Generic Resource 8,Linux Cloud Engineer,Cloud Engineer L2,rule,MAPPED - level inferred from grade,,8.0,CLOUD,,2027-03-01,2027-04-01,FY27,FY_END_PLAN,Rolling off 7-12m,9.0,,,,,,,,,,,,,,,
UNMATCHED RESOURCE,FOR REVIEW - position name unmapped,,,,,,"no line with compatible position/skill, grade and start date in window",PROJ-00009735,QL-0000005603,TOTE BOARD,[ATFM] Year 8 Renewal - ToteBoard - AFM,Generic Resource 3,Backfill + PSS (70% - 30% split),UNMAPPED - FOR REVIEW,unmapped,FOR REVIEW,,3.0,,,2027-03-01,2027-04-01,FY27,FY_END_PLAN,Rolling off 7-12m,12.6,,,,,,,,,,,,,,,
UNMATCHED RESOURCE,,,,,,,"no line with compatible position/skill, grade and start date in window",PROJ-00010628,QL-0000005885,"MINISTRY OF CULTURE, COMMUNITY AND YOUTH",[ATFM] Year 8 Renewal - MCCY - TFM,Generic Resource 7,Cloud Network Engineer,Cloud Engineer L2,rule,MAPPED - level inferred from grade,,7.0,CLOUD,,2027-03-01,2027-04-01,FY27,FY_END_PLAN,Rolling off 7-12m,9.0,,,,,,,,,,,,,,,
UNMATCHED RESOURCE,,,,,,,"no line with compatible position/skill, grade and start date in window",PROJ-00010698,QL-0000005481,ENERGY MARKET AUTHORITY,[ATFM] Year 8 Renewal [CV]_EMA,Generic Resource 7,Linux Engineer,Server Engineer L2,rule,MAPPED - level inferred from grade,,7.0,INFRA_OS,,2027-03-01,2027-04-01,FY27,FY_END_PLAN,Rolling off 7-12m,13.5,,,,,,,,,,,,,,,
UNMATCHED RESOURCE,,,,,,,"no line with compatible position/skill, grade and start date in window",PROJ-00010817,QL-0000005978,COMPETITION AND CONSUMER COMMISSION OF SINGAPORE,[ATFM] Year 8 Renewal - CCCS,Generic Resource 8,SDM-RAGHA,SDM,rule,MAPPED,,8.0,SERVICE_MGMT,,2027-03-01,2027-04-01,FY27,FY_END_PLAN,Rolling off 7-12m,3.6,,,,,,,,,,,,,,,
UNMATCHED RESOURCE,FOR REVIEW - position name unmapped,,,,,,"no line with compatible position/skill, grade and start date in window",PROJ-00010709,QL-0000006082,ISEAS - YUSOF ISHAK INSTITUTE,[ATFM] Year 8 Renewal - ISEAS -AFM,Generic Resource 7,Logha,UNMAPPED - FOR REVIEW,unmapped,FOR REVIEW,,7.0,,,2026-09-01,2026-10-01,FY26,CONFIRMED_END,Rolling off 0-6m,5.4,,,,,,,,,,,,,,,
UNMATCHED RESOURCE,FOR REVIEW - position name unmapped,,,,,,"no line with compatible position/skill, grade and start date in window",PROJ-00010773,QL-0000006126,SINGAPORE POLICE FORCE,[ATFM] Cisco AppDynamics APM Services for Year 8 Renewal,Generic Resource 7,Day 2 Support,UNMAPPED - FOR REVIEW,unmapped,FOR REVIEW,,7.0,,,2026-05-01,2026-06-01,FY26,CONFIRMED_END,Available now,18.0,,,,,,,,,,,,,,,
UNMATCHED RESOURCE,,,,,,,"no line with compatible position/skill, grade and start date in window",PROJ-00010897,QL-0000006192,SINGAPORE CIVIL DEFENCE FORCE,SCDF Mobility Services Year8 FY26,Generic 4,Mobile Support Engineer - Meena,Mobile/Desktop Engineer,rule,MAPPED,,4.0,WORKPLACE,,2026-06-01,2026-07-01,FY26,CONFIRMED_END,Available now,18.0,,,,,,,,,,,,,,,
UNMATCHED RESOURCE,,,,,,,"no line with compatible position/skill, grade and start date in window",PROJ-00010897,QL-0000006192,SINGAPORE CIVIL DEFENCE FORCE,SCDF Mobility Services Year8 FY26,Generic 4,Mobile Support Engineer - Luqman,Mobile/Desktop Engineer,rule,MAPPED,,4.0,WORKPLACE,,2026-06-01,2026-07-01,FY26,CONFIRMED_END,Available now,18.0,,,,,,,,,,,,,,,
UNMATCHED RESOURCE,,,,,,,"no line with compatible position/skill, grade and start date in window",PROJ-00010698,QL-0000005481,ENERGY MARKET AUTHORITY,[ATFM] Year 8 Renewal [CV]_EMA,Generic 4,IT ADMIN,DCOps,rule,MAPPED,,4.0,INFRA_OS,,2026-06-01,2026-07-01,FY26,CONFIRMED_END,Available now,18.0,,,,,,,,,,,,,,,
UNMATCHED RESOURCE,FOR REVIEW - position name unmapped,,,,,,"no line with compatible position/skill, grade and start date in window",PROJ-00010775,QL-0000005887,MINISTRY OF TRADE AND INDUSTRY,[ATFM] Year 8 Renewal - MTI,Generic Resource 7,Day 1 Team,UNMAPPED - FOR REVIEW,unmapped,FOR REVIEW,,7.0,,,2026-07-01,2026-08-01,FY26,CONFIRMED_END,Available now,18.0,,,,,,,,,,,,,,,
UNMATCHED RESOURCE,,,,,,,"no line with compatible position/skill, grade and start date in window",PROJ-00001918,,,ATFM Back End Support,Generic Resource 6,Data analyst,Data Analyst,rule,MAPPED,,6.0,DATA_ANALYTICS,,2026-07-01,2026-08-01,FY26,CONFIRMED_END,Available now,18.0,,,,,,,,,,,,,,,
UNMATCHED RESOURCE,,,,,,,"no line with compatible position/skill, grade and start date in window",PROJ-00010662,QL-0000006023,SINGAPORE SPORTS COUNCIL,SportSG Year8 FY26,Generic Resource 3,IT ADMIN - Inshah,DCOps,rule,MAPPED,,3.0,INFRA_OS,,2027-03-01,2027-04-01,FY27,FY_END_PLAN,Rolling off 7-12m,13.5,,,,,,,,,,,,,,,
UNMATCHED RESOURCE,FOR REVIEW - position name unmapped,,,,,,"no line with compatible position/skill, grade and start date in window",PROJ-00010709,QL-0000006082,ISEAS - YUSOF ISHAK INSTITUTE,[ATFM] Year 8 Renewal - ISEAS -AFM,Generic Resource 6,Arni Somo,UNMAPPED - FOR REVIEW,unmapped,FOR REVIEW,,6.0,,,2026-09-01,2026-10-01,FY26,CONFIRMED_END,Rolling off 0-6m,18.0,,,,,,,,,,,,,,,
UNMATCHED RESOURCE,,,,,,,"no line with compatible position/skill, grade and start date in window",PROJ-00007227,QL-0000003447,HOME TEAM ACADEMY,[ATFM] Year 8 Renewal [CV]_HTA,Generic 4,DC Ops - L2 - Steven,DCOps,rule,MAPPED,,4.0,INFRA_OS,,2027-03-01,2027-04-01,FY27,FY_END_PLAN,Rolling off 7-12m,18.0,,,,,,,,,,,,,,,
UNMATCHED RESOURCE,,,,,,,"no line with compatible position/skill, grade and start date in window",PROJ-00006843,QL-0000003408,MINISTRY OF FOREIGN AFFAIRS (MFA),[Non-ATFM]: MFA NON WOGZ Microsoft SAS based support requirements,Generic Resource 7,Cloud Engineer,Cloud Engineer L2,rule,MAPPED - level inferred from grade,,7.0,CLOUD,,2027-03-01,2027-04-01,FY27,FY_END_PLAN,Rolling off 7-12m,18.0,,,,,,,,,,,,,,,
UNMATCHED RESOURCE,,,,,,,"no line with compatible position/skill, grade and start date in window",PROJ-00007226,QL-0000003446,SINGAPORE PRISON SERVICE,[ATFM] Year 8 Renewal [CV]_SPS,Generic Resource 3,DC OPERATOR,DCOps,rule,MAPPED,,3.0,INFRA_OS,,2027-03-01,2027-04-01,FY27,FY_END_PLAN,Rolling off 7-12m,18.0,,,,,,,,,,,,,,,
UNMATCHED RESOURCE,,,,,,,"no line with compatible position/skill, grade and start date in window",PROJ-00007226,QL-0000003446,SINGAPORE PRISON SERVICE,[ATFM] Year 8 Renewal [CV]_SPS,Generic 4,DC Ops - L2 - 1,DCOps,rule,MAPPED,,4.0,INFRA_OS,,2027-03-01,2027-04-01,FY27,FY_END_PLAN,Rolling off 7-12m,18.0,,,,,,,,,,,,,,,
UNMATCHED RESOURCE,,,,,,,"no line with compatible position/skill, grade and start date in window",PROJ-00007226,QL-0000003446,SINGAPORE PRISON SERVICE,[ATFM] Year 8 Renewal [CV]_SPS,Generic Resource 3,DC Ops - L1 - 1,DCOps,rule,MAPPED,,3.0,INFRA_OS,,2027-03-01,2027-04-01,FY27,FY_END_PLAN,Rolling off 7-12m,18.0,,,,,,,,,,,,,,,
UNMATCHED RESOURCE,,,,,,,"no line with compatible position/skill, grade and start date in window",PROJ-00007226,QL-0000003446,SINGAPORE PRISON SERVICE,[ATFM] Year 8 Renewal [CV]_SPS,Generic Resource 3,DC Ops - L1 - 4,DCOps,rule,MAPPED,,3.0,INFRA_OS,,2027-03-01,2027-04-01,FY27,FY_END_PLAN,Rolling off 7-12m,18.0,,,,,,,,,,,,,,,
UNMATCHED RESOURCE,,,,,,,"no line with compatible position/skill, grade and start date in window",PROJ-00010775,QL-0000005887,MINISTRY OF TRADE AND INDUSTRY,[ATFM] Year 8 Renewal - MTI,Generic 4,IT ADMIN - L2 (Additional Requirement),DCOps,rule,MAPPED,,4.0,INFRA_OS,,2027-03-01,2027-04-01,FY27,FY_END_PLAN,Rolling off 7-12m,18.0,,,,,,,,,,,,,,,
UNMATCHED RESOURCE,,,,,,,"no line with compatible position/skill, grade and start date in window",PROJ-00010775,QL-0000005887,MINISTRY OF TRADE AND INDUSTRY,[ATFM] Year 8 Renewal - MTI,Generic Resource 7,Wintel - L2 -BAU,Server Engineer L2,rule,MAPPED,,7.0,INFRA_OS,,2027-03-01,2027-04-01,FY27,FY_END_PLAN,Rolling off 7-12m,18.0,,,,,,,,,,,,,,,
UNMATCHED RESOURCE,,,,,,,"no line with compatible position/skill, grade and start date in window",PROJ-00009735,QL-0000005603,TOTE BOARD,[ATFM] Year 8 Renewal - ToteBoard - AFM,Generic Resource 7,Cloud Engineer - Level 2 - Add Req.,Cloud Engineer L2,rule,MAPPED,,7.0,CLOUD,,2027-03-01,2027-04-01,FY27,FY_END_PLAN,Rolling off 7-12m,18.0,,,,,,,,,,,,,,,
UNMATCHED RESOURCE,,,,,,,"no line with compatible position/skill, grade and start date in window",PROJ-00010718,QL-0000005676,MONETARY AUTHORITY OF SINGAPORE,MAS Onboarding Services Year8 FY26,Generic 4,DC Ops,DCOps,rule,MAPPED,,4.0,INFRA_OS,,2027-03-01,2027-04-01,FY27,FY_END_PLAN,Rolling off 7-12m,18.0,,,,,,,,,,,,,,,
UNMATCHED RESOURCE,,,,,,,"no line with compatible position/skill, grade and start date in window",PROJ-00010698,QL-0000005481,ENERGY MARKET AUTHORITY,[ATFM] Year 8 Renewal [CV]_EMA,Generic Resource 8,PM,Project Manager,rule,MAPPED,,8.0,PROJECT_MGMT,,2027-03-01,2027-04-01,FY27,FY_END_PLAN,Rolling off 7-12m,18.0,,,,,,,,,,,,,,,
UNMATCHED RESOURCE,,,,,,,"no line with compatible position/skill, grade and start date in window",PROJ-00010629,QL-0000005884,"MINISTRY OF CULTURE, COMMUNITY AND YOUTH",[ATFM] Year 8 MCCY Renewal PSS for Project Works (1000 PSS) - MCCY - TFM,Generic Resource 8,Cloud Wintel Engineer L2,Cloud Engineer L2,rule,MAPPED,,8.0,CLOUD,,2027-03-01,2027-04-01,FY27,FY_END_PLAN,Rolling off 7-12m,18.0,,,,,,,,,,,,,,,
UNMATCHED RESOURCE,,,,,,,"no line with compatible position/skill, grade and start date in window",PROJ-00010860,QL-0000005419,SINGAPORE LAND AUTHORITY (SLA),[ATFM] Year 8 Renewal - SLA - TFM,Generic Resource 8,Cloud Engineer L2,Cloud Engineer L2,mapping_sheet,MAPPED,,8.0,CLOUD,,2027-03-01,2027-04-01,FY27,FY_END_PLAN,Rolling off 7-12m,18.0,,,,,,,,,,,,,,,
UNMATCHED RESOURCE,,,,,,,"no line with compatible position/skill, grade and start date in window",PROJ-00010860,QL-0000005419,SINGAPORE LAND AUTHORITY (SLA),[ATFM] Year 8 Renewal - SLA - TFM,Generic Resource 8,Cloud Engineer L2,Cloud Engineer L2,mapping_sheet,MAPPED,,8.0,CLOUD,,2027-03-01,2027-04-01,FY27,FY_END_PLAN,Rolling off 7-12m,18.0,,,,,,,,,,,,,,,
UNMATCHED RESOURCE,,,,,,,"no line with compatible position/skill, grade and start date in window",PROJ-00010860,QL-0000005419,SINGAPORE LAND AUTHORITY (SLA),[ATFM] Year 8 Renewal - SLA - TFM,Generic Resource 7,Cloud Engineer L2,Cloud Engineer L2,mapping_sheet,MAPPED,,7.0,CLOUD,,2027-03-01,2027-04-01,FY27,FY_END_PLAN,Rolling off 7-12m,18.0,,,,,,,,,,,,,,,
UNMATCHED RESOURCE,,,,,,,"no line with compatible position/skill, grade and start date in window",PROJ-00010860,QL-0000005419,SINGAPORE LAND AUTHORITY (SLA),[ATFM] Year 8 Renewal - SLA - TFM,Generic Resource 8,Cloud Engineer L2,Cloud Engineer L2,mapping_sheet,MAPPED,,8.0,CLOUD,,2027-03-01,2027-04-01,FY27,FY_END_PLAN,Rolling off 7-12m,18.0,,,,,,,,,,,,,,,
UNMATCHED RESOURCE,,,,,,,"no line with compatible position/skill, grade and start date in window",PROJ-00010628,QL-0000005885,"MINISTRY OF CULTURE, COMMUNITY AND YOUTH",[ATFM] Year 8 Renewal - MCCY - TFM,Generic Resource 8,Database Administrator L3,DBA L3,rule,MAPPED - level kept from name (not in Standard Role sheet),,8.0,DATABASE,,2027-03-01,2027-04-01,FY27,FY_END_PLAN,Rolling off 7-12m,18.0,,,,,,,,,,,,,,,
UNMATCHED RESOURCE,FOR REVIEW - position name unmapped,,,,,,"no line with compatible position/skill, grade and start date in window",PROJ-00010706,QL-0000005971,OSSC,[ATFM] Year 8 Renewal - Judiciary,Generic Resource 7,36. TFM Supreme Court Engineer -HRC - 20260224007,UNMAPPED - FOR REVIEW,unmapped,FOR REVIEW,,7.0,,,2027-03-01,2027-04-01,FY27,FY_END_PLAN,Rolling off 7-12m,18.0,,,,,,,,,,,,,,,
UNMATCHED RESOURCE,,,,,,,"no line with compatible position/skill, grade and start date in window",PROJ-00010706,QL-0000005971,OSSC,[ATFM] Year 8 Renewal - Judiciary,Generic Resource 7,32. ATFM State Courts Linux Engineer (Sathya) - HRC - 20251112002,Server Engineer L2,rule,MAPPED - level inferred from grade,,7.0,INFRA_OS,,2027-03-01,2027-04-01,FY27,FY_END_PLAN,Rolling off 7-12m,18.0,,,,,,,,,,,,,,,
UNMATCHED RESOURCE,,,,,,,"no line with compatible position/skill, grade and start date in window",PROJ-00010777,QL-0000006080,OSSC,[ATFM] Year 8 Options,Generic Resource 7,"07. Cloud Shared Services Cloud Engineer (Xavier, Vinoth)",Cloud Engineer L2,rule,MAPPED - level inferred from grade,,7.0,CLOUD,,2027-03-01,2027-04-01,FY27,FY_END_PLAN,Rolling off 7-12m,18.0,,,,,,,,,,,,,,,
UNMATCHED RESOURCE,,,,,,,"no line with compatible position/skill, grade and start date in window",PROJ-00001918,,,ATFM Back End Support,Generic Resource 7,System Engineer,Server Engineer L2,rule,MAPPED - level inferred from grade,,7.0,INFRA_OS,,2027-03-01,2027-04-01,FY27,FY_END_PLAN,Rolling off 7-12m,18.0,,,,,,,,,,,,,,,
UNMATCHED RESOURCE,,,,,,,"no line with compatible position/skill, grade and start date in window",PROJ-00001918,,,ATFM Back End Support,Generic Resource 3,Response Centre Engineer,Service Desk Agent,rule,MAPPED,,3.0,SERVICE_MGMT,,2027-03-01,2027-04-01,FY27,FY_END_PLAN,Rolling off 7-12m,18.0,,,,,,,,,,,,,,,
UNMATCHED RESOURCE,,,,,,,"no line with compatible position/skill, grade and start date in window",PROJ-00001918,,,ATFM Back End Support,Generic 4,Response Centre Engineer,Service Desk Agent,rule,MAPPED,,4.0,SERVICE_MGMT,,2027-03-01,2027-04-01,FY27,FY_END_PLAN,Rolling off 7-12m,18.0,,,,,,,,,,,,,,,
UNMATCHED RESOURCE,,,,,,,"no line with compatible position/skill, grade and start date in window",PROJ-00010777,QL-0000006080,OSSC,[ATFM] Year 8 Options,Generic Resource 7,09. Cloud Shared Services Engineer (Raja M),Cloud Engineer L2,rule,MAPPED - level inferred from grade,,7.0,CLOUD,,2027-03-01,2027-04-01,FY27,FY_END_PLAN,Rolling off 7-12m,18.0,,,,,,,,,,,,,,,
UNMATCHED RESOURCE,,,,,,,"no line with compatible position/skill, grade and start date in window",PROJ-00001918,,,ATFM Back End Support,Generic Resource 7,IT Security Officer,IT Security Officer,mapping_sheet,MAPPED,,7.0,SECURITY,,2027-03-01,2027-04-01,FY27,FY_END_PLAN,Rolling off 7-12m,18.0,,,,,,,,,,,,,,,
UNMATCHED RESOURCE,,,,,,,"no line with compatible position/skill, grade and start date in window",PROJ-00001918,,,ATFM Back End Support,Generic Resource 3,Response Centre Engineer,Service Desk Agent,rule,MAPPED,,3.0,SERVICE_MGMT,,2027-03-01,2027-04-01,FY27,FY_END_PLAN,Rolling off 7-12m,18.0,,,,,,,,,,,,,,,
UNMATCHED RESOURCE,FOR REVIEW - position name unmapped,,,,,,"no line with compatible position/skill, grade and start date in window",PROJ-00001918,,,ATFM Back End Support,Generic Resource 5,PMO Executive,UNMAPPED - FOR REVIEW,unmapped,FOR REVIEW,,5.0,,,2027-03-01,2027-04-01,FY27,FY_END_PLAN,Rolling off 7-12m,18.0,,,,,,,,,,,,,,,
UNMATCHED RESOURCE,,,,,,,"no line with compatible position/skill, grade and start date in window",PROJ-00001918,,,ATFM Back End Support,Generic Resource 3,MIS Engineer,Data Analyst,rule,MAPPED,,3.0,DATA_ANALYTICS,,2027-03-01,2027-04-01,FY27,FY_END_PLAN,Rolling off 7-12m,18.0,,,,,,,,,,,,,,,
UNMATCHED RESOURCE,,,,,,,"no line with compatible position/skill, grade and start date in window",PROJ-00001918,,,ATFM Back End Support,Generic Resource 8,Command Centre Manager,SDM,rule,MAPPED,,8.0,SERVICE_MGMT,,2027-03-01,2027-04-01,FY27,FY_END_PLAN,Rolling off 7-12m,18.0,,,,,,,,,,,,,,,
UNMATCHED RESOURCE,,,,,,,"no line with compatible position/skill, grade and start date in window",PROJ-00001918,,,ATFM Back End Support,Generic Resource 8,Network Engineer,Network Engineer L3,rule,MAPPED - level inferred from grade,,8.0,NETWORK,,2027-03-01,2027-04-01,FY27,FY_END_PLAN,Rolling off 7-12m,18.0,,,,,,,,,,,,,,,
UNMATCHED RESOURCE,,,,,,,"no line with compatible position/skill, grade and start date in window",PROJ-00001918,,,ATFM Back End Support,Generic 4,Response Centre Engineer,Service Desk Agent,rule,MAPPED,,4.0,SERVICE_MGMT,,2027-03-01,2027-04-01,FY27,FY_END_PLAN,Rolling off 7-12m,18.0,,,,,,,,,,,,,,,
UNMATCHED RESOURCE,,,,,,,"no line with compatible position/skill, grade and start date in window",PROJ-00001918,,,ATFM Back End Support,Generic Resource 8,Service Assurance Architect,Technical Architect,rule,MAPPED,,8.0,,,2027-03-01,2027-04-01,FY27,FY_END_PLAN,Rolling off 7-12m,18.0,,,,,,,,,,,,,,,
UNMATCHED RESOURCE,,,,,,,"no line with compatible position/skill, grade and start date in window",PROJ-00001918,,,ATFM Back End Support,Generic Resource 3,Response Centre Engineer,Service Desk Agent,rule,MAPPED,,3.0,SERVICE_MGMT,,2027-03-01,2027-04-01,FY27,FY_END_PLAN,Rolling off 7-12m,18.0,,,,,,,,,,,,,,,
UNMATCHED RESOURCE,,,,,,,"no line with compatible position/skill, grade and start date in window",PROJ-00001918,,,ATFM Back End Support,Generic Resource 3,Response Centre Engineer,Service Desk Agent,rule,MAPPED,,3.0,SERVICE_MGMT,,2027-03-01,2027-04-01,FY27,FY_END_PLAN,Rolling off 7-12m,18.0,,,,,,,,,,,,,,,
UNMATCHED RESOURCE,FOR REVIEW - position name unmapped,,,,,,"no line with compatible position/skill, grade and start date in window",PROJ-00001918,,,ATFM Back End Support,Generic Resource 5,Procurement Officer,UNMAPPED - FOR REVIEW,unmapped,FOR REVIEW,,5.0,,,2027-03-01,2027-04-01,FY27,FY_END_PLAN,Rolling off 7-12m,18.0,,,,,,,,,,,,,,,
UNMATCHED RESOURCE,,,,,,,"no line with compatible position/skill, grade and start date in window",PROJ-00001918,,,ATFM Back End Support,Generic Resource 3,Response Centre Engineer,Service Desk Agent,rule,MAPPED,,3.0,SERVICE_MGMT,,2027-03-01,2027-04-01,FY27,FY_END_PLAN,Rolling off 7-12m,18.0,,,,,,,,,,,,,,,
UNMATCHED RESOURCE,,,,,,,"no line with compatible position/skill, grade and start date in window",PROJ-00001918,,,ATFM Back End Support,Generic Resource 6,System Engineer,Server Engineer L1,rule,MAPPED - level inferred from grade,,6.0,INFRA_OS,,2027-03-01,2027-04-01,FY27,FY_END_PLAN,Rolling off 7-12m,18.0,,,,,,,,,,,,,,,
UNMATCHED RESOURCE,,,,,,,"no line with compatible position/skill, grade and start date in window",PROJ-00001918,,,ATFM Back End Support,Generic Resource 6,Response Centre Engineer,Service Desk Agent,rule,MAPPED,,6.0,SERVICE_MGMT,,2027-03-01,2027-04-01,FY27,FY_END_PLAN,Rolling off 7-12m,18.0,,,,,,,,,,,,,,,
UNMATCHED RESOURCE,,,,,,,"no line with compatible position/skill, grade and start date in window",PROJ-00001918,,,ATFM Back End Support,Generic 4,Response Centre Engineer,Service Desk Agent,rule,MAPPED,,4.0,SERVICE_MGMT,,2027-03-01,2027-04-01,FY27,FY_END_PLAN,Rolling off 7-12m,18.0,,,,,,,,,,,,,,,
UNMATCHED RESOURCE,FOR REVIEW - position name unmapped,,,,,,"no line with compatible position/skill, grade and start date in window",PROJ-00001918,,,ATFM Back End Support,Generic Resource 7,PMO Team Lead,UNMAPPED - FOR REVIEW,unmapped,FOR REVIEW,,7.0,,,2027-03-01,2027-04-01,FY27,FY_END_PLAN,Rolling off 7-12m,18.0,,,,,,,,,,,,,,,
UNMATCHED RESOURCE,FOR REVIEW - position name unmapped,,,,,,"no line with compatible position/skill, grade and start date in window",PROJ-00001918,,,ATFM Back End Support,Generic 4,PMO,UNMAPPED - FOR REVIEW,unmapped,FOR REVIEW,,4.0,,,2027-03-01,2027-04-01,FY27,FY_END_PLAN,Rolling off 7-12m,18.0,,,,,,,,,,,,,,,
UNMATCHED RESOURCE,,,,,,,"no line with compatible position/skill, grade and start date in window",PROJ-00001918,,,ATFM Back End Support,Generic Resource 7,IT Security Officer,IT Security Officer,mapping_sheet,MAPPED,,7.0,SECURITY,,2027-03-01,2027-04-01,FY27,FY_END_PLAN,Rolling off 7-12m,18.0,,,,,,,,,,,,,,,
UNMATCHED RESOURCE,,,,,,,"no line with compatible position/skill, grade and start date in window",PROJ-00001918,,,ATFM Back End Support,Generic Resource 7,Application Performance Monitoring Engineer,Tools Engineer L2 (Observability),rule,MAPPED - level inferred from grade,,7.0,,,2027-03-01,2027-04-01,FY27,FY_END_PLAN,Rolling off 7-12m,18.0,,,,,,,,,,,,,,,
UNMATCHED RESOURCE,,,,,,,"no line with compatible position/skill, grade and start date in window",PROJ-00001918,,,ATFM Back End Support,Generic Resource 7,Systems Engineer,Server Engineer L2,rule,MAPPED - level inferred from grade,,7.0,INFRA_OS,,2027-03-01,2027-04-01,FY27,FY_END_PLAN,Rolling off 7-12m,18.0,,,,,,,,,,,,,,,
UNMATCHED RESOURCE,,,,,,,"no line with compatible position/skill, grade and start date in window",PROJ-00001918,,,ATFM Back End Support,Generic Resource 6,Systems Engineer,Server Engineer L1,rule,MAPPED - level inferred from grade,,6.0,INFRA_OS,,2027-03-01,2027-04-01,FY27,FY_END_PLAN,Rolling off 7-12m,18.0,,,,,,,,,,,,,,,
UNMATCHED RESOURCE,,,,,,,"no line with compatible position/skill, grade and start date in window",PROJ-00007228,QL-0000003444,SINGAPORE POLICE FORCE,[ATFM] Year 8 Renewal [CV]_SPF,Generic Resource 6,NETWORK - L2 1. Shankar,Network Engineer L2,rule,MAPPED,,6.0,NETWORK,,2027-03-01,2027-04-01,FY27,FY_END_PLAN,Rolling off 7-12m,18.0,,,,,,,,,,,,,,,
UNMATCHED RESOURCE,,,,,,,"no line with compatible position/skill, grade and start date in window",PROJ-00007228,QL-0000003444,SINGAPORE POLICE FORCE,[ATFM] Year 8 Renewal [CV]_SPF,Generic Resource 3,IT ADMIN 3 Fazillah,DCOps,rule,MAPPED,,3.0,INFRA_OS,,2027-03-01,2027-04-01,FY27,FY_END_PLAN,Rolling off 7-12m,18.0,,,,,,,,,,,,,,,
UNMATCHED RESOURCE,,,,,,,"no line with compatible position/skill, grade and start date in window",PROJ-00007228,QL-0000003444,SINGAPORE POLICE FORCE,[ATFM] Year 8 Renewal [CV]_SPF,Generic Resource 3,DC Ops  - 2,DCOps,rule,MAPPED,,3.0,INFRA_OS,,2027-03-01,2027-04-01,FY27,FY_END_PLAN,Rolling off 7-12m,18.0,,,,,,,,,,,,,,,
UNMATCHED RESOURCE,,,,,,,"no line with compatible position/skill, grade and start date in window",PROJ-00007228,QL-0000003444,SINGAPORE POLICE FORCE,[ATFM] Year 8 Renewal [CV]_SPF,Generic Resource 3,DC Ops - L1-7,DCOps,rule,MAPPED,,3.0,INFRA_OS,,2027-03-01,2027-04-01,FY27,FY_END_PLAN,Rolling off 7-12m,18.0,,,,,,,,,,,,,,,
UNMATCHED RESOURCE,,,,,,,"no line with compatible position/skill, grade and start date in window",PROJ-00007228,QL-0000003444,SINGAPORE POLICE FORCE,[ATFM] Year 8 Renewal [CV]_SPF,Generic 4,DC Ops - L1-5,DCOps,rule,MAPPED,,4.0,INFRA_OS,,2027-03-01,2027-04-01,FY27,FY_END_PLAN,Rolling off 7-12m,18.0,,,,,,,,,,,,,,,
UNMATCHED RESOURCE,,,,,,,"no line with compatible position/skill, grade and start date in window",PROJ-00007228,QL-0000003444,SINGAPORE POLICE FORCE,[ATFM] Year 8 Renewal [CV]_SPF,Generic Resource 3,DC Ops  - 1,DCOps,rule,MAPPED,,3.0,INFRA_OS,,2027-03-01,2027-04-01,FY27,FY_END_PLAN,Rolling off 7-12m,18.0,,,,,,,,,,,,,,,
UNMATCHED RESOURCE,FOR REVIEW - position name unmapped,,,,,,"no line with compatible position/skill, grade and start date in window",PROJ-00007228,QL-0000003444,SINGAPORE POLICE FORCE,[ATFM] Year 8 Renewal [CV]_SPF,Generic Resource 7,DBA1- 1. Quan Sheng,UNMAPPED - FOR REVIEW,unmapped,FOR REVIEW,,7.0,,,2027-03-01,2027-04-01,FY27,FY_END_PLAN,Rolling off 7-12m,18.0,,,,,,,,,,,,,,,
UNMATCHED RESOURCE,,,,,,,"no line with compatible position/skill, grade and start date in window",PROJ-00007228,QL-0000003444,SINGAPORE POLICE FORCE,[ATFM] Year 8 Renewal [CV]_SPF,Generic Resource 7,Wintel L2-OTE Options 4. Padma,Server Engineer L2,rule,MAPPED,,7.0,INFRA_OS,,2027-03-01,2027-04-01,FY27,FY_END_PLAN,Rolling off 7-12m,18.0,,,,,,,,,,,,,,,
UNMATCHED RESOURCE,,,,,,,"no line with compatible position/skill, grade and start date in window",PROJ-00007228,QL-0000003444,SINGAPORE POLICE FORCE,[ATFM] Year 8 Renewal [CV]_SPF,Generic Resource 7,IT Security Officer 1,IT Security Officer,mapping_sheet,MAPPED,,7.0,SECURITY,,2027-03-01,2027-04-01,FY27,FY_END_PLAN,Rolling off 7-12m,18.0,,,,,,,,,,,,,,,
UNMATCHED RESOURCE,,,,,,,"no line with compatible position/skill, grade and start date in window",PROJ-00007228,QL-0000003444,SINGAPORE POLICE FORCE,[ATFM] Year 8 Renewal [CV]_SPF,Generic Resource 3,IT Admin 1,DCOps,rule,MAPPED,,3.0,INFRA_OS,,2027-03-01,2027-04-01,FY27,FY_END_PLAN,Rolling off 7-12m,18.0,,,,,,,,,,,,,,,
UNMATCHED RESOURCE,,,,,,,"no line with compatible position/skill, grade and start date in window",PROJ-00007228,QL-0000003444,SINGAPORE POLICE FORCE,[ATFM] Year 8 Renewal [CV]_SPF,Generic Resource 7,Network Engineer L2 -3,Network Engineer L2,rule,MAPPED,,7.0,NETWORK,,2027-03-01,2027-04-01,FY27,FY_END_PLAN,Rolling off 7-12m,18.0,,,,,,,,,,,,,,,
UNMATCHED RESOURCE,,,,,,,"no line with compatible position/skill, grade and start date in window",PROJ-00007228,QL-0000003444,SINGAPORE POLICE FORCE,[ATFM] Year 8 Renewal [CV]_SPF,Generic Resource 3,DC Ops  - 12,DCOps,rule,MAPPED,,3.0,INFRA_OS,,2027-03-01,2027-04-01,FY27,FY_END_PLAN,Rolling off 7-12m,18.0,,,,,,,,,,,,,,,
UNMATCHED RESOURCE,,,,,,,"no line with compatible position/skill, grade and start date in window",PROJ-00007228,QL-0000003444,SINGAPORE POLICE FORCE,[ATFM] Year 8 Renewal [CV]_SPF,Generic Resource 7,Unix Engineer,Server Engineer L2,rule,MAPPED - level inferred from grade,,7.0,INFRA_OS,,2027-03-01,2027-04-01,FY27,FY_END_PLAN,Rolling off 7-12m,18.0,,,,,,,,,,,,,,,
UNMATCHED RESOURCE,,,,,,,"no line with compatible position/skill, grade and start date in window",PROJ-00007228,QL-0000003444,SINGAPORE POLICE FORCE,[ATFM] Year 8 Renewal [CV]_SPF,Generic Resource 7,Server Engineer (Extended Support - Night Shift) -2,Server Engineer L2,rule,MAPPED - level inferred from grade,,7.0,INFRA_OS,,2027-03-01,2027-04-01,FY27,FY_END_PLAN,Rolling off 7-12m,18.0,,,,,,,,,,,,,,,
UNMATCHED RESOURCE,,,,,,,"no line with compatible position/skill, grade and start date in window",PROJ-00007228,QL-0000003444,SINGAPORE POLICE FORCE,[ATFM] Year 8 Renewal [CV]_SPF,Generic Resource 7,Network Engineer (Exteded support - Night Shift) -1,Network Engineer L2,rule,MAPPED - level inferred from grade,,7.0,NETWORK,,2027-03-01,2027-04-01,FY27,FY_END_PLAN,Rolling off 7-12m,18.0,,,,,,,,,,,,,,,
UNMATCHED RESOURCE,,,,,,,"no line with compatible position/skill, grade and start date in window",PROJ-00007228,QL-0000003444,SINGAPORE POLICE FORCE,[ATFM] Year 8 Renewal [CV]_SPF,Generic Resource 7,Network Engineer,Network Engineer L2,rule,MAPPED - level inferred from grade,,7.0,NETWORK,,2027-03-01,2027-04-01,FY27,FY_END_PLAN,Rolling off 7-12m,18.0,,,,,,,,,,,,,,,
UNMATCHED RESOURCE,,,,,,,"no line with compatible position/skill, grade and start date in window",PROJ-00007228,QL-0000003444,SINGAPORE POLICE FORCE,[ATFM] Year 8 Renewal [CV]_SPF,Generic Resource 6,Network Engineer,Network Engineer L1,rule,MAPPED - level inferred from grade,,6.0,NETWORK,,2027-03-01,2027-04-01,FY27,FY_END_PLAN,Rolling off 7-12m,18.0,,,,,,,,,,,,,,,
UNMATCHED RESOURCE,,,,,,,"no line with compatible position/skill, grade and start date in window",PROJ-00007228,QL-0000003444,SINGAPORE POLICE FORCE,[ATFM] Year 8 Renewal [CV]_SPF,Generic Resource 7,Wintel L2-PAMS support  Hari ( Dec joining),Server Engineer L2,rule,MAPPED,,7.0,INFRA_OS,,2027-03-01,2027-04-01,FY27,FY_END_PLAN,Rolling off 7-12m,18.0,,,,,,,,,,,,,,,
UNMATCHED RESOURCE,,,,,,,"no line with compatible position/skill, grade and start date in window",PROJ-00007228,QL-0000003444,SINGAPORE POLICE FORCE,[ATFM] Year 8 Renewal [CV]_SPF,Generic Resource 7,Wintel L2-OTE Options,Server Engineer L2,rule,MAPPED,,7.0,INFRA_OS,,2027-03-01,2027-04-01,FY27,FY_END_PLAN,Rolling off 7-12m,18.0,,,,,,,,,,,,,,,
UNMATCHED RESOURCE,,,,,,,"no line with compatible position/skill, grade and start date in window",PROJ-00007228,QL-0000003444,SINGAPORE POLICE FORCE,[ATFM] Year 8 Renewal [CV]_SPF,Generic Resource 6,Wintel L1-PAMS support 2. Veera,Server Engineer L1,rule,MAPPED,,6.0,INFRA_OS,,2027-03-01,2027-04-01,FY27,FY_END_PLAN,Rolling off 7-12m,18.0,,,,,,,,,,,,,,,
UNMATCHED RESOURCE,,,,,,,"no line with compatible position/skill, grade and start date in window",PROJ-00007228,QL-0000003444,SINGAPORE POLICE FORCE,[ATFM] Year 8 Renewal [CV]_SPF,Generic Resource 6,Network Engineer,Network Engineer L1,rule,MAPPED - level inferred from grade,,6.0,NETWORK,,2027-03-01,2027-04-01,FY27,FY_END_PLAN,Rolling off 7-12m,18.0,,,,,,,,,,,,,,,
UNMATCHED RESOURCE,,,,,,,"no line with compatible position/skill, grade and start date in window",PROJ-00007228,QL-0000003444,SINGAPORE POLICE FORCE,[ATFM] Year 8 Renewal [CV]_SPF,Generic Resource 7,Wintel Engineer,Server Engineer L2,rule,MAPPED - level inferred from grade,,7.0,INFRA_OS,,2027-03-01,2027-04-01,FY27,FY_END_PLAN,Rolling off 7-12m,18.0,,,,,,,,,,,,,,,
UNMATCHED RESOURCE,,,,,,,"no line with compatible position/skill, grade and start date in window",PROJ-00007228,QL-0000003444,SINGAPORE POLICE FORCE,[ATFM] Year 8 Renewal [CV]_SPF,Generic Resource 7,Cyberark Engineer,Security Engineer,rule,MAPPED,,7.0,SECURITY,,2027-03-01,2027-04-01,FY27,FY_END_PLAN,Rolling off 7-12m,18.0,,,,,,,,,,,,,,,
UNMATCHED RESOURCE,,,,,,,"no line with compatible position/skill, grade and start date in window",PROJ-00007228,QL-0000003444,SINGAPORE POLICE FORCE,[ATFM] Year 8 Renewal [CV]_SPF,Generic 4,Network Engineer,Network Engineer L1,rule,MAPPED - level inferred from grade,,4.0,NETWORK,,2027-03-01,2027-04-01,FY27,FY_END_PLAN,Rolling off 7-12m,18.0,,,,,,,,,,,,,,,
UNMATCHED RESOURCE,,,,,,,"no line with compatible position/skill, grade and start date in window",PROJ-00007228,QL-0000003444,SINGAPORE POLICE FORCE,[ATFM] Year 8 Renewal [CV]_SPF,Generic Resource 6,Network Engineer,Network Engineer L1,rule,MAPPED - level inferred from grade,,6.0,NETWORK,,2027-03-01,2027-04-01,FY27,FY_END_PLAN,Rolling off 7-12m,18.0,,,,,,,,,,,,,,,
UNMATCHED RESOURCE,,,,,,,"no line with compatible position/skill, grade and start date in window",PROJ-00007228,QL-0000003444,SINGAPORE POLICE FORCE,[ATFM] Year 8 Renewal [CV]_SPF,Generic Resource 6,Network Engineer,Network Engineer L1,rule,MAPPED - level inferred from grade,,6.0,NETWORK,,2027-03-01,2027-04-01,FY27,FY_END_PLAN,Rolling off 7-12m,18.0,,,,,,,,,,,,,,,
UNMATCHED RESOURCE,,,,,,,"no line with compatible position/skill, grade and start date in window",PROJ-00007228,QL-0000003444,SINGAPORE POLICE FORCE,[ATFM] Year 8 Renewal [CV]_SPF,Generic 4,IT ADMIN,DCOps,rule,MAPPED,,4.0,INFRA_OS,,2027-03-01,2027-04-01,FY27,FY_END_PLAN,Rolling off 7-12m,18.0,,,,,,,,,,,,,,,
UNMATCHED RESOURCE,,,,,,,"no line with compatible position/skill, grade and start date in window",PROJ-00007228,QL-0000003444,SINGAPORE POLICE FORCE,[ATFM] Year 8 Renewal [CV]_SPF,Generic Resource 3,Network Engineer,Network Engineer L1,rule,MAPPED - level inferred from grade,,3.0,NETWORK,,2027-03-01,2027-04-01,FY27,FY_END_PLAN,Rolling off 7-12m,18.0,,,,,,,,,,,,,,,
UNMATCHED RESOURCE,,,,,,,"no line with compatible position/skill, grade and start date in window",PROJ-00007228,QL-0000003444,SINGAPORE POLICE FORCE,[ATFM] Year 8 Renewal [CV]_SPF,Generic 4,DC Ops,DCOps,rule,MAPPED,,4.0,INFRA_OS,,2027-03-01,2027-04-01,FY27,FY_END_PLAN,Rolling off 7-12m,18.0,,,,,,,,,,,,,,,
UNMATCHED RESOURCE,,,,,,,"no line with compatible position/skill, grade and start date in window",PROJ-00007228,QL-0000003444,SINGAPORE POLICE FORCE,[ATFM] Year 8 Renewal [CV]_SPF,Generic Resource 7,Network Engineer,Network Engineer L2,rule,MAPPED - level inferred from grade,,7.0,NETWORK,,2027-03-01,2027-04-01,FY27,FY_END_PLAN,Rolling off 7-12m,18.0,,,,,,,,,,,,,,,
UNMATCHED RESOURCE,,,,,,,"no line with compatible position/skill, grade and start date in window",PROJ-00007228,QL-0000003444,SINGAPORE POLICE FORCE,[ATFM] Year 8 Renewal [CV]_SPF,Generic 4,DC Ops,DCOps,rule,MAPPED,,4.0,INFRA_OS,,2027-03-01,2027-04-01,FY27,FY_END_PLAN,Rolling off 7-12m,18.0,,,,,,,,,,,,,,,
UNMATCHED RESOURCE,,,,,,,"no line with compatible position/skill, grade and start date in window",PROJ-00007233,QL-0000003425,IMMIGRATION & CHECKPOINTS AUTHORITY,[ATFM] Year 8 Renewal [CV]_ICA,Generic 4,DC Ops Engineer,DCOps,rule,MAPPED,,4.0,INFRA_OS,,2027-03-01,2027-04-01,FY27,FY_END_PLAN,Rolling off 7-12m,18.0,,,,,,,,,,,,,,,
UNMATCHED RESOURCE,,,,,,,"no line with compatible position/skill, grade and start date in window",PROJ-00007233,QL-0000003425,IMMIGRATION & CHECKPOINTS AUTHORITY,[ATFM] Year 8 Renewal [CV]_ICA,Generic Resource 3,DC Ops Engineer,DCOps,rule,MAPPED,,3.0,INFRA_OS,,2027-03-01,2027-04-01,FY27,FY_END_PLAN,Rolling off 7-12m,18.0,,,,,,,,,,,,,,,
UNMATCHED RESOURCE,,,,,,,"no line with compatible position/skill, grade and start date in window",PROJ-00007225,QL-0000003465,MINISTRY OF HOME AFFAIRS,[ATFM] Year 8 Renewal [CV]_MHQ,Generic Resource 3,Data Center Operator,DCOps,rule,MAPPED,,3.0,INFRA_OS,,2027-03-01,2027-04-01,FY27,FY_END_PLAN,Rolling off 7-12m,18.0,,,,,,,,,,,,,,,
UNMATCHED RESOURCE,,,,,,,"no line with compatible position/skill, grade and start date in window",PROJ-00007225,QL-0000003465,MINISTRY OF HOME AFFAIRS,[ATFM] Year 8 Renewal [CV]_MHQ,Generic Resource 3,Data Center Operator 3,DCOps,rule,MAPPED,,3.0,INFRA_OS,,2027-03-01,2027-04-01,FY27,FY_END_PLAN,Rolling off 7-12m,18.0,,,,,,,,,,,,,,,
UNMATCHED RESOURCE,,,,,,,"no line with compatible position/skill, grade and start date in window",PROJ-00007225,QL-0000003465,MINISTRY OF HOME AFFAIRS,[ATFM] Year 8 Renewal [CV]_MHQ,Generic Resource 8,SDM  - Ops Manager,SDM,rule,MAPPED,,8.0,SERVICE_MGMT,,2027-03-01,2027-04-01,FY27,FY_END_PLAN,Rolling off 7-12m,18.0,,,,,,,,,,,,,,,
UNMATCHED RESOURCE,,,,,,,"no line with compatible position/skill, grade and start date in window",PROJ-00007227,QL-0000003447,HOME TEAM ACADEMY,[ATFM] Year 8 Renewal [CV]_HTA,Generic 4,DC Ops - L2 - 2,DCOps,rule,MAPPED,,4.0,INFRA_OS,,2027-03-01,2027-04-01,FY27,FY_END_PLAN,Rolling off 7-12m,18.0,,,,,,,,,,,,,,,
UNMATCHED RESOURCE,,,,,,,"no line with compatible position/skill, grade and start date in window",PROJ-00007227,QL-0000003447,HOME TEAM ACADEMY,[ATFM] Year 8 Renewal [CV]_HTA,Generic Resource 7,NETWORK - L2 - 4,Network Engineer L2,rule,MAPPED,,7.0,NETWORK,,2027-03-01,2027-04-01,FY27,FY_END_PLAN,Rolling off 7-12m,18.0,,,,,,,,,,,,,,,
UNMATCHED RESOURCE,,,,,,,"no line with compatible position/skill, grade and start date in window",PROJ-00007227,QL-0000003447,HOME TEAM ACADEMY,[ATFM] Year 8 Renewal [CV]_HTA,Generic Resource 7,Wintel L2 - 1 Pratap,Server Engineer L2,rule,MAPPED,,7.0,INFRA_OS,,2027-03-01,2027-04-01,FY27,FY_END_PLAN,Rolling off 7-12m,18.0,,,,,,,,,,,,,,,
UNMATCHED RESOURCE,,,,,,,"no line with compatible position/skill, grade and start date in window",PROJ-00007227,QL-0000003447,HOME TEAM ACADEMY,[ATFM] Year 8 Renewal [CV]_HTA,Generic Resource 7,Network L2 BAU,Network Engineer L2,rule,MAPPED,,7.0,NETWORK,,2027-03-01,2027-04-01,FY27,FY_END_PLAN,Rolling off 7-12m,18.0,,,,,,,,,,,,,,,
UNMATCHED RESOURCE,,,,,,,"no line with compatible position/skill, grade and start date in window",PROJ-00010734,QL-0000006000,MAJLIS UGAMA ISLAM SINGAPURA,[ATFM] Year 8 Renewal - MUIS - AFM,Generic Resource 7,DBA - L2/ Sharepoint,DBA L2,rule,MAPPED,,7.0,DATABASE,,2027-03-01,2027-04-01,FY27,FY_END_PLAN,Rolling off 7-12m,18.0,,,,,,,,,,,,,,,
UNMATCHED RESOURCE,,,,,,,"no line with compatible position/skill, grade and start date in window",PROJ-00010734,QL-0000006000,MAJLIS UGAMA ISLAM SINGAPURA,[ATFM] Year 8 Renewal - MUIS - AFM,Generic Resource 7,SECURITY - L1 [ ITSO ],IT Security Officer,mapping_sheet,MAPPED,,7.0,SECURITY,,2027-03-01,2027-04-01,FY27,FY_END_PLAN,Rolling off 7-12m,18.0,,,,,,,,,,,,,,,
UNMATCHED RESOURCE,,,,,,,"no line with compatible position/skill, grade and start date in window",PROJ-00010897,QL-0000006192,SINGAPORE CIVIL DEFENCE FORCE,SCDF Mobility Services Year8 FY26,Generic 4,Mobile Support Engineer - Kaushan,Mobile/Desktop Engineer,rule,MAPPED,,4.0,WORKPLACE,,2027-03-01,2027-04-01,FY27,FY_END_PLAN,Rolling off 7-12m,18.0,,,,,,,,,,,,,,,
UNMATCHED RESOURCE,,,,,,,"no line with compatible position/skill, grade and start date in window",PROJ-00010897,QL-0000006192,SINGAPORE CIVIL DEFENCE FORCE,SCDF Mobility Services Year8 FY26,Generic 4,Mobile Support Engineer - Pammi,Mobile/Desktop Engineer,rule,MAPPED,,4.0,WORKPLACE,,2027-03-01,2027-04-01,FY27,FY_END_PLAN,Rolling off 7-12m,18.0,,,,,,,,,,,,,,,
UNMATCHED RESOURCE,,,,,,,"no line with compatible position/skill, grade and start date in window",PROJ-00010897,QL-0000006192,SINGAPORE CIVIL DEFENCE FORCE,SCDF Mobility Services Year8 FY26,Generic 4,Mobile Support Engineer - Stanley,Mobile/Desktop Engineer,rule,MAPPED,,4.0,WORKPLACE,,2027-03-01,2027-04-01,FY27,FY_END_PLAN,Rolling off 7-12m,18.0,,,,,,,,,,,,,,,
UNMATCHED RESOURCE,,,,,,,"no line with compatible position/skill, grade and start date in window",PROJ-00010897,QL-0000006192,SINGAPORE CIVIL DEFENCE FORCE,SCDF Mobility Services Year8 FY26,Generic 4,Mobile Support Engineer - Sufi,Mobile/Desktop Engineer,rule,MAPPED,,4.0,WORKPLACE,,2027-03-01,2027-04-01,FY27,FY_END_PLAN,Rolling off 7-12m,18.0,,,,,,,,,,,,,,,
UNMATCHED RESOURCE,,,,,,,"no line with compatible position/skill, grade and start date in window",PROJ-00010897,QL-0000006192,SINGAPORE CIVIL DEFENCE FORCE,SCDF Mobility Services Year8 FY26,Generic 4,Mobile Support Engineer - Fairuz,Mobile/Desktop Engineer,rule,MAPPED,,4.0,WORKPLACE,,2027-03-01,2027-04-01,FY27,FY_END_PLAN,Rolling off 7-12m,18.0,,,,,,,,,,,,,,,
UNMATCHED RESOURCE,,,,,,,"no line with compatible position/skill, grade and start date in window",PROJ-00010897,QL-0000006192,SINGAPORE CIVIL DEFENCE FORCE,SCDF Mobility Services Year8 FY26,Generic 4,Mobile Support Engineer - Huzaimi,Mobile/Desktop Engineer,rule,MAPPED,,4.0,WORKPLACE,,2027-03-01,2027-04-01,FY27,FY_END_PLAN,Rolling off 7-12m,18.0,,,,,,,,,,,,,,,
UNMATCHED RESOURCE,,,,,,,"no line with compatible position/skill, grade and start date in window",PROJ-00010897,QL-0000006192,SINGAPORE CIVIL DEFENCE FORCE,SCDF Mobility Services Year8 FY26,Generic 4,Mobile Project Manager,Project Manager,rule,MAPPED,,4.0,PROJECT_MGMT,,2027-03-01,2027-04-01,FY27,FY_END_PLAN,Rolling off 7-12m,18.0,,,,,,,,,,,,,,,
UNMATCHED RESOURCE,FOR REVIEW - position name unmapped,,,,,,"no line with compatible position/skill, grade and start date in window",PROJ-00010763,QL-0000006003,INSTITUTE OF TECHNICAL EDUCATION,[ATFM] Year 8 Renewal - ITE,Generic Resource 7,S Boopathi,UNMAPPED - FOR REVIEW,unmapped,FOR REVIEW,,7.0,,,2027-03-01,2027-04-01,FY27,FY_END_PLAN,Rolling off 7-12m,18.0,,,,,,,,,,,,,,,
UNMATCHED RESOURCE,,,,,,,"no line with compatible position/skill, grade and start date in window",PROJ-00007226,QL-0000003446,SINGAPORE PRISON SERVICE,[ATFM] Year 8 Renewal [CV]_SPS,Generic Resource 3,DC Ops - L1 - 3,DCOps,rule,MAPPED,,3.0,INFRA_OS,,2027-03-01,2027-04-01,FY27,FY_END_PLAN,Rolling off 7-12m,18.0,,,,,,,,,,,,,,,
UNMATCHED RESOURCE,,,,,,,"no line with compatible position/skill, grade and start date in window",PROJ-00007226,QL-0000003446,SINGAPORE PRISON SERVICE,[ATFM] Year 8 Renewal [CV]_SPS,Generic Resource 3,DC Ops - L1 - 2,DCOps,rule,MAPPED,,3.0,INFRA_OS,,2027-03-01,2027-04-01,FY27,FY_END_PLAN,Rolling off 7-12m,18.0,,,,,,,,,,,,,,,
UNMATCHED RESOURCE,,,,,,,"no line with compatible position/skill, grade and start date in window",PROJ-00007226,QL-0000003446,SINGAPORE PRISON SERVICE,[ATFM] Year 8 Renewal [CV]_SPS,Generic Resource 3,DC Ops - L2 - 1,DCOps,rule,MAPPED,,3.0,INFRA_OS,,2027-03-01,2027-04-01,FY27,FY_END_PLAN,Rolling off 7-12m,18.0,,,,,,,,,,,,,,,
UNMATCHED RESOURCE,,,,,,,"no line with compatible position/skill, grade and start date in window",PROJ-00007232,QL-0000003445,SINGAPORE CIVIL DEFENCE FORCE,SCDF Base Year8 FY26,Generic Resource 7,Network Engineer - Shanker,Network Engineer L2,rule,MAPPED - level inferred from grade,,7.0,NETWORK,,2027-03-01,2027-04-01,FY27,FY_END_PLAN,Rolling off 7-12m,18.0,,,,,,,,,,,,,,,
UNMATCHED RESOURCE,,,,,,,"no line with compatible position/skill, grade and start date in window",PROJ-00007232,QL-0000003445,SINGAPORE CIVIL DEFENCE FORCE,SCDF Base Year8 FY26,Generic Resource 8,Project Manager - Rama,Project Manager,rule,MAPPED,,8.0,PROJECT_MGMT,,2027-03-01,2027-04-01,FY27,FY_END_PLAN,Rolling off 7-12m,18.0,,,,,,,,,,,,,,,
UNMATCHED RESOURCE,,,,,,,"no line with compatible position/skill, grade and start date in window",PROJ-00007232,QL-0000003445,SINGAPORE CIVIL DEFENCE FORCE,SCDF Base Year8 FY26,Generic Resource 7,Server Engineer - Vinoth Kumar,Server Engineer L2,rule,MAPPED - level inferred from grade,,7.0,INFRA_OS,,2027-03-01,2027-04-01,FY27,FY_END_PLAN,Rolling off 7-12m,18.0,,,,,,,,,,,,,,,
UNMATCHED RESOURCE,,,,,,,"no line with compatible position/skill, grade and start date in window",PROJ-00007232,QL-0000003445,SINGAPORE CIVIL DEFENCE FORCE,SCDF Base Year8 FY26,Generic 4,Project Manager - Jeffrey Tan,Project Manager,rule,MAPPED,,4.0,PROJECT_MGMT,,2027-03-01,2027-04-01,FY27,FY_END_PLAN,Rolling off 7-12m,18.0,,,,,,,,,,,,,,,
UNMATCHED RESOURCE,,,,,,,"no line with compatible position/skill, grade and start date in window",PROJ-00007232,QL-0000003445,SINGAPORE CIVIL DEFENCE FORCE,SCDF Base Year8 FY26,Generic 4,DC Ops - Sadiq,DCOps,rule,MAPPED,,4.0,INFRA_OS,,2027-03-01,2027-04-01,FY27,FY_END_PLAN,Rolling off 7-12m,18.0,,,,,,,,,,,,,,,
UNMATCHED RESOURCE,,,,,,,"no line with compatible position/skill, grade and start date in window",PROJ-00007232,QL-0000003445,SINGAPORE CIVIL DEFENCE FORCE,SCDF Base Year8 FY26,Generic 4,DC Ops - Nelson Wong,DCOps,rule,MAPPED,,4.0,INFRA_OS,,2027-03-01,2027-04-01,FY27,FY_END_PLAN,Rolling off 7-12m,18.0,,,,,,,,,,,,,,,
UNMATCHED RESOURCE,,,,,,,"no line with compatible position/skill, grade and start date in window",PROJ-00007232,QL-0000003445,SINGAPORE CIVIL DEFENCE FORCE,SCDF Base Year8 FY26,Generic 4,DC Ops - Vishnu,DCOps,rule,MAPPED,,4.0,INFRA_OS,,2027-03-01,2027-04-01,FY27,FY_END_PLAN,Rolling off 7-12m,18.0,,,,,,,,,,,,,,,
UNMATCHED RESOURCE,,,,,,,"no line with compatible position/skill, grade and start date in window",PROJ-00007232,QL-0000003445,SINGAPORE CIVIL DEFENCE FORCE,SCDF Base Year8 FY26,Generic 4,DC Ops - Nithiya,DCOps,rule,MAPPED,,4.0,INFRA_OS,,2027-03-01,2027-04-01,FY27,FY_END_PLAN,Rolling off 7-12m,18.0,,,,,,,,,,,,,,,
UNMATCHED RESOURCE,,,,,,,"no line with compatible position/skill, grade and start date in window",PROJ-00007232,QL-0000003445,SINGAPORE CIVIL DEFENCE FORCE,SCDF Base Year8 FY26,Generic 4,DC Ops - To Be Hired,DCOps,rule,MAPPED,,4.0,INFRA_OS,,2027-03-01,2027-04-01,FY27,FY_END_PLAN,Rolling off 7-12m,18.0,,,,,,,,,,,,,,,
UNMATCHED RESOURCE,,,,,,,"no line with compatible position/skill, grade and start date in window",PROJ-00007232,QL-0000003445,SINGAPORE CIVIL DEFENCE FORCE,SCDF Base Year8 FY26,Generic Resource 7,Project Manager - Aw Kok Chun,Project Manager,rule,MAPPED,,7.0,PROJECT_MGMT,,2027-03-01,2027-04-01,FY27,FY_END_PLAN,Rolling off 7-12m,18.0,,,,,,,,,,,,,,,
UNMATCHED RESOURCE,,,,,,,"no line with compatible position/skill, grade and start date in window",PROJ-00007232,QL-0000003445,SINGAPORE CIVIL DEFENCE FORCE,SCDF Base Year8 FY26,Generic Resource 8,Project Manager - Darly Ang,Project Manager,rule,MAPPED,,8.0,PROJECT_MGMT,,2027-03-01,2027-04-01,FY27,FY_END_PLAN,Rolling off 7-12m,18.0,,,,,,,,,,,,,,,
UNMATCHED RESOURCE,,,,,,,"no line with compatible position/skill, grade and start date in window",PROJ-00007232,QL-0000003445,SINGAPORE CIVIL DEFENCE FORCE,SCDF Base Year8 FY26,Generic Resource 7,System Engineer - Benedict,Server Engineer L2,rule,MAPPED - level inferred from grade,,7.0,INFRA_OS,,2027-03-01,2027-04-01,FY27,FY_END_PLAN,Rolling off 7-12m,18.0,,,,,,,,,,,,,,,
UNMATCHED RESOURCE,,,,,,,"no line with compatible position/skill, grade and start date in window",PROJ-00010860,QL-0000005419,SINGAPORE LAND AUTHORITY (SLA),[ATFM] Year 8 Renewal - SLA - TFM,Generic Resource 8,Service Delivery Manager,SDM,mapping_sheet,MAPPED,,8.0,SERVICE_MGMT,,2027-03-01,2027-04-01,FY27,FY_END_PLAN,Rolling off 7-12m,18.0,,,,,,,,,,,,,,,
UNMATCHED RESOURCE,,,,,,,"no line with compatible position/skill, grade and start date in window",PROJ-00010860,QL-0000005419,SINGAPORE LAND AUTHORITY (SLA),[ATFM] Year 8 Renewal - SLA - TFM,Generic Resource 7,ITSO,IT Security Officer,mapping_sheet,MAPPED,,7.0,SECURITY,,2027-03-01,2027-04-01,FY27,FY_END_PLAN,Rolling off 7-12m,18.0,,,,,,,,,,,,,,,
UNMATCHED RESOURCE,,,,,,,"no line with compatible position/skill, grade and start date in window",PROJ-00007231,QL-0000003468,HOME TEAM SCIENCE AND TECHNOLOGY AGENCY,[ATFM] Year 8 Renewal [CV]_HTX,Generic Resource 7,Wintel Engineer  - Backfill Engineer,Server Engineer L2,rule,MAPPED - level inferred from grade,,7.0,INFRA_OS,,2027-03-01,2027-04-01,FY27,FY_END_PLAN,Rolling off 7-12m,18.0,,,,,,,,,,,,,,,
UNMATCHED RESOURCE,,,,,,,"no line with compatible position/skill, grade and start date in window",PROJ-00007231,QL-0000003468,HOME TEAM SCIENCE AND TECHNOLOGY AGENCY,[ATFM] Year 8 Renewal [CV]_HTX,Generic Resource 3,"Data Centre Operator (IT Admin) -Rohl Anthony,",DCOps,rule,MAPPED,,3.0,INFRA_OS,,2027-03-01,2027-04-01,FY27,FY_END_PLAN,Rolling off 7-12m,18.0,,,,,,,,,,,,,,,
UNMATCHED RESOURCE,,,,,,,"no line with compatible position/skill, grade and start date in window",PROJ-00007231,QL-0000003468,HOME TEAM SCIENCE AND TECHNOLOGY AGENCY,[ATFM] Year 8 Renewal [CV]_HTX,Generic Resource 3,Data Centre Operator (IT Admin) - Nur Sharfana,DCOps,rule,MAPPED,,3.0,INFRA_OS,,2027-03-01,2027-04-01,FY27,FY_END_PLAN,Rolling off 7-12m,18.0,,,,,,,,,,,,,,,
UNMATCHED RESOURCE,,,,,,,"no line with compatible position/skill, grade and start date in window",PROJ-00010861,QL-0000006024,SINGAPORE LAND AUTHORITY (SLA),[ATFM] Year 8 Renewal - SLA - OneMap GCC,Generic Resource 7,Database Administrator L2,DBA L2,rule,MAPPED,,7.0,DATABASE,,2027-03-01,2027-04-01,FY27,FY_END_PLAN,Rolling off 7-12m,18.0,,,,,,,,,,,,,,,
UNMATCHED RESOURCE,,,,,,,"no line with compatible position/skill, grade and start date in window",PROJ-00010584,QL-0000005408,SINGAPORE FOOD AGENCY,[ATFM] Year 8 Renewal - SFA,Generic Resource 7,Network,Network Engineer L2,rule,MAPPED - level inferred from grade,,7.0,NETWORK,,2027-03-01,2027-04-01,FY27,FY_END_PLAN,Rolling off 7-12m,18.0,,,,,,,,,,,,,,,
UNMATCHED RESOURCE,,,,,,,"no line with compatible position/skill, grade and start date in window",PROJ-00010584,QL-0000005408,SINGAPORE FOOD AGENCY,[ATFM] Year 8 Renewal - SFA,Generic Resource 3,IT Admin - 2,DCOps,rule,MAPPED,,3.0,INFRA_OS,,2027-03-01,2027-04-01,FY27,FY_END_PLAN,Rolling off 7-12m,18.0,,,,,,,,,,,,,,,
UNMATCHED RESOURCE,FOR REVIEW - position name unmapped,,,,,,"no line with compatible position/skill, grade and start date in window",PROJ-00010584,QL-0000005408,SINGAPORE FOOD AGENCY,[ATFM] Year 8 Renewal - SFA,Generic Resource 7,OM,UNMAPPED - FOR REVIEW,unmapped,FOR REVIEW,,7.0,,,2027-03-01,2027-04-01,FY27,FY_END_PLAN,Rolling off 7-12m,18.0,,,,,,,,,,,,,,,
UNMATCHED RESOURCE,,,,,,,"no line with compatible position/skill, grade and start date in window",PROJ-00010741,QL-0000005886,MARITIME AND PORT AUTHORITY OF SINGAPORE,[ATFM] Year 8 Renewal - MPA - AFM,Generic Resource 8,DBA [Samiyappan Ganesan],DBA L2,rule,MAPPED - level inferred from grade,,8.0,DATABASE,,2027-03-01,2027-04-01,FY27,FY_END_PLAN,Rolling off 7-12m,18.0,,,,,,,,,,,,,,,
UNMATCHED RESOURCE,,,,,,,"no line with compatible position/skill, grade and start date in window",PROJ-00010741,QL-0000005886,MARITIME AND PORT AUTHORITY OF SINGAPORE,[ATFM] Year 8 Renewal - MPA - AFM,Generic Resource 7,Network Engineer [Arun Arumugam],Network Engineer L2,rule,MAPPED - level inferred from grade,,7.0,NETWORK,,2027-03-01,2027-04-01,FY27,FY_END_PLAN,Rolling off 7-12m,18.0,,,,,,,,,,,,,,,
UNMATCHED RESOURCE,,,,,,,"no line with compatible position/skill, grade and start date in window",PROJ-00010741,QL-0000005886,MARITIME AND PORT AUTHORITY OF SINGAPORE,[ATFM] Year 8 Renewal - MPA - AFM,Generic Resource 7,Linux Engineer [Kapil Dev],Server Engineer L2,rule,MAPPED - level inferred from grade,,7.0,INFRA_OS,,2027-03-01,2027-04-01,FY27,FY_END_PLAN,Rolling off 7-12m,18.0,,,,,,,,,,,,,,,
UNMATCHED RESOURCE,,,,,,,"no line with compatible position/skill, grade and start date in window",PROJ-00010741,QL-0000005886,MARITIME AND PORT AUTHORITY OF SINGAPORE,[ATFM] Year 8 Renewal - MPA - AFM,Generic Resource 6,"Network Engineer [Andrew Chee, DOJ 1Apr, replace Riaaz]",Network Engineer L1,rule,MAPPED - level inferred from grade,,6.0,NETWORK,,2027-03-01,2027-04-01,FY27,FY_END_PLAN,Rolling off 7-12m,18.0,,,,,,,,,,,,,,,
UNMATCHED RESOURCE,,,,,,,"no line with compatible position/skill, grade and start date in window",PROJ-00010681,QL-0000006005,CIVIL SERVICE COLLEGE,[ATFM] Year 8 Renewal - CSC - TFM,Generic Resource 7,04. GCC AWS Windows Cloud Engineer (Ashok Kumar),Cloud Engineer L2,rule,MAPPED - level inferred from grade,,7.0,CLOUD,,2027-03-01,2027-04-01,FY27,FY_END_PLAN,Rolling off 7-12m,18.0,,,,,,,,,,,,,,,
UNMATCHED RESOURCE,,,,,,,"no line with compatible position/skill, grade and start date in window",PROJ-00007234,QL-0000003470,CENTRAL NARCOTICS BUREAU,[ATFM] Year 8 Renewal [CV]_CNB,Generic Resource 6,11. DC Manager (DC Ops),SDM,rule,MAPPED,,6.0,SERVICE_MGMT,,2027-03-01,2027-04-01,FY27,FY_END_PLAN,Rolling off 7-12m,18.0,,,,,,,,,,,,,,,
UNMATCHED RESOURCE,,,,,,,"no line with compatible position/skill, grade and start date in window",PROJ-00010628,QL-0000005885,"MINISTRY OF CULTURE, COMMUNITY AND YOUTH",[ATFM] Year 8 Renewal - MCCY - TFM,Generic Resource 7,Cloud Wintel Engineer L2,Cloud Engineer L2,rule,MAPPED,,7.0,CLOUD,,2027-03-01,2027-04-01,FY27,FY_END_PLAN,Rolling off 7-12m,18.0,,,,,,,,,,,,,,,
UNMATCHED RESOURCE,,,,,,,"no line with compatible position/skill, grade and start date in window",PROJ-00010654,QL-0000005493,LAND TRANSPORT AUTHORITY OF SINGAPORE,[ATFM] Takeover LTA IBM Kyndryl Additional Servers and DC Ops [CR],Generic Resource 7,"DBA/Backup [Medha Tiwari, DOJ 1Apr]",DBA L2,rule,MAPPED - level inferred from grade,,7.0,DATABASE,,2027-03-01,2027-04-01,FY27,FY_END_PLAN,Rolling off 7-12m,18.0,,,,,,,,,,,,,,,
UNMATCHED RESOURCE,,,,,,,"no line with compatible position/skill, grade and start date in window",PROJ-00010654,QL-0000005493,LAND TRANSPORT AUTHORITY OF SINGAPORE,[ATFM] Takeover LTA IBM Kyndryl Additional Servers and DC Ops [CR],Generic Resource 8,"Wintel/Linux/Storage Engineer [Rajarethinam Meikandadesik, DOJ 1Apr]",Server Engineer L2,rule,MAPPED - level inferred from grade,,8.0,INFRA_OS,,2027-03-01,2027-04-01,FY27,FY_END_PLAN,Rolling off 7-12m,18.0,,,,,,,,,,,,,,,
UNMATCHED RESOURCE,,,,,,,"no line with compatible position/skill, grade and start date in window",PROJ-00010654,QL-0000005493,LAND TRANSPORT AUTHORITY OF SINGAPORE,[ATFM] Takeover LTA IBM Kyndryl Additional Servers and DC Ops [CR],Generic Resource 8,Windows/Linux/Storage Engineer,Server Engineer L2,rule,MAPPED - level inferred from grade,,8.0,INFRA_OS,,2027-03-01,2027-04-01,FY27,FY_END_PLAN,Rolling off 7-12m,18.0,,,,,,,,,,,,,,,
UNMATCHED RESOURCE,,,,,,,"no line with compatible position/skill, grade and start date in window",PROJ-00010654,QL-0000005493,LAND TRANSPORT AUTHORITY OF SINGAPORE,[ATFM] Takeover LTA IBM Kyndryl Additional Servers and DC Ops [CR],Generic 4,"Data Center Operator 1 [Nurulain Ramlan, DOJ 1 Apr]",DCOps,rule,MAPPED,,4.0,INFRA_OS,,2027-03-01,2027-04-01,FY27,FY_END_PLAN,Rolling off 7-12m,18.0,,,,,,,,,,,,,,,
UNMATCHED RESOURCE,,,,,,,"no line with compatible position/skill, grade and start date in window",PROJ-00010654,QL-0000005493,LAND TRANSPORT AUTHORITY OF SINGAPORE,[ATFM] Takeover LTA IBM Kyndryl Additional Servers and DC Ops [CR],Generic 4,"Data Center Operator 2 [Ranjit Singh, DOJ 1Apr]",DCOps,rule,MAPPED,,4.0,INFRA_OS,,2027-03-01,2027-04-01,FY27,FY_END_PLAN,Rolling off 7-12m,18.0,,,,,,,,,,,,,,,
UNMATCHED RESOURCE,,,,,,,"no line with compatible position/skill, grade and start date in window",PROJ-00010654,QL-0000005493,LAND TRANSPORT AUTHORITY OF SINGAPORE,[ATFM] Takeover LTA IBM Kyndryl Additional Servers and DC Ops [CR],Generic Resource 3,"Data Center Operator 3 [Nabil Mohd Zuril, DOJ 1 Apr]",DCOps,rule,MAPPED,,3.0,INFRA_OS,,2027-03-01,2027-04-01,FY27,FY_END_PLAN,Rolling off 7-12m,18.0,,,,,,,,,,,,,,,
UNMATCHED RESOURCE,FOR REVIEW - position name unmapped,,,,,,"no line with compatible position/skill, grade and start date in window",PROJ-00009701,QL-0000005316,URBAN REDEVELOPMENT AUTHORITY,[ATFM] Year 8 Renewal [CV]_URA,Generic Resource 7,Sureshkumar Rathinavel,UNMAPPED - FOR REVIEW,unmapped,FOR REVIEW,,7.0,,,2027-03-01,2027-04-01,FY27,FY_END_PLAN,Rolling off 7-12m,18.0,,,,,,,,,,,,,,,
UNMATCHED RESOURCE,FOR REVIEW - position name unmapped,,,,,,"no line with compatible position/skill, grade and start date in window",PROJ-00009701,QL-0000005316,URBAN REDEVELOPMENT AUTHORITY,[ATFM] Year 8 Renewal [CV]_URA,Generic Resource 7,Mohandoss Prakash,UNMAPPED - FOR REVIEW,unmapped,FOR REVIEW,,7.0,,,2027-03-01,2027-04-01,FY27,FY_END_PLAN,Rolling off 7-12m,18.0,,,,,,,,,,,,,,,
UNMATCHED RESOURCE,,,,,,,"no line with compatible position/skill, grade and start date in window",PROJ-00010706,QL-0000005971,OSSC,[ATFM] Year 8 Renewal - Judiciary,Generic 4,19. AFM IT Admin #2  (Secondment Loh Wee Seong),DCOps,rule,MAPPED,,4.0,INFRA_OS,,2027-03-01,2027-04-01,FY27,FY_END_PLAN,Rolling off 7-12m,18.0,,,,,,,,,,,,,,,
UNMATCHED RESOURCE,,,,,,,"no line with compatible position/skill, grade and start date in window",PROJ-00010706,QL-0000005971,OSSC,[ATFM] Year 8 Renewal - Judiciary,Generic Resource 7,17. AFM Network Engineer L2 #2  (Secondment Rakesh Wasudeo),Network Engineer L2,rule,MAPPED,,7.0,NETWORK,,2027-03-01,2027-04-01,FY27,FY_END_PLAN,Rolling off 7-12m,18.0,,,,,,,,,,,,,,,
UNMATCHED RESOURCE,,,,,,,"no line with compatible position/skill, grade and start date in window",PROJ-00010706,QL-0000005971,OSSC,[ATFM] Year 8 Renewal - Judiciary,Generic Resource 7,05. ATFM ITSO #1,IT Security Officer,rule,MAPPED,,7.0,SECURITY,,2027-03-01,2027-04-01,FY27,FY_END_PLAN,Rolling off 7-12m,18.0,,,,,,,,,,,,,,,
UNMATCHED RESOURCE,,,,,,,"no line with compatible position/skill, grade and start date in window",PROJ-00010698,QL-0000005481,ENERGY MARKET AUTHORITY,[ATFM] Year 8 Renewal [CV]_EMA,Generic Resource 8,Network Engineer,Network Engineer L3,rule,MAPPED - level inferred from grade,,8.0,NETWORK,,2027-03-01,2027-04-01,FY27,FY_END_PLAN,Rolling off 7-12m,18.0,,,,,,,,,,,,,,,
UNMATCHED RESOURCE,,,,,,,"no line with compatible position/skill, grade and start date in window",PROJ-00010732,QL-0000005348,LAND TRANSPORT AUTHORITY OF SINGAPORE,[ATFM] Year 8 Renewal [CV] LTA (Time Based),Generic Resource 6,Network Engineer,Network Engineer L1,rule,MAPPED - level inferred from grade,,6.0,NETWORK,,2027-03-01,2027-04-01,FY27,FY_END_PLAN,Rolling off 7-12m,18.0,,,,,,,,,,,,,,,
UNMATCHED RESOURCE,,,,,,,"no line with compatible position/skill, grade and start date in window",PROJ-00010732,QL-0000005348,LAND TRANSPORT AUTHORITY OF SINGAPORE,[ATFM] Year 8 Renewal [CV] LTA (Time Based),Generic Resource 7,"Network Engineer 1 [Nambi Azhagen, DOJ 1Apr]",Network Engineer L2,rule,MAPPED - level inferred from grade,,7.0,NETWORK,,2027-03-01,2027-04-01,FY27,FY_END_PLAN,Rolling off 7-12m,18.0,,,,,,,,,,,,,,,
UNMATCHED RESOURCE,,,,,,,"no line with compatible position/skill, grade and start date in window",PROJ-00010732,QL-0000005348,LAND TRANSPORT AUTHORITY OF SINGAPORE,[ATFM] Year 8 Renewal [CV] LTA (Time Based),Generic Resource 7,"Network Engineer 2 [Salai Arasu, DOJ 1 Apr]",Network Engineer L2,rule,MAPPED - level inferred from grade,,7.0,NETWORK,,2027-03-01,2027-04-01,FY27,FY_END_PLAN,Rolling off 7-12m,18.0,,,,,,,,,,,,,,,
UNMATCHED RESOURCE,,,,,,,"no line with compatible position/skill, grade and start date in window",PROJ-00010780,QL-0000006125,INTELLECTUAL PROPERTY OFFICE OF SINGAPORE,[ATFM] Year 8 Renewal - IPOS - AFM - HQ,Generic Resource 3,06. AFM IT Admin #2,DCOps,rule,MAPPED,,3.0,INFRA_OS,,2027-03-01,2027-04-01,FY27,FY_END_PLAN,Rolling off 7-12m,18.0,,,,,,,,,,,,,,,
UNMATCHED RESOURCE,,,,,,,"no line with compatible position/skill, grade and start date in window",PROJ-00010780,QL-0000006125,INTELLECTUAL PROPERTY OFFICE OF SINGAPORE,[ATFM] Year 8 Renewal - IPOS - AFM - HQ,Generic Resource 7,03. AFM Network Engineer,Network Engineer L2,rule,MAPPED - level inferred from grade,,7.0,NETWORK,,2027-03-01,2027-04-01,FY27,FY_END_PLAN,Rolling off 7-12m,18.0,,,,,,,,,,,,,,,
UNMATCHED RESOURCE,,,,,,,"no line with compatible position/skill, grade and start date in window",PROJ-00007326,QL-0000003691,MARITIME AND PORT AUTHORITY OF SINGAPORE,[Non-ATFM] IT Infrastructure Managed Services,Generic Resource 7,Service Delivery Manager,SDM,mapping_sheet,MAPPED,,7.0,DATABASE,Technical-Oracle-Oracle Products-Oracle Real Application Cluster (RAC);Technical-Cloud-Cloud DB-SQL Server Operation;Technical-Cloud-Cloud DB-Hadoop Operation;T,2027-03-01,2027-04-01,FY27,CONFIRMED_END,Rolling off 7-12m,9.0,,,,,,,,,,,,,,,
UNMATCHED RESOURCE,,,,,,,"no line with compatible position/skill, grade and start date in window",PROJ-00007228,QL-0000003444,SINGAPORE POLICE FORCE,[ATFM] Year 8 Renewal [CV]_SPF,Generic Resource 8,Network L3-2. Kenneth,Network Engineer L3,rule,MAPPED,,8.0,NETWORK,Cisco Certified Network Associate (CCNA);ITIL Foundation;Technical-Network-Network Security-Cisco ASA;Cisco Certified Network Professional (CCNP);Check Point Ce,2026-05-01,2026-06-01,FY26,CONFIRMED_END,Available now,18.0,,,,,,,,,,,,,,,
UNMATCHED RESOURCE,,,,,,,"no line with compatible position/skill, grade and start date in window",PROJ-00007228,QL-0000003444,SINGAPORE POLICE FORCE,[ATFM] Year 8 Renewal [CV]_SPF,Generic Resource 5,SECURITY - L3 ITSO - Mohamad Ali,IT Security Officer,mapping_sheet,MAPPED,,5.0,SECURITY,Certified Information Security Manager (CISM);Technical-Cybersecurity-Advanced Threat Management-Tenable;Technical-Infrastructure Management-Service Desk - Secu,2026-09-01,2026-10-01,FY26,CONFIRMED_END,Rolling off 0-6m,18.0,,,,,,,,,,,,,,,
UNMATCHED RESOURCE,FOR REVIEW - position name unmapped,,,,,,"no line with compatible position/skill, grade and start date in window",PROJ-00007228,QL-0000003444,SINGAPORE POLICE FORCE,[ATFM] Year 8 Renewal [CV]_SPF,Generic Resource 8,CSP,UNMAPPED - FOR REVIEW,unmapped,FOR REVIEW,IT Security Officer,8.0,SECURITY,Functional-Business Acumen-Leadership skills-Mentoring;Functional-Business Acumen-Problem-solving-Root Cause Analysis;Functional-Development & operation-Post-Sa,2027-03-01,2027-04-01,FY27,FY_END_PLAN,Rolling off 7-12m,1.46,,,,,,,,,,,,,,,
UNMATCHED RESOURCE,,,,,,,"no line with compatible position/skill, grade and start date in window",PROJ-00007228,QL-0000003444,SINGAPORE POLICE FORCE,[ATFM] Year 8 Renewal [CV]_SPF,Generic Resource 8,CISO,IT Security Mgr,rule,MAPPED,,8.0,SECURITY,ISACA Certified Information Systems Auditor (CISA);Certified in the Governance of Enterprise IT (CGEIT);Certified in Risk and Information Systems Control (CRISC,2027-03-01,2027-04-01,FY27,FY_END_PLAN,Rolling off 7-12m,2.93,,,,,,,,,,,,,,,
UNMATCHED RESOURCE,FOR REVIEW - position name unmapped,,,,,,"no line with compatible position/skill, grade and start date in window",PROJ-00007233,QL-0000003425,IMMIGRATION & CHECKPOINTS AUTHORITY,[ATFM] Year 8 Renewal [CV]_ICA,Generic Resource 8,Project Director,UNMAPPED - FOR REVIEW,unmapped,FOR REVIEW,IT Security Officer,8.0,SECURITY,Functional-Business Acumen-Leadership skills-Mentoring;Functional-Business Acumen-Problem-solving-Root Cause Analysis;Functional-Development & operation-Post-Sa,2027-03-01,2027-04-01,FY27,FY_END_PLAN,Rolling off 7-12m,1.46,,,,,,,,,,,,,,,
UNMATCHED RESOURCE,,,,,,,"no line with compatible position/skill, grade and start date in window",PROJ-00007233,QL-0000003425,IMMIGRATION & CHECKPOINTS AUTHORITY,[ATFM] Year 8 Renewal [CV]_ICA,Generic Resource 8,SDD,SDD,rule,MAPPED,,8.0,CLOUD,Certified SCRUM Master;AWS Cloud Foundation;Lean Six Sigma Yellow Belt;ITIL Foundation;Technical-AI & ML-Databases and big data-Amazon AWS;Functional-Business A,2027-03-01,2027-04-01,FY27,FY_END_PLAN,Rolling off 7-12m,5.69,,,,,,,,,,,,,,,
UNMATCHED RESOURCE,,,,,,,"no line with compatible position/skill, grade and start date in window",PROJ-00010629,QL-0000005884,"MINISTRY OF CULTURE, COMMUNITY AND YOUTH",[ATFM] Year 8 MCCY Renewal PSS for Project Works (1000 PSS) - MCCY - TFM,Generic Resource 9,Day 1 Cloud Director,Cloud Engineer L2,rule,MAPPED - level inferred from grade,,9.0,CLOUD,Technical-AI & ML-GenAI Platform-IBM Watson,2027-03-01,2027-04-01,FY27,FY_END_PLAN,Rolling off 7-12m,2.3,,,,,,,,,,,,,,,
UNMATCHED RESOURCE,,,,,,,"no line with compatible position/skill, grade and start date in window",PROJ-00010629,QL-0000005884,"MINISTRY OF CULTURE, COMMUNITY AND YOUTH",[ATFM] Year 8 MCCY Renewal PSS for Project Works (1000 PSS) - MCCY - TFM,Generic Resource 8,Service Delivery Director,SDD,rule,MAPPED,,8.0,SERVICE_MGMT,Functional-Development & operation-Process-Process design ;Functional-Development & operation-Service Management-Asset Management;Functional-Development & opera,2027-03-01,2027-04-01,FY27,FY_END_PLAN,Rolling off 7-12m,2.9,,,,,,,,,,,,,,,
UNMATCHED RESOURCE,FOR REVIEW - position name unmapped,,,,,,"no line with compatible position/skill, grade and start date in window",PROJ-00010844,QL-0000006008,INTELLECTUAL PROPERTY OFFICE OF SINGAPORE,[ATFM] Year 8 Renewal - IPOS - GCC,Generic Resource 8,00. ATFM CSP,UNMAPPED - FOR REVIEW,unmapped,FOR REVIEW,Cloud Engineer L2,8.0,CLOUD,AWS Certified Solutions Architect – Associate;Functional-Business Acumen-Leadership skills-Team & People management ;Functional-Business Acumen-Transformation-D,2027-03-01,2027-04-01,FY27,FY_END_PLAN,Rolling off 7-12m,2.25,,,,,,,,,,,,,,,
UNMATCHED RESOURCE,,,,,,,"no line with compatible position/skill, grade and start date in window",PROJ-00007227,QL-0000003447,HOME TEAM ACADEMY,[ATFM] Year 8 Renewal [CV]_HTA,Generic Resource 7,NETWORK - L2 - 2,Network Engineer L2,rule,MAPPED,,7.0,NETWORK,Cisco Certified Network Associate (CCNA);Technical-Network-Network Security-Cisco ISE;Technical-Microsoft 365-Office Productivity-Microsoft Visio;Technical-Netw,2027-03-01,2027-04-01,FY27,FY_END_PLAN,Rolling off 7-12m,9.0,,,,,,,,,,,,,,,
UNMATCHED RESOURCE,,,,,,,"no line with compatible position/skill, grade and start date in window",PROJ-00007227,QL-0000003447,HOME TEAM ACADEMY,[ATFM] Year 8 Renewal [CV]_HTA,Generic Resource 7,Database Administrator,DBA L2,rule,MAPPED - level inferred from grade,,7.0,DATABASE,Azure Administrator Associate;Oracle Cloud Infrastructure 2021 Foundations Associate;Government on Commercial Cloud (GCC) Foundation Certification;Oracle Databa,2027-03-01,2027-04-01,FY27,FY_END_PLAN,Rolling off 7-12m,4.5,,,,,,,,,,,,,,,
UNMATCHED RESOURCE,,,,,,,"no line with compatible position/skill, grade and start date in window",PROJ-00007227,QL-0000003447,HOME TEAM ACADEMY,[ATFM] Year 8 Renewal [CV]_HTA,Generic Resource 8,Linux Engineer - L2,Server Engineer L2,rule,MAPPED,,8.0,INFRA_OS,Technical-Cloud-Analytics Tools-AWS EC2;Technical-Data Center operation-IT operation-ITIL Standards;Technical-Data Center Management-Operating System-Unix;Techn,2026-06-01,2026-07-01,FY26,CONFIRMED_END,Available now,9.0,,,,,,,,,,,,,,,
UNMATCHED RESOURCE,,,,,,,"no line with compatible position/skill, grade and start date in window",PROJ-00006843,QL-0000003408,MINISTRY OF FOREIGN AFFAIRS (MFA),[Non-ATFM]: MFA NON WOGZ Microsoft SAS based support requirements,Generic Resource 3,Service Desk Engineer,Service Desk Agent,rule,MAPPED,,3.0,CLOUD,Azure,2026-11-01,2026-12-01,FY26,CONFIRMED_END,Rolling off 0-6m,9.0,,,,,,,,,,,,,,,
UNMATCHED RESOURCE,,,,,,,"no line with compatible position/skill, grade and start date in window",PROJ-00006843,QL-0000003408,MINISTRY OF FOREIGN AFFAIRS (MFA),[Non-ATFM]: MFA NON WOGZ Microsoft SAS based support requirements,Generic Resource 3,Service Desk Engineer,Service Desk Agent,rule,MAPPED,,3.0,CLOUD,Azure,2027-03-01,2027-04-01,FY27,FY_END_PLAN,Rolling off 7-12m,9.0,,,,,,,,,,,,,,,
UNMATCHED RESOURCE,,,,,,,"no line with compatible position/skill, grade and start date in window",PROJ-00006843,QL-0000003408,MINISTRY OF FOREIGN AFFAIRS (MFA),[Non-ATFM]: MFA NON WOGZ Microsoft SAS based support requirements,Generic Resource 7,IT Security Officer,IT Security Officer,mapping_sheet,MAPPED,,7.0,SECURITY,"Comp TIA Security+;Technical-Cybersecurity-Governance, Risk & Compliance-NIST CSF;Technical-Cybersecurity-Governance, Risk & Compliance-RSA Archer GRC",2027-03-01,2027-04-01,FY27,FY_END_PLAN,Rolling off 7-12m,9.0,,,,,,,,,,,,,,,
UNMATCHED RESOURCE,,,,,,,"no line with compatible position/skill, grade and start date in window",PROJ-00006843,QL-0000003408,MINISTRY OF FOREIGN AFFAIRS (MFA),[Non-ATFM]: MFA NON WOGZ Microsoft SAS based support requirements,Generic Resource 8,Service Delivery Manager,SDM,mapping_sheet,MAPPED,,8.0,PROJECT_MGMT,Functional-Development & operation-Service Management-Information Technology Infrastructure Library (ITIL);Functional-Personal and interpersonal skills-Communic,2027-03-01,2027-04-01,FY27,FY_END_PLAN,Rolling off 7-12m,9.0,,,,,,,,,,,,,,,
UNMATCHED RESOURCE,FOR REVIEW - position name unmapped,,,,,,"no line with compatible position/skill, grade and start date in window",PROJ-00011519,QL-0000006614,MINISTRY OF TRADE AND INDUSTRY,[ATFM] Additional PSS works & System Restoration project,Generic Resource 7,Day 1 Team,UNMAPPED - FOR REVIEW,unmapped,FOR REVIEW,,7.0,,Project Manager,2027-03-01,2027-04-01,FY27,FY_END_PLAN,Rolling off 7-12m,7.2,,,,,,,,,,,,,,,
UNMATCHED RESOURCE,,,,,,,"no line with compatible position/skill, grade and start date in window",PROJ-00010763,QL-0000006003,INSTITUTE OF TECHNICAL EDUCATION,[ATFM] Year 8 Renewal - ITE,Generic Resource 8,Cloud Linux L2,Cloud Engineer L2,rule,MAPPED,,8.0,INFRA_OS,Technical-Cloud-Analytics Tools-AWS EC2;Technical-Data Center operation-IT operation-ITIL Standards;Technical-Data Center Management-Operating System-Unix;Techn,2026-06-01,2026-07-01,FY26,CONFIRMED_END,Available now,10.8,,,,,,,,,,,,,,,
UNMATCHED RESOURCE,FOR REVIEW - position name unmapped,,,,,,"no line with compatible position/skill, grade and start date in window",PROJ-00007226,QL-0000003446,SINGAPORE PRISON SERVICE,[ATFM] Year 8 Renewal [CV]_SPS,Generic Resource 8,Client Success Partner,UNMAPPED - FOR REVIEW,unmapped,FOR REVIEW,IT Security Officer,8.0,SECURITY,Functional-Business Acumen-Leadership skills-Mentoring;Functional-Business Acumen-Problem-solving-Root Cause Analysis;Functional-Development & operation-Post-Sa,2027-03-01,2027-04-01,FY27,FY_END_PLAN,Rolling off 7-12m,1.46,,,,,,,,,,,,,,,
UNMATCHED RESOURCE,,,,,,,"no line with compatible position/skill, grade and start date in window",PROJ-00007226,QL-0000003446,SINGAPORE PRISON SERVICE,[ATFM] Year 8 Renewal [CV]_SPS,Generic Resource 7,DBA,DBA L2,rule,MAPPED - level inferred from grade,,7.0,DATABASE,Technical-Data Management-Data Visualization-Power BI;Azure Database Administrator Associate;Power BI Data Analyst Associate;Technical-Cloud-Cloud DB-SQL Server,2027-03-01,2027-04-01,FY27,FY_END_PLAN,Rolling off 7-12m,9.0,,,,,,,,,,,,,,,
UNMATCHED RESOURCE,,,,,,,"no line with compatible position/skill, grade and start date in window",PROJ-00007226,QL-0000003446,SINGAPORE PRISON SERVICE,[ATFM] Year 8 Renewal [CV]_SPS,Generic Resource 7,Service Delivery Manager,SDM,mapping_sheet,MAPPED,,7.0,NETWORK,Technical-Network-Physical Network (L1)-Topology;ITIL Foundation;Azure Network Engineer Associate;Cisco Certified Network Associate (CCNA);Technical-Infrastruct,2027-03-01,2027-04-01,FY27,FY_END_PLAN,Rolling off 7-12m,9.0,,,,,,,,,,,,,,,
UNMATCHED RESOURCE,,,,,,,"no line with compatible position/skill, grade and start date in window",PROJ-00010860,QL-0000005419,SINGAPORE LAND AUTHORITY (SLA),[ATFM] Year 8 Renewal - SLA - TFM,Generic Resource 8,Service Delivery Director,SDD,rule,MAPPED,,8.0,SERVICE_MGMT,Functional-Development & operation-Process-Process design ;Functional-Development & operation-Service Management-Asset Management;Functional-Development & opera,2027-03-01,2027-04-01,FY27,FY_END_PLAN,Rolling off 7-12m,2.9,,,,,,,,,,,,,,,
UNMATCHED RESOURCE,FOR REVIEW - position name unmapped,,,,,,"no line with compatible position/skill, grade and start date in window",PROJ-00010775,QL-0000005887,MINISTRY OF TRADE AND INDUSTRY,[ATFM] Year 8 Renewal - MTI,Generic Resource 8,Client Sucess Partner,UNMAPPED - FOR REVIEW,unmapped,FOR REVIEW,IT Security Officer,8.0,SECURITY,Functional-Business Acumen-Leadership skills-Mentoring;Functional-Business Acumen-Problem-solving-Root Cause Analysis;Functional-Development & operation-Post-Sa,2027-03-01,2027-04-01,FY27,FY_END_PLAN,Rolling off 7-12m,1.46,,,,,,,,,,,,,,,
UNMATCHED RESOURCE,,,,,,,"no line with compatible position/skill, grade and start date in window",PROJ-00010707,QL-0000005957,MINISTRY OF FOREIGN AFFAIRS (MFA),[ATFM] Year 8 Renewal - MFA,Generic Resource 7,02. Service Delivery Manager (SDM) - Deepan,SDM,rule,MAPPED,,7.0,PROJECT_MGMT,Microsoft Certified Systems Engineer (MCSE);Project Management Professional (PMP);ITIL Foundation;Functional-Language skills-Write-English;Functional-Language s,2027-03-01,2027-04-01,FY27,FY_END_PLAN,Rolling off 7-12m,9.0,,,,,,,,,,,,,,,
UNMATCHED RESOURCE,FOR REVIEW - position name unmapped,,,,,,"no line with compatible position/skill, grade and start date in window",PROJ-00010707,QL-0000005957,MINISTRY OF FOREIGN AFFAIRS (MFA),[ATFM] Year 8 Renewal - MFA,Generic Resource 8,00. ATFM CSP,UNMAPPED - FOR REVIEW,unmapped,FOR REVIEW,Cloud Engineer L2,8.0,CLOUD,AWS Certified Solutions Architect – Associate;Functional-Business Acumen-Leadership skills-Team & People management ;Functional-Business Acumen-Transformation-D,2027-03-01,2027-04-01,FY27,FY_END_PLAN,Rolling off 7-12m,2.25,,,,,,,,,,,,,,,
UNMATCHED RESOURCE,,,,,,,"no line with compatible position/skill, grade and start date in window",PROJ-00010625,QL-0000005950,NGEE ANN POLYTECHNIC,[ATFM] Year 8 Renewal - NP,Generic Resource 7,Network L2 BAU,Network Engineer L2,rule,MAPPED,,7.0,NETWORK,Cisco Certified Network Associate (CCNA);Technical-Network-Network Security-Cisco ISE;Technical-Microsoft 365-Office Productivity-Microsoft Visio;Technical-Netw,2027-03-01,2027-04-01,FY27,FY_END_PLAN,Rolling off 7-12m,1.8,,,,,,,,,,,,,,,
UNMATCHED RESOURCE,,,,,,,"no line with compatible position/skill, grade and start date in window",PROJ-00010674,QL-0000006001,MINISTRY OF SUSTAINABILITY AND THE ENVIRONMENT,[ATFM] Year 8 Renewal - MSE,Generic Resource 7,Database Engineer [HQ ADDN],DBA L2,rule,MAPPED - level inferred from grade,,7.0,DATABASE,Technical-Data Management-Data Visualization-Power BI;Azure Database Administrator Associate;Power BI Data Analyst Associate;Technical-Cloud-Cloud DB-SQL Server,2027-03-01,2027-04-01,FY27,FY_END_PLAN,Rolling off 7-12m,4.5,,,,,,,,,,,,,,,
UNMATCHED RESOURCE,FOR REVIEW - position name unmapped,,,,,,"no line with compatible position/skill, grade and start date in window",PROJ-00010674,QL-0000006001,MINISTRY OF SUSTAINABILITY AND THE ENVIRONMENT,[ATFM] Year 8 Renewal - MSE,Generic Resource 8,Client Success Partner [BAU],UNMAPPED - FOR REVIEW,unmapped,FOR REVIEW,,8.0,,Client Success Partner [BAU],2026-07-01,2026-08-01,FY26,CONFIRMED_END,Available now,4.5,,,,,,,,,,,,,,,
UNMATCHED RESOURCE,,,,,,,"no line with compatible position/skill, grade and start date in window",PROJ-00010633,QL-0000005960,VITAL.ORG,[ATFM] Year 8 Renewal - Vital,Generic Resource 7,Day 1 Cloud Engineer,Cloud Engineer L2,rule,MAPPED - level inferred from grade,,7.0,CLOUD,Google IT Support Professional Certificate;SysOps Administrator Associate;Cloud Practitioner;Solutions Architect Professional;Prompt Engineering Specialization;,2027-03-01,2027-04-01,FY27,FY_END_PLAN,Rolling off 7-12m,9.0,,,,,,,,,,,,,,,
UNMATCHED RESOURCE,,,,,,,"no line with compatible position/skill, grade and start date in window",PROJ-00010633,QL-0000005960,VITAL.ORG,[ATFM] Year 8 Renewal - Vital,Generic Resource 8,Service Delivery Director,SDD,rule,MAPPED,,8.0,SERVICE_MGMT,Functional-Development & operation-Process-Process design ;Functional-Development & operation-Service Management-Asset Management;Functional-Development & opera,2027-03-01,2027-04-01,FY27,FY_END_PLAN,Rolling off 7-12m,2.9,,,,,,,,,,,,,,,
UNMATCHED RESOURCE,,,,,,,"no line with compatible position/skill, grade and start date in window",PROJ-00010584,QL-0000005408,SINGAPORE FOOD AGENCY,[ATFM] Year 8 Renewal - SFA,Generic Resource 7,Linux,Server Engineer L2,rule,MAPPED - level inferred from grade,,7.0,INFRA_OS,Technical-Infrastructure Management-Tools administration-Nagios;Technical-Data Center Management-Operating System-Solaris;Functional-Development & operation-App,2027-03-01,2027-04-01,FY27,FY_END_PLAN,Rolling off 7-12m,18.5,,,,,,,,,,,,,,,
UNMATCHED RESOURCE,FOR REVIEW - position name unmapped,,,,,,"no line with compatible position/skill, grade and start date in window",PROJ-00011964,QL-0000006973,BW DIGITAL PTE. LTD.,"[NON-ATFM] BW Digital - Installation of Fortinet and SonicWall Firewalls at NDP1 DC Campus, Batam (3 Years Subscription)",Generic Resource 7,Project Managet,UNMAPPED - FOR REVIEW,unmapped,FOR REVIEW,,7.0,,Project Manager,2027-01-01,2027-02-01,FY26,CONFIRMED_END,Rolling off 0-6m,2.5,,,,,,,,,,,,,,,
UNMATCHED RESOURCE,,,,,,,"no line with compatible position/skill, grade and start date in window",PROJ-00010681,QL-0000006005,CIVIL SERVICE COLLEGE,[ATFM] Year 8 Renewal - CSC - TFM,Generic Resource 7,02. Service Delivery Manager (SDM) - Deepan,SDM,rule,MAPPED,,7.0,PROJECT_MGMT,Microsoft Certified Systems Engineer (MCSE);Project Management Professional (PMP);ITIL Foundation;Functional-Language skills-Write-English;Functional-Language s,2027-03-01,2027-04-01,FY27,FY_END_PLAN,Rolling off 7-12m,9.0,,,,,,,,,,,,,,,
UNMATCHED RESOURCE,,,,,,,"no line with compatible position/skill, grade and start date in window",PROJ-00010681,QL-0000006005,CIVIL SERVICE COLLEGE,[ATFM] Year 8 Renewal - CSC - TFM,Generic Resource 7,05. GCC AWS Linux Cloud Engineer,Cloud Engineer L2,rule,MAPPED - level inferred from grade,,7.0,CLOUD,AWS Certified Solutions Architect – Associate;Technical-Cloud-Cloud operation-Secret Management - AWS Secrets Manager;Technical-Cloud-Cloud Administration-Azure,2027-03-01,2027-04-01,FY27,FY_END_PLAN,Rolling off 7-12m,9.0,,,,,,,,,,,,,,,
UNMATCHED RESOURCE,,,,,,,"no line with compatible position/skill, grade and start date in window",PROJ-00010681,QL-0000006005,CIVIL SERVICE COLLEGE,[ATFM] Year 8 Renewal - CSC - TFM,Generic Resource 7,Cloud Shared Services - Rashid,Cloud Engineer L2,rule,MAPPED - level inferred from grade,,7.0,CLOUD,Technical-Cloud-Cloud Administration-MS Azure-Administration;Technical-Digital Workplace-Digital Workplace & Advisory-ITIL Framework;Functional-Business Acumen-,2027-03-01,2027-04-01,FY27,FY_END_PLAN,Rolling off 7-12m,3.6,,,,,,,,,,,,,,,
UNMATCHED RESOURCE,,,,,,,"no line with compatible position/skill, grade and start date in window",PROJ-00010628,QL-0000005885,"MINISTRY OF CULTURE, COMMUNITY AND YOUTH",[ATFM] Year 8 Renewal - MCCY - TFM,Generic Resource 8,Service Delivery Director,SDD,rule,MAPPED,,8.0,SERVICE_MGMT,Functional-Development & operation-Process-Process design ;Functional-Development & operation-Service Management-Asset Management;Functional-Development & opera,2027-03-01,2027-04-01,FY27,FY_END_PLAN,Rolling off 7-12m,2.9,,,,,,,,,,,,,,,
UNMATCHED RESOURCE,FOR REVIEW - position name unmapped,,,,,,"no line with compatible position/skill, grade and start date in window",PROJ-00010639,QL-0000004874,THE ACCOUNTING AND CORPORATE REGULATORY AUTHORITY,[ATFM] Year 8 - GCC and GCC+ Day 2 support [RFQ],Generic Resource 8,Client Success Partner [BAU],UNMAPPED - FOR REVIEW,unmapped,FOR REVIEW,,8.0,,Client Success Partner [BAU],2026-07-01,2026-08-01,FY26,CONFIRMED_END,Available now,2.7,,,,,,,,,,,,,,,
UNMATCHED RESOURCE,,,,,,,"no line with compatible position/skill, grade and start date in window",PROJ-00010773,QL-0000006126,SINGAPORE POLICE FORCE,[ATFM] Cisco AppDynamics APM Services for Year 8 Renewal,Generic Resource 8,Day1 APM Support,Tools Engineer L3 (Observability),rule,MAPPED - level inferred from grade,,8.0,INFRA_OS,HDS Qualified Professional - VSP Storage;Brocade Certified Fabric Designer (BCFD);IBM Certified System Administrator - AIX;Brocade Certified Fabric Administrato,2027-03-01,2027-04-01,FY27,FY_END_PLAN,Rolling off 7-12m,5.0,,,,,,,,,,,,,,,
UNMATCHED RESOURCE,,,,,,,"no line with compatible position/skill, grade and start date in window",PROJ-00010706,QL-0000005971,OSSC,[ATFM] Year 8 Renewal - Judiciary,Generic Resource 8,01. ATFM SDD (HRC - 20251008001) - TBA,SDD,rule,MAPPED,,8.0,CLOUD,AWS,2027-03-01,2027-04-01,FY27,FY_END_PLAN,Rolling off 7-12m,1.8,,,,,,,,,,,,,,,
UNMATCHED RESOURCE,,,,,,,"no line with compatible position/skill, grade and start date in window",PROJ-00010732,QL-0000005348,LAND TRANSPORT AUTHORITY OF SINGAPORE,[ATFM] Year 8 Renewal [CV] LTA (Time Based),Generic Resource 7,Service Delivery Director,SDD,rule,MAPPED,,7.0,SERVICE_MGMT,Functional-Development & operation-Service Management-Change Control;Functional-Development & operation-Service Management-Problem Management;Functional-Develop,2027-03-01,2027-04-01,FY27,FY_END_PLAN,Rolling off 7-12m,1.8,,,,,,,,,,,,,,,
UNMATCHED RESOURCE,FOR REVIEW - position name unmapped,,,,,,"no line with compatible position/skill, grade and start date in window",PROJ-00010732,QL-0000005348,LAND TRANSPORT AUTHORITY OF SINGAPORE,[ATFM] Year 8 Renewal [CV] LTA (Time Based),Generic Resource 8,Client Success Partner,UNMAPPED - FOR REVIEW,unmapped,FOR REVIEW,IT Security Officer,8.0,SECURITY,Functional-Business Acumen-Leadership skills-Mentoring;Functional-Business Acumen-Problem-solving-Root Cause Analysis;Functional-Development & operation-Post-Sa,2027-03-01,2027-04-01,FY27,FY_END_PLAN,Rolling off 7-12m,1.46,,,,,,,,,,,,,,,
UNMATCHED RESOURCE,,,,,,,"no line with compatible position/skill, grade and start date in window",PROJ-00001918,,,ATFM Back End Support,Generic Resource 8,Service Delivery Director – Graduate Trainee Programme,SDD,rule,MAPPED,,8.0,PROJECT_MGMT,Service Delivery Director – Graduate Trainee Programme,2027-03-01,2027-04-01,FY27,FY_END_PLAN,Rolling off 7-12m,18.5,,,,,,,,,,,,,,,
UNMATCHED RESOURCE,,,,,,,"no line with compatible position/skill, grade and start date in window",PROJ-00001918,,,ATFM Back End Support,Generic Resource 5,Change Engineer,IT Service Mgt Engineer,rule,MAPPED,,5.0,SERVICE_MGMT,Technical-Microsoft 365-Office Productivity-Microsoft Outlook;Technical-Microsoft 365-Office Productivity-Microsoft OneDrive;Technical-Network-Network Monitorin,2026-12-01,2027-01-01,FY26,CONFIRMED_END,Rolling off 0-6m,18.5,,,,,,,,,,,,,,,
UNMATCHED RESOURCE,,,,,,,"no line with compatible position/skill, grade and start date in window",PROJ-00007227,QL-0000003447,HOME TEAM ACADEMY,[ATFM] Year 8 Renewal [CV]_HTA,Generic Resource 7,Storage Engineer,Backup/Storage Engineer L2,rule,MAPPED - level inferred from grade,,7.0,INFRA_OS,VMware Certified Professional - Data Center Virtualization (VCP-DCV);VMWARE Foundations;Nutanix Certified Professional - Multicloud Infrastructure (NCP-MCI);Tec,2027-03-01,2027-04-01,FY27,FY_END_PLAN,Rolling off 7-12m,1.8,,,,,,,,,,,,,,,
UNMATCHED RESOURCE,,,,,,,"no line with compatible position/skill, grade and start date in window",PROJ-00010828,QL-0000005939,Hong Kong Telecommunications (HKT) Limited,Project Ruby - T&M (Nova-X / Commercial) 2026,Generic Resource 7,Programmer,Full Stack Engineer,rule,MAPPED,,7.0,PROJECT_MGMT,Professional Scrum Master;Functional-Development & operation-Post-sales/Delivery-*BASD Use only - Project Management - GTM Role;Technical-Microsoft 365-Office P,2026-12-01,2027-01-01,FY26,CONFIRMED_END,Rolling off 0-6m,5.0,,,,,,,,,,,,,,,
UNMATCHED RESOURCE,,,,,,,"no line with compatible position/skill, grade and start date in window",PROJ-00010568,QL-0000005888,PARLIAMENT OF SINGAPORE,[ATFM] Year 8 Renewal - Parliament,Generic Resource 7,07. ATFM DBA,DBA L2,rule,MAPPED - level inferred from grade,,7.0,DATABASE,Technical-Data Center Management-Database Management-MySQL DB Administration;Technical-Data Management-Databases-Oracle DB;Technical-Data Center operation-IT op,2027-03-01,2027-04-01,FY27,FY_END_PLAN,Rolling off 7-12m,9.0,,,,,,,,,,,,,,,
UNMATCHED RESOURCE,,,,,,,"no line with compatible position/skill, grade and start date in window",PROJ-00010568,QL-0000005888,PARLIAMENT OF SINGAPORE,[ATFM] Year 8 Renewal - Parliament,Generic Resource 8,01. ATFM SDD (HRC - 20251008001) - TBA,SDD,rule,MAPPED,,8.0,PROJECT_MGMT,Operations,2027-03-01,2027-04-01,FY27,FY_END_PLAN,Rolling off 7-12m,4.5,,,,,,,,,,,,,,,
UNMATCHED RESOURCE,,,,,,,"no line with compatible position/skill, grade and start date in window",PROJ-00011150,QL-0000006338,ENERGY MARKET AUTHORITY,[ATFM]: CyberArk Onboarding/RAS & Additional PSS for On-Prem to GCC2.0 migration,Generic Resource 7,Cloud Engineer,Cloud Engineer L2,rule,MAPPED - level inferred from grade,,7.0,DATA_ANALYTICS,Certified SCRUM Master;Technical-Delivery Management-Agile team practices-Scrum Framework;Technical-Business Process Automation-Robotic Process Automation (RPA),2027-03-01,2027-04-01,FY27,FY_END_PLAN,Rolling off 7-12m,1.8,,,,,,,,,,,,,,,
UNMATCHED RESOURCE,,,,,,,"no line with compatible position/skill, grade and start date in window",PROJ-00010834,QL-0000006152,NATIONAL COUNCIL OF SOCIAL SERVICES,NCSS Options Year8 FY26 - PSS MDdays,Generic Resource 6,Cloud Wintel,Cloud Engineer L1,rule,MAPPED - level inferred from grade,,6.0,PROJECT_MGMT,Functional-Development & operation-Project Management-Project Management Principles & Awareness,2027-03-01,2027-04-01,FY27,FY_END_PLAN,Rolling off 7-12m,1.8,,,,,,,,,,,,,,,
UNMATCHED RESOURCE,,,,,,,"no line with compatible position/skill, grade and start date in window",PROJ-00010860,QL-0000005419,SINGAPORE LAND AUTHORITY (SLA),[ATFM] Year 8 Renewal - SLA - TFM,Generic Resource 7,Day 1 Cloud Engineer,Cloud Engineer L2,rule,MAPPED - level inferred from grade,,7.0,DATABASE,"Technical-Infrastructure Management-Production Support-Database;Solutions Architect Associate;Microsoft Certified Technology Specialist (MCTS): SQL Server 2008,",2027-03-01,2027-04-01,FY27,FY_END_PLAN,Rolling off 7-12m,1.8,,,,,,,,,,,,,,,
UNMATCHED RESOURCE,,,,,,,"no line with compatible position/skill, grade and start date in window",PROJ-00010860,QL-0000005419,SINGAPORE LAND AUTHORITY (SLA),[ATFM] Year 8 Renewal - SLA - TFM,Generic Resource 8,Day 1 Cloud Engineer,Cloud Engineer L2,rule,MAPPED - level inferred from grade,,8.0,CLOUD,Technical-DevOps-Repository-GitHub;Technical-Cloud Native Platform-Kubernetes & Container -Docker;Technical-DevOps-Repository-GitHub Actions;Technical-Cloud Nat,2027-03-01,2027-04-01,FY27,FY_END_PLAN,Rolling off 7-12m,1.2,,,,,,,,,,,,,,,
UNMATCHED RESOURCE,,,,,,,"no line with compatible position/skill, grade and start date in window",PROJ-00010674,QL-0000006001,MINISTRY OF SUSTAINABILITY AND THE ENVIRONMENT,[ATFM] Year 8 Renewal - MSE,Generic Resource 6,System Engineer [HQ ADDN],Server Engineer L1,rule,MAPPED - level inferred from grade,,6.0,INFRA_OS,System Engineer [HQ ADDN],2027-03-01,2027-04-01,FY27,FY_END_PLAN,Rolling off 7-12m,1.8,,,,,,,,,,,,,,,
UNMATCHED RESOURCE,,,,,,,"no line with compatible position/skill, grade and start date in window",PROJ-00010674,QL-0000006001,MINISTRY OF SUSTAINABILITY AND THE ENVIRONMENT,[ATFM] Year 8 Renewal - MSE,Generic Resource 7,System Engineer [HQ ADDN],Server Engineer L2,rule,MAPPED - level inferred from grade,,7.0,INFRA_OS,System Engineer [HQ ADDN],2027-03-01,2027-04-01,FY27,FY_END_PLAN,Rolling off 7-12m,1.8,,,,,,,,,,,,,,,
UNMATCHED RESOURCE,,,,,,,"no line with compatible position/skill, grade and start date in window",PROJ-00010861,QL-0000006024,SINGAPORE LAND AUTHORITY (SLA),[ATFM] Year 8 Renewal - SLA - OneMap GCC,Generic Resource 8,Day 1 Cloud Engineer,Cloud Engineer L2,rule,MAPPED - level inferred from grade,,8.0,CLOUD,Technical-DevOps-Repository-GitHub;Technical-Cloud Native Platform-Kubernetes & Container -Docker;Technical-DevOps-Repository-GitHub Actions;Technical-Cloud Nat,2027-03-01,2027-04-01,FY27,FY_END_PLAN,Rolling off 7-12m,2.5,,,,,,,,,,,,,,,
UNMATCHED RESOURCE,,,,,,,"no line with compatible position/skill, grade and start date in window",PROJ-00010633,QL-0000005960,VITAL.ORG,[ATFM] Year 8 Renewal - Vital,Generic Resource 8,Day 1 Cloud Engineer,Cloud Engineer L2,rule,MAPPED - level inferred from grade,,8.0,CLOUD,Technical-DevOps-Repository-GitHub;Technical-Cloud Native Platform-Kubernetes & Container -Docker;Technical-DevOps-Repository-GitHub Actions;Technical-Cloud Nat,2027-03-01,2027-04-01,FY27,FY_END_PLAN,Rolling off 7-12m,7.2,,,,,,,,,,,,,,,
UNMATCHED RESOURCE,,,,,,,"no line with compatible position/skill, grade and start date in window",PROJ-00010584,QL-0000005408,SINGAPORE FOOD AGENCY,[ATFM] Year 8 Renewal - SFA,Generic Resource 7,Cloud L2 (GCC+),Cloud Engineer L2,rule,MAPPED,,7.0,DATA_ANALYTICS,Certified SCRUM Master;Technical-Delivery Management-Agile team practices-Scrum Framework;Technical-Business Process Automation-Robotic Process Automation (RPA),2027-03-01,2027-04-01,FY27,FY_END_PLAN,Rolling off 7-12m,1.8,,,,,,,,,,,,,,,
UNMATCHED RESOURCE,,,,,,,"no line with compatible position/skill, grade and start date in window",PROJ-00010584,QL-0000005408,SINGAPORE FOOD AGENCY,[ATFM] Year 8 Renewal - SFA,Generic Resource 8,Cloud L2 (GCC+),Cloud Engineer L2,rule,MAPPED,,8.0,CLOUD,Technical-Data Center Management-Operating System-Linux - Redhat;Technical-DevOps-CI/CD Platform-AWS-DevOps;Technical-Data Center operation-IT operation-ITIL St,2027-03-01,2027-04-01,FY27,FY_END_PLAN,Rolling off 7-12m,1.8,,,,,,,,,,,,,,,
UNMATCHED RESOURCE,,,,,,,"no line with compatible position/skill, grade and start date in window",PROJ-00010681,QL-0000006005,CIVIL SERVICE COLLEGE,[ATFM] Year 8 Renewal - CSC - TFM,Generic Resource 7,Cloud Shared Services - Project Manager,Project Manager,rule,MAPPED,,7.0,DATA_ANALYTICS,Certified SCRUM Master;Technical-Delivery Management-Agile team practices-Scrum Framework;Technical-Business Process Automation-Robotic Process Automation (RPA),2027-03-01,2027-04-01,FY27,FY_END_PLAN,Rolling off 7-12m,1.8,,,,,,,,,,,,,,,
UNMATCHED RESOURCE,,,,,,,"no line with compatible position/skill, grade and start date in window",PROJ-00010681,QL-0000006005,CIVIL SERVICE COLLEGE,[ATFM] Year 8 Renewal - CSC - TFM,Generic Resource 7,Cloud Shared Services - Project Manager,Project Manager,rule,MAPPED,,7.0,DATABASE,"Technical-Infrastructure Management-Production Support-Database;Solutions Architect Associate;Microsoft Certified Technology Specialist (MCTS): SQL Server 2008,",2027-03-01,2027-04-01,FY27,FY_END_PLAN,Rolling off 7-12m,3.6,,,,,,,,,,,,,,,
UNMATCHED RESOURCE,,,,,,,"no line with compatible position/skill, grade and start date in window",PROJ-00010628,QL-0000005885,"MINISTRY OF CULTURE, COMMUNITY AND YOUTH",[ATFM] Year 8 Renewal - MCCY - TFM,Generic Resource 8,Day 1 Cloud Engineer,Cloud Engineer L2,rule,MAPPED - level inferred from grade,,8.0,CLOUD,Technical-DevOps-Repository-GitHub;Technical-Cloud Native Platform-Kubernetes & Container -Docker;Technical-DevOps-Repository-GitHub Actions;Technical-Cloud Nat,2027-03-01,2027-04-01,FY27,FY_END_PLAN,Rolling off 7-12m,1.3,,,,,,,,,,,,,,,
UNMATCHED RESOURCE,,,,,,,"no line with compatible position/skill, grade and start date in window",PROJ-00010628,QL-0000005885,"MINISTRY OF CULTURE, COMMUNITY AND YOUTH",[ATFM] Year 8 Renewal - MCCY - TFM,Generic Resource 8,Day 1 Cloud Engineer,Cloud Engineer L2,rule,MAPPED - level inferred from grade,,8.0,CLOUD,Technical-Data Center Management-Operating System-Linux - Redhat;Technical-DevOps-CI/CD Platform-AWS-DevOps;Technical-Data Center operation-IT operation-ITIL St,2027-03-01,2027-04-01,FY27,FY_END_PLAN,Rolling off 7-12m,3.6,,,,,,,,,,,,,,,
UNMATCHED RESOURCE,,,,,,,"no line with compatible position/skill, grade and start date in window",PROJ-00010628,QL-0000005885,"MINISTRY OF CULTURE, COMMUNITY AND YOUTH",[ATFM] Year 8 Renewal - MCCY - TFM,Generic Resource 6,Day 1 Cloud Project Manager,Project Manager,rule,MAPPED,,6.0,PROJECT_MGMT,Functional-Development & operation-Project Management-Project Management Principles & Awareness,2027-03-01,2027-04-01,FY27,FY_END_PLAN,Rolling off 7-12m,3.6,,,,,,,,,,,,,,,
UNMATCHED RESOURCE,,,,,,,"no line with compatible position/skill, grade and start date in window",PROJ-00010628,QL-0000005885,"MINISTRY OF CULTURE, COMMUNITY AND YOUTH",[ATFM] Year 8 Renewal - MCCY - TFM,Generic Resource 7,Day 1 Cloud Engineer,Cloud Engineer L2,rule,MAPPED - level inferred from grade,,7.0,DATABASE,"Technical-Infrastructure Management-Production Support-Database;Solutions Architect Associate;Microsoft Certified Technology Specialist (MCTS): SQL Server 2008,",2027-03-01,2027-04-01,FY27,FY_END_PLAN,Rolling off 7-12m,1.8,,,,,,,,,,,,,,,
UNMATCHED RESOURCE,,,,,,,"no line with compatible position/skill, grade and start date in window",PROJ-00010628,QL-0000005885,"MINISTRY OF CULTURE, COMMUNITY AND YOUTH",[ATFM] Year 8 Renewal - MCCY - TFM,Generic Resource 7,Day 1 Cloud Engineer,Cloud Engineer L2,rule,MAPPED - level inferred from grade,,7.0,INFRA_OS,VMware Certified Professional - Data Center Virtualization (VCP-DCV);VMWARE Foundations;Nutanix Certified Professional - Multicloud Infrastructure (NCP-MCI);Tec,2027-03-01,2027-04-01,FY27,FY_END_PLAN,Rolling off 7-12m,7.2,,,,,,,,,,,,,,,
UNMATCHED RESOURCE,,,,,,,"no line with compatible position/skill, grade and start date in window",PROJ-00010639,QL-0000004874,THE ACCOUNTING AND CORPORATE REGULATORY AUTHORITY,[ATFM] Year 8 - GCC and GCC+ Day 2 support [RFQ],Generic Resource 8,System Engineer [HQ ADDN],Server Engineer L2,rule,MAPPED - level inferred from grade,,8.0,INFRA_OS,System Engineer [HQ ADDN],2027-03-01,2027-04-01,FY27,FY_END_PLAN,Rolling off 7-12m,1.8,,,,,,,,,,,,,,,
UNMATCHED RESOURCE,,,,,,,"no line with compatible position/skill, grade and start date in window",PROJ-00010639,QL-0000004874,THE ACCOUNTING AND CORPORATE REGULATORY AUTHORITY,[ATFM] Year 8 - GCC and GCC+ Day 2 support [RFQ],Generic Resource 7,System Engineer [HQ ADDN],Server Engineer L2,rule,MAPPED - level inferred from grade,,7.0,INFRA_OS,System Engineer [HQ ADDN],2027-03-01,2027-04-01,FY27,FY_END_PLAN,Rolling off 7-12m,1.8,,,,,,,,,,,,,,,
UNMATCHED RESOURCE,,,,,,,"no line with compatible position/skill, grade and start date in window",PROJ-00009701,QL-0000005316,URBAN REDEVELOPMENT AUTHORITY,[ATFM] Year 8 Renewal [CV]_URA,Generic Resource 8,Day 1 Cloud Engineer,Cloud Engineer L2,rule,MAPPED - level inferred from grade,,8.0,CLOUD,Technical-DevOps-Repository-GitHub;Technical-Cloud Native Platform-Kubernetes & Container -Docker;Technical-DevOps-Repository-GitHub Actions;Technical-Cloud Nat,2027-03-01,2027-04-01,FY27,FY_END_PLAN,Rolling off 7-12m,4.0,,,,,,,,,,,,,,,
UNMATCHED RESOURCE,FOR REVIEW - position name unmapped,,,,,,"no line with compatible position/skill, grade and start date in window",PROJ-00003059,QL-0000001912,Hong Kong Telecommunications (HKT) Limited,Commercial Fixed Legacy Enhancement for Dragon Exit (kick start),Generic Resource 7,System Analyst (Migration-N),UNMAPPED - FOR REVIEW,unmapped,FOR REVIEW,Project Manager,7.0,PROJECT_MGMT,Professional Scrum Master;Functional-Development & operation-Post-sales/Delivery-*BASD Use only - Project Management - GTM Role;Technical-Microsoft 365-Office P,2026-12-01,2027-01-01,FY26,CONFIRMED_END,Rolling off 0-6m,19.23,,,,,,,,,,,,,,,
UNMATCHED RESOURCE,,,,,,,"no line with compatible position/skill, grade and start date in window",PROJ-00009840,QL-0000005649,CYBER SECURITY AGENCY OF SINGAPORE,[ATFM] Year 8 Renewal - CSA - TFM,Generic Resource 8,Day 1 Cloud Engineer,Cloud Engineer L2,rule,MAPPED - level inferred from grade,,8.0,CLOUD,Technical-DevOps-Repository-GitHub;Technical-Cloud Native Platform-Kubernetes & Container -Docker;Technical-DevOps-Repository-GitHub Actions;Technical-Cloud Nat,2026-12-01,2027-01-01,FY26,CONFIRMED_END,Rolling off 0-6m,1.8,,,,,,,,,,,,,,,
UNMATCHED RESOURCE,,,,,,,"no line with compatible position/skill, grade and start date in window",PROJ-00010844,QL-0000006008,INTELLECTUAL PROPERTY OFFICE OF SINGAPORE,[ATFM] Year 8 Renewal - IPOS - GCC,Generic Resource 7,91. Cloud Shared Services - PM,Project Manager,rule,MAPPED,,7.0,DATA_ANALYTICS,Certified SCRUM Master;Technical-Delivery Management-Agile team practices-Scrum Framework;Technical-Business Process Automation-Robotic Process Automation (RPA),2026-06-01,2026-07-01,FY26,CONFIRMED_END,Available now,1.8,,,,,,,,,,,,,,,
UNMATCHED RESOURCE,,,,,,,"no line with compatible position/skill, grade and start date in window",PROJ-00009946,QL-0000005014,SMRT CORPORATION LTD,[AD] ECID Track Change for NSEW Line (CR#1),Generic Resource 8,Project Manager,Project Manager,mapping_sheet,MAPPED,,8.0,PROJECT_MGMT,Project Management Professional (PMP);Functional-Development & operation-Project Management-Quality Assurance;Functional-Development & operation-Project Managem,2026-08-01,2026-09-01,FY26,CONFIRMED_END,Available now,9.0,,,,,,,,,,,,,,,
UNMATCHED RESOURCE,,,,,,,"no line with compatible position/skill, grade and start date in window",PROJ-00009946,QL-0000005014,SMRT CORPORATION LTD,[AD] ECID Track Change for NSEW Line (CR#1),Generic Resource 7,Business Analyst,Business Analyst,rule,MAPPED,,7.0,CLOUD,Technical-Application Development-Programming Language-Java;Technical-Application Development-Backend Development-J2EE;Technical-Cloud Native Platform-DevOps To,2026-08-01,2026-09-01,FY26,CONFIRMED_END,Available now,11.0,,,,,,,,,,,,,,,
UNMATCHED RESOURCE,,,,,,,"no line with compatible position/skill, grade and start date in window",PROJ-00009946,QL-0000005014,SMRT CORPORATION LTD,[AD] ECID Track Change for NSEW Line (CR#1),Generic Resource 5,Tester,Tester/QA,rule,MAPPED,,5.0,,Technical-Application Development-UI Development-Mobile App;Technical-Application Development-Programming Language-Java;Technical-Application Development-Mobile,2026-08-01,2026-09-01,FY26,CONFIRMED_END,Available now,11.0,,,,,,,,,,,,,,,
UNMATCHED RESOURCE,,,,,,,"no line with compatible position/skill, grade and start date in window",PROJ-00009947,QL-0000005059,SMRT CORPORATION LTD,[AD] PSR Over Run (CR # 4),Generic Resource 8,Project Manager,Project Manager,mapping_sheet,MAPPED,,8.0,PROJECT_MGMT,Project Management Professional (PMP);Functional-Development & operation-Project Management-Quality Assurance;Functional-Development & operation-Project Managem,2026-08-01,2026-09-01,FY26,CONFIRMED_END,Available now,5.0,,,,,,,,,,,,,,,
UNMATCHED RESOURCE,,,,,,,"no line with compatible position/skill, grade and start date in window",PROJ-00009947,QL-0000005059,SMRT CORPORATION LTD,[AD] PSR Over Run (CR # 4),Generic Resource 7,Business Analyst,Business Analyst,rule,MAPPED,,7.0,CLOUD,Technical-Application Development-Programming Language-Java;Technical-Application Development-Backend Development-J2EE;Technical-Cloud Native Platform-DevOps To,2026-08-01,2026-09-01,FY26,CONFIRMED_END,Available now,7.0,,,,,,,,,,,,,,,
UNMATCHED RESOURCE,,,,,,,"no line with compatible position/skill, grade and start date in window",PROJ-00009947,QL-0000005059,SMRT CORPORATION LTD,[AD] PSR Over Run (CR # 4),Generic Resource 5,Tester,Tester/QA,rule,MAPPED,,5.0,DATA_ANALYTICS,Functional-Data-Data & Analytics-Data Science;Technical-Microsoft 365-Office Productivity-Microsoft Excel;Technical-Data Management-Data Visualization-QlikView;,2026-08-01,2026-09-01,FY26,CONFIRMED_END,Available now,7.0,,,,,,,,,,,,,,,
UNMATCHED RESOURCE,,,,,,,"no line with compatible position/skill, grade and start date in window",PROJ-00009947,QL-0000005059,SMRT CORPORATION LTD,[AD] PSR Over Run (CR # 4),Generic Resource 5,Tester,Tester/QA,rule,MAPPED,,5.0,,Technical-Application Development-UI Development-Mobile App;Technical-Application Development-Programming Language-Java;Technical-Application Development-Mobile,2026-08-01,2026-09-01,FY26,CONFIRMED_END,Available now,7.0,,,,,,,,,,,,,,,
UNMATCHED RESOURCE,,,,,,,"no line with compatible position/skill, grade and start date in window",PROJ-00009947,QL-0000005059,SMRT CORPORATION LTD,[AD] PSR Over Run (CR # 4),Generic Resource 7,Tester,Tester/QA,rule,MAPPED,,7.0,CLOUD,Technical-Testing-Compatibility Testing-Web Compatibility Testing;Technical-Testing-Testing Framework-RobotFramework;Technical-AI & ML-AI Governance-AI Ethics;T,2026-08-01,2026-09-01,FY26,CONFIRMED_END,Available now,7.0,,,,,,,,,,,,,,,
UNMATCHED RESOURCE,,,,,,,"no line with compatible position/skill, grade and start date in window",PROJ-00008288,QL-0000004532,SMRT CORPORATION LTD,[AD] TAMS 1.0 Yr 5 Maintenance,Generic Resource 5,Java Developer,Full Stack Engineer,rule,MAPPED,,5.0,DATABASE,Technical-Cloud Native Platform-Microservice -Spring Cloud;Technical-Application Development-Frontend Development-React JS;Technical-Data Management-Databases-M,2026-07-01,2026-08-01,FY26,CONFIRMED_END,Available now,20.0,,,,,,,,,,,,,,,
UNMATCHED RESOURCE,,,,,,,"no line with compatible position/skill, grade and start date in window",PROJ-00008288,QL-0000004532,SMRT CORPORATION LTD,[AD] TAMS 1.0 Yr 5 Maintenance,Generic Resource 6,Java Developer,Full Stack Engineer,rule,MAPPED,,6.0,,Technical-Application Development-Deployment Platform-Tomcat;Technical-Application Development-Backend Development-J2EE;Functional-Development & operation-UI de,2026-07-01,2026-08-01,FY26,CONFIRMED_END,Available now,20.0,,,,,,,,,,,,,,,
UNMATCHED RESOURCE,,,,,,,"no line with compatible position/skill, grade and start date in window",PROJ-00008288,QL-0000004532,SMRT CORPORATION LTD,[AD] TAMS 1.0 Yr 5 Maintenance,Generic Resource 5,Tester,Tester/QA,rule,MAPPED,,5.0,,Technical-Testing-Test Automation-TOSCA;Technical-Testing-Performance Testing-Apache JMeter;Functional-Language skills-Understand & Speak-English;Functional-Per,2026-07-01,2026-08-01,FY26,CONFIRMED_END,Available now,18.0,,,,,,,,,,,,,,,
UNMATCHED RESOURCE,FOR REVIEW - position name unmapped,,,,,,"no line with compatible position/skill, grade and start date in window",PROJ-00011189,QL-0000006208,Hong Kong Telecommunications (HKT) Limited,CON2025066 - Online subscription for PCD VAS via Ruby system,Generic Resource 7,PMO_LeeYean,UNMAPPED - FOR REVIEW,unmapped,FOR REVIEW,Project Manager,7.0,PROJECT_MGMT,Professional Scrum Master;Functional-Development & operation-Post-sales/Delivery-*BASD Use only - Project Management - GTM Role;Technical-Microsoft 365-Office P,2026-11-01,2026-12-01,FY26,CONFIRMED_END,Rolling off 0-6m,1.0,,,,,,,,,,,,,,,
UNMATCHED RESOURCE,,,,,,,"no line with compatible position/skill, grade and start date in window",PROJ-00007326,QL-0000003691,MARITIME AND PORT AUTHORITY OF SINGAPORE,[Non-ATFM] IT Infrastructure Managed Services,Generic Resource 7,Network Engineer,Network Engineer L2,rule,MAPPED - level inferred from grade,,7.0,NETWORK,"Azure Administrator Associate;Technical-Network-Logical network (L2, L3)-Virtual LAN (VLAN);Cisco Certified Network Associate (CCNA);Technical-Network-Network S",2027-03-01,2027-04-01,FY27,CONFIRMED_END,Rolling off 7-12m,18.0,,,,,,,,,,,,,,,
UNMATCHED RESOURCE,,,,,,,"no line with compatible position/skill, grade and start date in window",PROJ-00007326,QL-0000003691,MARITIME AND PORT AUTHORITY OF SINGAPORE,[Non-ATFM] IT Infrastructure Managed Services,Generic Resource 7,Desktop Engineer,Mobile/Desktop Engineer,rule,MAPPED,,7.0,WORKPLACE,"Functional-Development & operation-Governance, Risk & Compliance-Security operation;Functional-Development & operation-CEC management-Vendor/ partner management",2027-03-01,2027-04-01,FY27,CONFIRMED_END,Rolling off 7-12m,18.0,,,,,,,,,,,,,,,
UNMATCHED RESOURCE,,,,,,,"no line with compatible position/skill, grade and start date in window",PROJ-00007326,QL-0000003691,MARITIME AND PORT AUTHORITY OF SINGAPORE,[Non-ATFM] IT Infrastructure Managed Services,Generic Resource 6,Wintel Engineer,Server Engineer L1,rule,MAPPED - level inferred from grade,,6.0,CLOUD,Functional-Development & operation-Procurement-Vendor management;ITIL Foundation;Technical-Data Center Management-AD Administration-MS Active Directory;Governme,2027-03-01,2027-04-01,FY27,CONFIRMED_END,Rolling off 7-12m,18.0,,,,,,,,,,,,,,,
UNMATCHED RESOURCE,,,,,,,"no line with compatible position/skill, grade and start date in window",PROJ-00007326,QL-0000003691,MARITIME AND PORT AUTHORITY OF SINGAPORE,[Non-ATFM] IT Infrastructure Managed Services,Generic Resource 7,Cloud Engineer,Cloud Engineer L2,rule,MAPPED - level inferred from grade,,7.0,CLOUD,Cloud Engineer,2027-03-01,2027-04-01,FY27,CONFIRMED_END,Rolling off 7-12m,18.0,,,,,,,,,,,,,,,
UNMATCHED RESOURCE,,,,,,,"no line with compatible position/skill, grade and start date in window",PROJ-00007326,QL-0000003691,MARITIME AND PORT AUTHORITY OF SINGAPORE,[Non-ATFM] IT Infrastructure Managed Services,Generic 4,Desktop Engineer,Mobile/Desktop Engineer,rule,MAPPED,,4.0,WORKPLACE,Functional-Business Acumen-Leadership skills-Team & People management,2027-03-01,2027-04-01,FY27,CONFIRMED_END,Rolling off 7-12m,18.0,,,,,,,,,,,,,,,
UNMATCHED RESOURCE,FOR REVIEW - position name unmapped,,,,,,"no line with compatible position/skill, grade and start date in window",PROJ-00007233,QL-0000003425,IMMIGRATION & CHECKPOINTS AUTHORITY,[ATFM] Year 8 Renewal [CV]_ICA,Generic Resource 8,Operation Mgmt Professional,UNMAPPED - FOR REVIEW,unmapped,FOR REVIEW,Network Engineer L3,8.0,NETWORK,Cisco Certified Network Professional (CCNP) Security;Technical-Network-Network Products-Cisco switch;Technical-Network-Engineering-Wireless network design and o,2026-06-01,2026-07-01,FY26,CONFIRMED_END,Available now,5.0,,,,,,,,,,,,,,,
UNMATCHED RESOURCE,,,,,,,"no line with compatible position/skill, grade and start date in window",PROJ-00010844,QL-0000006008,INTELLECTUAL PROPERTY OFFICE OF SINGAPORE,[ATFM] Year 8 Renewal - IPOS - GCC,Generic Resource 7,90. Cloud Shared Services - PM,Project Manager,rule,MAPPED,,7.0,CLOUD,Technical-Cloud-Cloud Administration-MS Azure-Administration;Technical-Digital Workplace-Digital Workplace & Advisory-ITIL Framework;Functional-Business Acumen-,2026-06-01,2026-07-01,FY26,CONFIRMED_END,Available now,1.8,,,,,,,,,,,,,,,
UNMATCHED RESOURCE,FOR REVIEW - position name unmapped,,,,,,"no line with compatible position/skill, grade and start date in window",PROJ-00010542,QL-0000005952,MARITIME AND PORT AUTHORITY OF SINGAPORE,[Non-ATFM] Additional Lead Head Count,Generic 4,Customer Service Support Manager,UNMAPPED - FOR REVIEW,unmapped,FOR REVIEW,Project Manager,4.0,PROJECT_MGMT,Project Management Foundations: Budgets;Project Management Foundations: Schedules;Technical-Data Center Management-AD Administration-MS Active Directory;Technic,2027-03-01,2027-04-01,FY27,CONFIRMED_END,Rolling off 7-12m,18.0,,,,,,,,,,,,,,,
UNMATCHED RESOURCE,FOR REVIEW - position name unmapped,,,,,,"no line with compatible position/skill, grade and start date in window",PROJ-00010734,QL-0000006000,MAJLIS UGAMA ISLAM SINGAPURA,[ATFM] Year 8 Renewal - MUIS - AFM,Generic Resource 8,CSP,UNMAPPED - FOR REVIEW,unmapped,FOR REVIEW,Project Manager,8.0,PROJECT_MGMT,Functional-Language skills-Write-English;Functional-Language skills-Read-English;Functional-Development & operation-Project Management-Project Management Princi,2026-07-01,2026-08-01,FY26,CONFIRMED_END,Available now,2.25,,,,,,,,,,,,,,,
UNMATCHED RESOURCE,FOR REVIEW - position name unmapped,,,,,,"no line with compatible position/skill, grade and start date in window",PROJ-00010775,QL-0000005887,MINISTRY OF TRADE AND INDUSTRY,[ATFM] Year 8 Renewal - MTI,Generic Resource 9,Day 1 Team,UNMAPPED - FOR REVIEW,unmapped,FOR REVIEW,,9.0,,Technical-AI & ML-GenAI Platform-IBM Watson,2026-07-01,2026-08-01,FY26,CONFIRMED_END,Available now,3.6,,,,,,,,,,,,,,,
UNMATCHED RESOURCE,FOR REVIEW - position name unmapped,,,,,,"no line with compatible position/skill, grade and start date in window",PROJ-00010775,QL-0000005887,MINISTRY OF TRADE AND INDUSTRY,[ATFM] Year 8 Renewal - MTI,Generic Resource 7,Day 1 Team,UNMAPPED - FOR REVIEW,unmapped,FOR REVIEW,Cloud Engineer L2,7.0,CLOUD,Technical-Cloud-Cloud Administration-MS Azure-Administration;Technical-Digital Workplace-Digital Workplace & Advisory-ITIL Framework;Functional-Business Acumen-,2026-07-01,2026-08-01,FY26,CONFIRMED_END,Available now,3.6,,,,,,,,,,,,,,,
UNMATCHED RESOURCE,FOR REVIEW - position name unmapped,,,,,,"no line with compatible position/skill, grade and start date in window",PROJ-00010775,QL-0000005887,MINISTRY OF TRADE AND INDUSTRY,[ATFM] Year 8 Renewal - MTI,Generic Resource 8,Day 1 Team,UNMAPPED - FOR REVIEW,unmapped,FOR REVIEW,Cloud Engineer L2,8.0,CLOUD,Technical-Data Center Management-Operating System-Linux - Redhat;Technical-DevOps-CI/CD Platform-AWS-DevOps;Technical-Data Center operation-IT operation-ITIL St,2026-07-01,2026-08-01,FY26,CONFIRMED_END,Available now,3.6,,,,,,,,,,,,,,,
UNMATCHED RESOURCE,FOR REVIEW - position name unmapped,,,,,,"no line with compatible position/skill, grade and start date in window",PROJ-00010775,QL-0000005887,MINISTRY OF TRADE AND INDUSTRY,[ATFM] Year 8 Renewal - MTI,Generic Resource 8,Day 1 Team,UNMAPPED - FOR REVIEW,unmapped,FOR REVIEW,Cloud Engineer L2,8.0,CLOUD,ITIL Foundation;Technical-Cloud-Cloud DB-SQL Server Operation;Technical-Cloud-Cloud Governance-AWS Control Tower;Technical-Cloud-Cloud DB-Redis Operation;Techni,2026-07-01,2026-08-01,FY26,CONFIRMED_END,Available now,3.6,,,,,,,,,,,,,,,
UNMATCHED RESOURCE,FOR REVIEW - position name unmapped,,,,,,"no line with compatible position/skill, grade and start date in window",PROJ-00010775,QL-0000005887,MINISTRY OF TRADE AND INDUSTRY,[ATFM] Year 8 Renewal - MTI,Generic Resource 7,Day 1 Team,UNMAPPED - FOR REVIEW,unmapped,FOR REVIEW,Data Analyst,7.0,DATA_ANALYTICS,Certified SCRUM Master;Technical-Delivery Management-Agile team practices-Scrum Framework;Technical-Business Process Automation-Robotic Process Automation (RPA),2026-07-01,2026-08-01,FY26,CONFIRMED_END,Available now,1.8,,,,,,,,,,,,,,,
UNMATCHED RESOURCE,FOR REVIEW - position name unmapped,,,,,,"no line with compatible position/skill, grade and start date in window",PROJ-00010775,QL-0000005887,MINISTRY OF TRADE AND INDUSTRY,[ATFM] Year 8 Renewal - MTI,Generic Resource 6,Day 1 Team,UNMAPPED - FOR REVIEW,unmapped,FOR REVIEW,Project Manager,6.0,PROJECT_MGMT,Functional-Development & operation-Project Management-Project Management Principles & Awareness,2026-07-01,2026-08-01,FY26,CONFIRMED_END,Available now,3.6,,,,,,,,,,,,,,,
UNMATCHED RESOURCE,FOR REVIEW - position name unmapped,,,,,,"no line with compatible position/skill, grade and start date in window",PROJ-00010775,QL-0000005887,MINISTRY OF TRADE AND INDUSTRY,[ATFM] Year 8 Renewal - MTI,Generic Resource 7,Day 1 Team,UNMAPPED - FOR REVIEW,unmapped,FOR REVIEW,DBA L2,7.0,DATABASE,"Technical-Infrastructure Management-Production Support-Database;Solutions Architect Associate;Microsoft Certified Technology Specialist (MCTS): SQL Server 2008,",2026-07-01,2026-08-01,FY26,CONFIRMED_END,Available now,1.8,,,,,,,,,,,,,,,
UNMATCHED RESOURCE,,,,,,,"no line with compatible position/skill, grade and start date in window",PROJ-00010674,QL-0000006001,MINISTRY OF SUSTAINABILITY AND THE ENVIRONMENT,[ATFM] Year 8 Renewal - MSE,Generic Resource 5,Project Manager [ADDN REQN],Project Manager,rule,MAPPED,,5.0,PROJECT_MGMT,Project Manager [ADDN REQN],2026-08-01,2026-09-01,FY26,CONFIRMED_END,Available now,5.4,,,,,,,,,,,,,,,
UNMATCHED RESOURCE,,,,,,,"no line with compatible position/skill, grade and start date in window",PROJ-00009946,QL-0000005014,SMRT CORPORATION LTD,[AD] ECID Track Change for NSEW Line (CR#1),Generic Resource 7,Tester,Tester/QA,rule,MAPPED,,7.0,DATA_ANALYTICS,Functional-Business Acumen-Problem-solving-Brainstorming;Functional-Business Acumen-Problem-solving-Root Cause Analysis;Functional-Data-Data & Analytics-Data Ma,2026-08-01,2026-09-01,FY26,CONFIRMED_END,Available now,11.0,,,,,,,,,,,,,,,
UNMATCHED RESOURCE,,,,,,,"no line with compatible position/skill, grade and start date in window",PROJ-00009947,QL-0000005059,SMRT CORPORATION LTD,[AD] PSR Over Run (CR # 4),Generic Resource 7,Tester,Tester/QA,rule,MAPPED,,7.0,DATA_ANALYTICS,Functional-Business Acumen-Problem-solving-Brainstorming;Functional-Business Acumen-Problem-solving-Root Cause Analysis;Functional-Data-Data & Analytics-Data Ma,2026-08-01,2026-09-01,FY26,CONFIRMED_END,Available now,7.0,,,,,,,,,,,,,,,
UNMATCHED RESOURCE,,,,,,,"no line with compatible position/skill, grade and start date in window",PROJ-00010741,QL-0000005886,MARITIME AND PORT AUTHORITY OF SINGAPORE,[ATFM] Year 8 Renewal - MPA - AFM,Generic Resource 8,Operation Manager,SDM,mapping_sheet,MAPPED,,8.0,SERVICE_MGMT,Functional-Delivery Management-Business operation-Operations and workflow management,2027-03-01,2027-04-01,FY27,FY_END_PLAN,Rolling off 7-12m,18.0,,,,,,,,,,,,,,,
UNMATCHED RESOURCE,,,,,,,"no line with compatible position/skill, grade and start date in window",PROJ-00010681,QL-0000006005,CIVIL SERVICE COLLEGE,[ATFM] Year 8 Renewal - CSC - TFM,Generic Resource 8,01. SDD,SDD,rule,MAPPED,,8.0,WORKPLACE,Technical-IOT-IOT Integration-Zigbee;ITIL Intermediate Service Operation;ITIL Operational Support and Analysis Certificate (ITILOSA);Cloud Practitioner;ITIL Ser,2026-06-01,2026-07-01,FY26,CONFIRMED_END,Available now,1.8,,,,,,,,,,,,,,,
UNMATCHED RESOURCE,FOR REVIEW - position name unmapped,,,,,,"no line with compatible position/skill, grade and start date in window",PROJ-00007234,QL-0000003470,CENTRAL NARCOTICS BUREAU,[ATFM] Year 8 Renewal [CV]_CNB,Generic Resource 8,00. CSP,UNMAPPED - FOR REVIEW,unmapped,FOR REVIEW,Project Manager,8.0,PROJECT_MGMT,Functional-Business Acumen-Problem-solving-Data Analysis;Functional-Personal and interpersonal skills-Communication-Presentations;Certified SCRUM Master;Managem,2026-06-01,2026-07-01,FY26,CONFIRMED_END,Available now,12.0,,,,,,,,,,,,,,,
UNMATCHED RESOURCE,,,,,,,"no line with compatible position/skill, grade and start date in window",PROJ-00010898,QL-0000006184,LAND TRANSPORT AUTHORITY OF SINGAPORE,[ATFM] Procurement of 70 PSS Mandays,Generic Resource 3,ITSO Intern,IT Security Officer,rule,MAPPED,,3.0,SECURITY,ITSO,2026-07-01,2026-08-01,FY26,CONFIRMED_END,Available now,18.0,,,,,,,,,,,,,,,
UNMATCHED RESOURCE,FOR REVIEW - position name unmapped,,,,,,"no line with compatible position/skill, grade and start date in window",PROJ-00009701,QL-0000005316,URBAN REDEVELOPMENT AUTHORITY,[ATFM] Year 8 Renewal [CV]_URA,Generic Resource 8,CSP,UNMAPPED - FOR REVIEW,unmapped,FOR REVIEW,Network Engineer L3,8.0,NETWORK,ITIL 4 Foundation Certificate in IT Service Management;Career essentials in Generative AI;Technical-Network-Network Architecture-WAN backbone;Technical-AI & ML-,2026-09-01,2026-10-01,FY26,CONFIRMED_END,Rolling off 0-6m,9.0,,,,,,,,,,,,,,,
UNMATCHED RESOURCE,,,,,,,"no line with compatible position/skill, grade and start date in window",PROJ-00009701,QL-0000005316,URBAN REDEVELOPMENT AUTHORITY,[ATFM] Year 8 Renewal [CV]_URA,Generic Resource 7,Cloud Engineer L3,Cloud Engineer L3,rule,MAPPED - level kept from name (not in Standard Role sheet),,7.0,CLOUD,Azure Administrator Associate;Azure Solutions Architect Expert,2027-03-01,2027-04-01,FY27,FY_END_PLAN,Rolling off 7-12m,18.0,,,,,,,,,,,,,,,
UNMATCHED RESOURCE,FOR REVIEW - position name unmapped,,,,,,"no line with compatible position/skill, grade and start date in window",PROJ-00011064,QL-0000005966,"AGENCY FOR SCIENCE, TECHNOLOGY AND RESEARCH",[Non-ATFM]: Implementation of SPACE AND INFRASTRUCTURE MANAGEMENT SYSTEM (SIMS,Generic Resource 8,Customer Success Partner,UNMAPPED - FOR REVIEW,unmapped,FOR REVIEW,Project Manager,8.0,PROJECT_MGMT,Functional-Business Acumen-Problem-solving-Data Analysis;Functional-Personal and interpersonal skills-Communication-Presentations;Certified SCRUM Master;Managem,2026-07-01,2026-08-01,FY26,CONFIRMED_END,Available now,5.85,,,,,,,,,,,,,,,
UNMATCHED RESOURCE,,,,,,,"no line with compatible position/skill, grade and start date in window",PROJ-00010732,QL-0000005348,LAND TRANSPORT AUTHORITY OF SINGAPORE,[ATFM] Year 8 Renewal [CV] LTA (Time Based),Generic Resource 6,Wintel/CyberArk Engineer,Security Engineer,rule,MAPPED,,6.0,INFRA_OS,Microsoft Certified Systems Engineer (MCSE);VMware Certified Professional - Data Center Virtualization (VCP-DCV);Azure Administrator Associate;ITIL 4 Foundation,2026-06-01,2026-07-01,FY26,CONFIRMED_END,Available now,18.0,,,,,,,,,,,,,,,
UNMATCHED RESOURCE,FOR REVIEW - position name unmapped,,,,,,"no line with compatible position/skill, grade and start date in window",PROJ-00011210,QL-0000006339,"AGENCY FOR SCIENCE, TECHNOLOGY AND RESEARCH",[Non-ATFM]: WOA CV extension for 3 month,Generic Resource 8,CSP,UNMAPPED - FOR REVIEW,unmapped,FOR REVIEW,Project Manager,8.0,PROJECT_MGMT,Functional-Business Acumen-Problem-solving-Data Analysis;Functional-Personal and interpersonal skills-Communication-Presentations;Certified SCRUM Master;Managem,2026-08-01,2026-09-01,FY26,CONFIRMED_END,Available now,5.85,,,,,,,,,,,,,,,
UNMATCHED RESOURCE,FOR REVIEW - position name unmapped,,,,,,"no line with compatible position/skill, grade and start date in window",PROJ-00006699,QL-0000003052,HOME TEAM SCIENCE AND TECHNOLOGY AGENCY,[Non-ATFM] MHA SFTP Data Exchange - Mandatory Base,Generic Resource 8,Operation Mgmt Professional,UNMAPPED - FOR REVIEW,unmapped,FOR REVIEW,Server Engineer L2,8.0,INFRA_OS,HDS Qualified Professional - VSP Storage;Brocade Certified Fabric Designer (BCFD);IBM Certified System Administrator - AIX;Brocade Certified Fabric Administrato,2026-11-01,2026-12-01,FY26,CONFIRMED_END,Rolling off 0-6m,6.0,,,,,,,,,,,,,,,
UNMATCHED RESOURCE,,,,,,,"no line with compatible position/skill, grade and start date in window",PROJ-00006174,QL-0000002881,"AGENCY FOR SCIENCE, TECHNOLOGY AND RESEARCH",[Non-ATFM]: Additional PSS MAC headcount for WOA contract,Generic 4,Desktop Engineer,Mobile/Desktop Engineer,rule,MAPPED,,4.0,NETWORK,Adobe Photoshop; Android; C++; Encryption and Key Management; Imaging; Information Security; MS Active Directory; PC hardware; Protocols; SCCM; ServiceNow Devel,2026-06-01,2026-07-01,FY26,CONFIRMED_END,Available now,18.0,,,,,,,,,,,,,,,
UNMATCHED RESOURCE,,,,,,,"no line with compatible position/skill, grade and start date in window",PROJ-00010899,QL-0000006182,LAND TRANSPORT AUTHORITY OF SINGAPORE,[ATFM] PSS for ITSO Requirement,Generic Resource 7,ITSO,IT Security Officer,mapping_sheet,MAPPED,,7.0,SECURITY,Certified Information Systems Security Professional (CISSP);Certified in Cybersecurity (CC);ITIL 4 Foundation;Functional-Personal and interpersonal skills-Commu,2027-01-01,2027-02-01,FY26,CONFIRMED_END,Rolling off 0-6m,18.0,,,,,,,,,,,,,,,
UNMATCHED RESOURCE,,,,,,,"no line with compatible position/skill, grade and start date in window",PROJ-00007227,QL-0000003447,HOME TEAM ACADEMY,[ATFM] Year 8 Renewal [CV]_HTA,Generic Resource 7,SDM,SDM,rule,MAPPED,,7.0,INFRA_OS,Technical-Data Center operation-Capacity Management-Space/Power/Cooling Optimization;Technical-Data Center operation-Capacity Management-Space/Power/Cooling Uti,2027-03-01,2027-04-01,FY27,FY_END_PLAN,Rolling off 7-12m,18.0,,,,,,,,,,,,,,,
UNMATCHED RESOURCE,,,,,,,"no line with compatible position/skill, grade and start date in window",PROJ-00010568,QL-0000005888,PARLIAMENT OF SINGAPORE,[ATFM] Year 8 Renewal - Parliament,Generic Resource 7,03. ATFM Service Delivery Lead (SDL) (HCR2026041001039),SDM,rule,MAPPED,,7.0,SERVICE_MGMT,Operations,2027-03-01,2027-04-01,FY27,FY_END_PLAN,Rolling off 7-12m,18.0,,,,,,,,,,,,,,,
UNMATCHED RESOURCE,,,,,,,"no line with compatible position/skill, grade and start date in window",PROJ-00010706,QL-0000005971,OSSC,[ATFM] Year 8 Renewal - Judiciary,Generic Resource 7,43. TFM Cloud Engineer (HRC - 20260313005) - Sakinah,Cloud Engineer L2,rule,MAPPED - level inferred from grade,,7.0,CLOUD,AWS,2027-03-01,2027-04-01,FY27,FY_END_PLAN,Rolling off 7-12m,18.0,,,,,,,,,,,,,,,
UNMATCHED RESOURCE,,,,,,,"no line with compatible position/skill, grade and start date in window",PROJ-00010706,QL-0000005971,OSSC,[ATFM] Year 8 Renewal - Judiciary,Generic Resource 7,42. TFM Cloud Engineer (HRC - 20260313009),Cloud Engineer L2,rule,MAPPED - level inferred from grade,,7.0,CLOUD,AWS,2027-03-01,2027-04-01,FY27,FY_END_PLAN,Rolling off 7-12m,18.0,,,,,,,,,,,,,,,
UNMATCHED RESOURCE,,,,,,,"no line with compatible position/skill, grade and start date in window",PROJ-00010706,QL-0000005971,OSSC,[ATFM] Year 8 Renewal - Judiciary,Generic Resource 7,44. TFM Cloud Engineer (HRC - 20260313010),Cloud Engineer L2,rule,MAPPED - level inferred from grade,,7.0,CLOUD,AWS,2027-03-01,2027-04-01,FY27,FY_END_PLAN,Rolling off 7-12m,18.0,,,,,,,,,,,,,,,
UNMATCHED RESOURCE,,,,,,,"no line with compatible position/skill, grade and start date in window",PROJ-00010706,QL-0000005971,OSSC,[ATFM] Year 8 Renewal - Judiciary,Generic Resource 7,45. TFM Cloud Engineer (HRC - 20260313011),Cloud Engineer L2,rule,MAPPED - level inferred from grade,,7.0,CLOUD,AWS,2027-03-01,2027-04-01,FY27,FY_END_PLAN,Rolling off 7-12m,18.0,,,,,,,,,,,,,,,
UNMATCHED RESOURCE,,,,,,,"no line with compatible position/skill, grade and start date in window",PROJ-00010706,QL-0000005971,OSSC,[ATFM] Year 8 Renewal - Judiciary,Generic Resource 7,46. TFM Cloud Engineer (HRC - 20260313012),Cloud Engineer L2,rule,MAPPED - level inferred from grade,,7.0,CLOUD,AWS,2027-03-01,2027-04-01,FY27,FY_END_PLAN,Rolling off 7-12m,18.0,,,,,,,,,,,,,,,
UNMATCHED RESOURCE,,,,,,,"no line with compatible position/skill, grade and start date in window",PROJ-00010706,QL-0000005971,OSSC,[ATFM] Year 8 Renewal - Judiciary,Generic Resource 7,47. TFM Cloud Engineer (HRC - 20260313013),Cloud Engineer L2,rule,MAPPED - level inferred from grade,,7.0,CLOUD,AWS,2027-03-01,2027-04-01,FY27,FY_END_PLAN,Rolling off 7-12m,18.0,,,,,,,,,,,,,,,
UNMATCHED RESOURCE,,,,,,,"no line with compatible position/skill, grade and start date in window",PROJ-00010706,QL-0000005971,OSSC,[ATFM] Year 8 Renewal - Judiciary,Generic Resource 8,48. ATFM DBA Cloud Engineer (HRC - 20260313003),DBA L2,rule,MAPPED - level inferred from grade,,8.0,DATABASE,"AWS, Cloud, Oracle, SQL",2027-03-01,2027-04-01,FY27,FY_END_PLAN,Rolling off 7-12m,18.0,,,,,,,,,,,,,,,
UNMATCHED RESOURCE,,,,,,,"no line with compatible position/skill, grade and start date in window",PROJ-00010706,QL-0000005971,OSSC,[ATFM] Year 8 Renewal - Judiciary,Generic Resource 8,03. ATFM SDM (HCR2026083101662) - TBA,SDM,rule,MAPPED,,8.0,SERVICE_MGMT,SDM,2027-03-01,2027-04-01,FY27,FY_END_PLAN,Rolling off 7-12m,18.0,,,,,,,,,,,,,,,
UNMATCHED RESOURCE,,,,,,,"no line with compatible position/skill, grade and start date in window",PROJ-00010706,QL-0000005971,OSSC,[ATFM] Year 8 Renewal - Judiciary,Generic Resource 6,39. TFM Sate Courts Wintel Engineer - KaiJie Replacement for Sabri,Server Engineer L1,rule,MAPPED - level inferred from grade,,6.0,CLOUD,AWS,2027-03-01,2027-04-01,FY27,FY_END_PLAN,Rolling off 7-12m,18.0,,,,,,,,,,,,,,,
UNMATCHED RESOURCE,,,,,,,"no line with compatible position/skill, grade and start date in window",PROJ-00010706,QL-0000005971,OSSC,[ATFM] Year 8 Renewal - Judiciary,Generic Resource 8,08. ATFM Service Delivery Lead (SDL) HRC - 20260313003 - TBA,SDM,rule,MAPPED,,8.0,CLOUD,AWS,2027-03-01,2027-04-01,FY27,FY_END_PLAN,Rolling off 7-12m,18.0,,,,,,,,,,,,,,,
UNMATCHED RESOURCE,,,,,,,"no line with compatible position/skill, grade and start date in window",PROJ-00010706,QL-0000005971,OSSC,[ATFM] Year 8 Renewal - Judiciary,Generic Resource 7,06. ITSO #2 (HCR2026081301596-Rahmath/Lester Replacement) - TBA,IT Security Officer,rule,MAPPED,,7.0,SECURITY,IT Security,2027-03-01,2027-04-01,FY27,FY_END_PLAN,Rolling off 7-12m,18.0,,,,,,,,,,,,,,,
UNMATCHED RESOURCE,,,,,,,"no line with compatible position/skill, grade and start date in window",PROJ-00010706,QL-0000005971,OSSC,[ATFM] Year 8 Renewal - Judiciary,Generic Resource 7,28. Linux Cloud Engineer  - HCR2026072701517 - Satham Hussain Mustak Ahamed,Cloud Engineer L2,rule,MAPPED - level inferred from grade,,7.0,CLOUD,"AWS, IaC, Linux",2027-03-01,2027-04-01,FY27,FY_END_PLAN,Rolling off 7-12m,18.0,,,,,,,,,,,,,,,
UNMATCHED RESOURCE,,,,,,,"no line with compatible position/skill, grade and start date in window",PROJ-00010706,QL-0000005971,OSSC,[ATFM] Year 8 Renewal - Judiciary,Generic Resource 3,30. ATFM Supreme Court Linux Engineer #2,Server Engineer L1,rule,MAPPED - level inferred from grade,,3.0,CLOUD,Functional-Development & operation-Technology Management-IT Infrastructure;Cloud Practitioner,2027-03-01,2027-04-01,FY27,FY_END_PLAN,Rolling off 7-12m,18.0,,,,,,,,,,,,,,,
UNMATCHED RESOURCE,FOR REVIEW - position name unmapped,,,,,,"no line with compatible position/skill, grade and start date in window",PROJ-00001918,,,ATFM Back End Support,Generic Resource 7,Nutanix Engineer,UNMAPPED - FOR REVIEW,unmapped,FOR REVIEW,Server Engineer L2,7.0,INFRA_OS,Nutanix Certified Professional - Multicloud Infrastructure (NCP-MCI);Nutanix Certified Associate (NCA);Technical-Data Center Management-Hyperconverged Infrastru,2027-03-01,2027-04-01,FY27,FY_END_PLAN,Rolling off 7-12m,18.0,,,,,,,,,,,,,,,
UNMATCHED RESOURCE,FOR REVIEW - position name unmapped,,,,,,"no line with compatible position/skill, grade and start date in window",PROJ-00010629,QL-0000005884,"MINISTRY OF CULTURE, COMMUNITY AND YOUTH",[ATFM] Year 8 MCCY Renewal PSS for Project Works (1000 PSS) - MCCY - TFM,Generic Resource 7,Shwetha's Team,UNMAPPED - FOR REVIEW,unmapped,FOR REVIEW,Cloud Engineer L2,7.0,CLOUD,Technical-Delivery Management-Project Management Tools-Planview;Technical-GenAI-Application Development-Claude;Technical-AI & ML-AI Model Lifecycle Management (,2027-03-01,2027-04-01,FY27,FY_END_PLAN,Rolling off 7-12m,18.0,,,,,,,,,,,,,,,
UNMATCHED RESOURCE,FOR REVIEW - position name unmapped,,,,,,"no line with compatible position/skill, grade and start date in window",PROJ-00006699,QL-0000003052,HOME TEAM SCIENCE AND TECHNOLOGY AGENCY,[Non-ATFM] MHA SFTP Data Exchange - Mandatory Base,Generic Resource 6,Infra Support Engineer,UNMAPPED - FOR REVIEW,unmapped,FOR REVIEW,,6.0,,Server Management,2027-03-01,2027-04-01,FY27,FY_END_PLAN,Rolling off 7-12m,18.0,,,,,,,,,,,,,,,
UNMATCHED RESOURCE,,,,,,,"no line with compatible position/skill, grade and start date in window",PROJ-00010777,QL-0000006080,OSSC,[ATFM] Year 8 Options,Generic Resource 8,12. Cloud Shared Services Cloud Engineer: Judiciary HRC - 20251001001,Cloud Engineer L2,rule,MAPPED - level inferred from grade,,8.0,CLOUD,Certified Kubernetes Administrator (CKA);Technical-DevOps-Continuous Delivery-DevOps Pipeline;Technical-Cloud Native Platform-DevOps Tools Development-Argo CD;T,2027-03-01,2027-04-01,FY27,FY_END_PLAN,Rolling off 7-12m,18.0,,,,,,,,,,,,,,,
UNMATCHED RESOURCE,,,,,,,"no line with compatible position/skill, grade and start date in window",PROJ-00010777,QL-0000006080,OSSC,[ATFM] Year 8 Options,Generic Resource 7,11. Cloud Shared Services - (HRC-20260319003) - Mohamad Nashriq Supports MFA,Cloud Engineer L2,rule,MAPPED - level inferred from grade,,7.0,CLOUD,"AWS, Azure",2027-03-01,2027-04-01,FY27,FY_END_PLAN,Rolling off 7-12m,18.0,,,,,,,,,,,,,,,
UNMATCHED RESOURCE,,,,,,,"no line with compatible position/skill, grade and start date in window",PROJ-00010777,QL-0000006080,OSSC,[ATFM] Year 8 Options,Generic Resource 7,81. Additional Judiciary for Staggered Shift - Wintel,Server Engineer L2,rule,MAPPED - level inferred from grade,,7.0,CLOUD,AWS,2027-03-01,2027-04-01,FY27,FY_END_PLAN,Rolling off 7-12m,18.0,,,,,,,,,,,,,,,
UNMATCHED RESOURCE,,,,,,,"no line with compatible position/skill, grade and start date in window",PROJ-00010777,QL-0000006080,OSSC,[ATFM] Year 8 Options,Generic Resource 7,82. Additional Judiciary Resource - Linux,Server Engineer L2,rule,MAPPED - level inferred from grade,,7.0,CLOUD,"AWS, Linux",2027-03-01,2027-04-01,FY27,FY_END_PLAN,Rolling off 7-12m,18.0,,,,,,,,,,,,,,,
UNMATCHED RESOURCE,,,,,,,"no line with compatible position/skill, grade and start date in window",PROJ-00010777,QL-0000006080,OSSC,[ATFM] Year 8 Options,Generic Resource 7,80. Additional Judiciary for Staggered Shift - Wintel,Server Engineer L2,rule,MAPPED - level inferred from grade,,7.0,CLOUD,AWS,2027-03-01,2027-04-01,FY27,FY_END_PLAN,Rolling off 7-12m,18.0,,,,,,,,,,,,,,,
UNMATCHED RESOURCE,,,,,,,"no line with compatible position/skill, grade and start date in window",PROJ-00001918,,,ATFM Back End Support,Generic Resource 8,Multi-Cloud FinOps Specialist,FinOps Engineer,rule,MAPPED,,8.0,CLOUD,Multi-Cloud FinOps Specialist,2027-03-01,2027-04-01,FY27,FY_END_PLAN,Rolling off 7-12m,18.0,,,,,,,,,,,,,,,
UNMATCHED RESOURCE,,,,,,,"no line with compatible position/skill, grade and start date in window",PROJ-00001918,,,ATFM Back End Support,Generic Resource 8,Technical Architect,Technical Architect,rule,MAPPED,,8.0,CLOUD,AWS Security Specialty - Dive Deep;AWS Certified Solutions Architect – Associate;ITIL 4 Foundation Certificate in IT Service Management;Solutions Architect Prof,2027-03-01,2027-04-01,FY27,FY_END_PLAN,Rolling off 7-12m,18.0,,,,,,,,,,,,,,,
UNMATCHED RESOURCE,,,,,,,"no line with compatible position/skill, grade and start date in window",PROJ-00001918,,,ATFM Back End Support,Generic Resource 8,IT Security Manager - ATFM,IT Security Mgr,rule,MAPPED,,8.0,SECURITY,Functional-Development & operation-Security & Privacy-Information Assurance ;Functional-Development & operation-Security Services-Vulnerability Management;Funct,2027-03-01,2027-04-01,FY27,FY_END_PLAN,Rolling off 7-12m,18.0,,,,,,,,,,,,,,,
UNMATCHED RESOURCE,,,,,,,"no line with compatible position/skill, grade and start date in window",PROJ-00001918,,,ATFM Back End Support,Generic Resource 7,IT Security Officer,IT Security Officer,mapping_sheet,MAPPED,,7.0,SECURITY,Certified Information Security Manager (CISM),2027-03-01,2027-04-01,FY27,FY_END_PLAN,Rolling off 7-12m,18.0,,,,,,,,,,,,,,,
UNMATCHED RESOURCE,,,,,,,"no line with compatible position/skill, grade and start date in window",PROJ-00001918,,,ATFM Back End Support,Generic Resource 6,Data analyst,Data Analyst,rule,MAPPED,,6.0,NETWORK,Technical-Application Development-Programming Language-Python;Technical-Network-Standards-Protocols,2027-03-01,2027-04-01,FY27,FY_END_PLAN,Rolling off 7-12m,18.0,,,,,,,,,,,,,,,
UNMATCHED RESOURCE,FOR REVIEW - position name unmapped,,,,,,"no line with compatible position/skill, grade and start date in window",PROJ-00001918,,,ATFM Back End Support,Generic Resource 6,Associate Operation Mgmt Specialist,UNMAPPED - FOR REVIEW,unmapped,FOR REVIEW,Data Analyst,6.0,DATA_ANALYTICS,"Data Analytics, AI, ML, Power BI, Technical-Application Development",2027-03-01,2027-04-01,FY27,FY_END_PLAN,Rolling off 7-12m,18.0,,,,,,,,,,,,,,,
UNMATCHED RESOURCE,,,,,,,"no line with compatible position/skill, grade and start date in window",PROJ-00001918,,,ATFM Back End Support,Generic Resource 7,Linux Engineer,Server Engineer L2,rule,MAPPED - level inferred from grade,,7.0,PROJECT_MGMT,Technical-Infrastructure Management-Tools administration-SignalFX;Technical-SignalFX-SignalFX Products-SignalFX Configuration;Technical-Splunk-Splunk Products-S,2027-03-01,2027-04-01,FY27,FY_END_PLAN,Rolling off 7-12m,18.0,,,,,,,,,,,,,,,
UNMATCHED RESOURCE,,,,,,,"no line with compatible position/skill, grade and start date in window",PROJ-00001918,,,ATFM Back End Support,Generic Resource 3,Response Centre Engineer,Service Desk Agent,rule,MAPPED,,3.0,NETWORK,Technical-Application Development-Programming Language-Python;Technical-Network-Standards-Protocols,2027-03-01,2027-04-01,FY27,FY_END_PLAN,Rolling off 7-12m,18.0,,,,,,,,,,,,,,,
UNMATCHED RESOURCE,,,,,,,"no line with compatible position/skill, grade and start date in window",PROJ-00001918,,,ATFM Back End Support,Generic 4,Response Centre Engineer,Service Desk Agent,rule,MAPPED,,4.0,NETWORK,Technical-Application Development-Programming Language-Python;Technical-Network-Standards-Protocols,2027-03-01,2027-04-01,FY27,FY_END_PLAN,Rolling off 7-12m,18.0,,,,,,,,,,,,,,,
UNMATCHED RESOURCE,,,,,,,"no line with compatible position/skill, grade and start date in window",PROJ-00001918,,,ATFM Back End Support,Generic 4,Response Centre Engineer,Service Desk Agent,rule,MAPPED,,4.0,INFRA_OS,Solutions Architect Associate;Technical-Infrastructure Management-End User Services-VMware,2027-03-01,2027-04-01,FY27,FY_END_PLAN,Rolling off 7-12m,18.0,,,,,,,,,,,,,,,
UNMATCHED RESOURCE,,,,,,,"no line with compatible position/skill, grade and start date in window",PROJ-00001918,,,ATFM Back End Support,Generic Resource 3,Response Centre Engineer,Service Desk Agent,rule,MAPPED,,3.0,NETWORK,Technical-Application Development-Programming Language-Python;Technical-Network-Standards-Protocols,2027-03-01,2027-04-01,FY27,FY_END_PLAN,Rolling off 7-12m,18.0,,,,,,,,,,,,,,,
UNMATCHED RESOURCE,,,,,,,"no line with compatible position/skill, grade and start date in window",PROJ-00001918,,,ATFM Back End Support,Generic Resource 3,Response Centre Engineer,Service Desk Agent,rule,MAPPED,,3.0,DATABASE,Teradata Certified Application Developer (V2R5);Teradata Certified Physical Implementation (V2R5);Teradata Certified Professional (V2R5);Teradata Certified SQL ,2027-03-01,2027-04-01,FY27,FY_END_PLAN,Rolling off 7-12m,18.0,,,,,,,,,,,,,,,
UNMATCHED RESOURCE,,,,,,,"no line with compatible position/skill, grade and start date in window",PROJ-00001918,,,ATFM Back End Support,Generic Resource 7,System Engineer,Server Engineer L2,rule,MAPPED - level inferred from grade,,7.0,CLOUD,Technical-DevOps-Container Management-Kubernetes;Python Certification;Technical-Application Development-Backend Development-Shell development (Linux/Windows);Te,2027-03-01,2027-04-01,FY27,FY_END_PLAN,Rolling off 7-12m,18.0,,,,,,,,,,,,,,,
UNMATCHED RESOURCE,,,,,,,"no line with compatible position/skill, grade and start date in window",PROJ-00001918,,,ATFM Back End Support,Generic Resource 7,System Engineer,Server Engineer L2,rule,MAPPED - level inferred from grade,,7.0,INFRA_OS,Technical-Application Development-Programming Language-C++;Technical-Application Development-Programming Language-Python;Technical-Application Development-Progr,2027-03-01,2027-04-01,FY27,FY_END_PLAN,Rolling off 7-12m,18.0,,,,,,,,,,,,,,,
UNMATCHED RESOURCE,,,,,,,"no line with compatible position/skill, grade and start date in window",PROJ-00001918,,,ATFM Back End Support,Generic Resource 5,ITSM Engineer,IT Service Mgt Engineer,rule,MAPPED,,5.0,SERVICE_MGMT,Technical-Application Development-Programming Language-Java;Technical-Infrastructure Management-IT Network & Unified Communication-NW operation (NOC);Technical-,2027-03-01,2027-04-01,FY27,FY_END_PLAN,Rolling off 7-12m,18.0,,,,,,,,,,,,,,,
UNMATCHED RESOURCE,,,,,,,"no line with compatible position/skill, grade and start date in window",PROJ-00001918,,,ATFM Back End Support,Generic Resource 8,Command Centre SDD,SDD,rule,MAPPED,,8.0,SECURITY,Project Management Professional (PMP);Certified Information Systems Security Professional (CISSP);ITIL Foundation,2027-03-01,2027-04-01,FY27,FY_END_PLAN,Rolling off 7-12m,18.0,,,,,,,,,,,,,,,
UNMATCHED RESOURCE,,,,,,,"no line with compatible position/skill, grade and start date in window",PROJ-00001918,,,ATFM Back End Support,Generic Resource 8,Network Lead,Network Engineer L3,rule,MAPPED - level inferred from grade,,8.0,NETWORK,Technical-Network-Network Products-Aruba wireless;Technical-Network-Network Security-CheckPoint;Technical-Security-Infrastructure Security-Vulnerability Assessm,2027-03-01,2027-04-01,FY27,FY_END_PLAN,Rolling off 7-12m,18.0,,,,,,,,,,,,,,,
UNMATCHED RESOURCE,,,,,,,"no line with compatible position/skill, grade and start date in window",PROJ-00001918,,,ATFM Back End Support,Generic Resource 7,Application Performance Monitoring Engineer,Tools Engineer L2 (Observability),rule,MAPPED - level inferred from grade,,7.0,NETWORK,"Cisco AppDynamics Verified Core APM;Specialist - System Administrator, Data Domain Version  2.0;Azure IoT Developer Specialty;Certified Wireless Network Adminis",2027-03-01,2027-04-01,FY27,FY_END_PLAN,Rolling off 7-12m,18.0,,,,,,,,,,,,,,,
UNMATCHED RESOURCE,,,,,,,"no line with compatible position/skill, grade and start date in window",PROJ-00001918,,,ATFM Back End Support,Generic Resource 8,Application Performance Monitoring Engineer,Tools Engineer L3 (Observability),rule,MAPPED - level inferred from grade,,8.0,PROJECT_MGMT,Technical-Infrastructure Management-Tools administration-SignalFX;Technical-SignalFX-SignalFX Products-SignalFX Configuration;Technical-Splunk-Splunk Products-S,2027-03-01,2027-04-01,FY27,FY_END_PLAN,Rolling off 7-12m,18.0,,,,,,,,,,,,,,,
UNMATCHED RESOURCE,,,,,,,"no line with compatible position/skill, grade and start date in window",PROJ-00001918,,,ATFM Back End Support,Generic Resource 7,ITSM Tools Engineer,Tools Engineer L2 (Observability),rule,MAPPED - level inferred from grade,,7.0,SERVICE_MGMT,ServiceNow Implementation Specialist - Customer Service Management (CSM) Certification;ServiceNow Certified Implementation Specialist - IT Service Management Ce,2027-03-01,2027-04-01,FY27,FY_END_PLAN,Rolling off 7-12m,18.0,,,,,,,,,,,,,,,
UNMATCHED RESOURCE,,,,,,,"no line with compatible position/skill, grade and start date in window",PROJ-00001918,,,ATFM Back End Support,Generic Resource 8,Technical Architect,Technical Architect,rule,MAPPED,,8.0,CLOUD,Technical-Infrastructure Management-Automation (Infrastructure-as-Code)-Terraform;Technical-Cloud-Cloud operation-Encryption;Technical-Cloud-Cloud operation-Ide,2027-03-01,2027-04-01,FY27,FY_END_PLAN,Rolling off 7-12m,18.0,,,,,,,,,,,,,,,
UNMATCHED RESOURCE,FOR REVIEW - position name unmapped,,,,,,"no line with compatible position/skill, grade and start date in window",PROJ-00001918,,,ATFM Back End Support,Generic Resource 8,IT Service Delivery Ops,UNMAPPED - FOR REVIEW,unmapped,FOR REVIEW,Cloud Engineer L2,8.0,CLOUD,Azure Data Fundamentals;Azure Solutions Architect Expert;Technical-Cloud-Solution Architecture-Security Architecture;Technical-Cloud-Cloud Administration-Azure ,2027-03-01,2027-04-01,FY27,FY_END_PLAN,Rolling off 7-12m,18.0,,,,,,,,,,,,,,,
UNMATCHED RESOURCE,,,,,,,"no line with compatible position/skill, grade and start date in window",PROJ-00001918,,,ATFM Back End Support,Generic Resource 8,APM Delivery Manager,SDM,rule,MAPPED,,8.0,SERVICE_MGMT,Application Performance Monitor,2027-03-01,2027-04-01,FY27,FY_END_PLAN,Rolling off 7-12m,18.0,,,,,,,,,,,,,,,
UNMATCHED RESOURCE,,,,,,,"no line with compatible position/skill, grade and start date in window",PROJ-00001918,,,ATFM Back End Support,Generic Resource 8,Advisory Architect,Technical Architect,rule,MAPPED,,8.0,DATABASE,Technical-AI & ML-GenAI Platform-AI Integration;Technical-Application Development-Frontend Development-React JS;Technical-Application Development-Backend Develo,2027-03-01,2027-04-01,FY27,FY_END_PLAN,Rolling off 7-12m,18.0,,,,,,,,,,,,,,,
UNMATCHED RESOURCE,FOR REVIEW - position name unmapped,,,,,,"no line with compatible position/skill, grade and start date in window",PROJ-00001918,,,ATFM Back End Support,Generic Resource 8,Resource Manager,UNMAPPED - FOR REVIEW,unmapped,FOR REVIEW,IT Service Mgt Engineer,8.0,SERVICE_MGMT,ITIL Foundation Certificate in IT Service Management,2027-03-01,2027-04-01,FY27,FY_END_PLAN,Rolling off 7-12m,18.0,,,,,,,,,,,,,,,
UNMATCHED RESOURCE,,,,,,,"no line with compatible position/skill, grade and start date in window",PROJ-00001918,,,ATFM Back End Support,Generic Resource 5,Change Engineer,IT Service Mgt Engineer,rule,MAPPED,,5.0,SERVICE_MGMT,Technical-Microsoft 365-Office Productivity-Microsoft Outlook;Technical-Microsoft 365-Office Productivity-Microsoft OneDrive;Technical-Network-Network Monitorin,2027-03-01,2027-04-01,FY27,FY_END_PLAN,Rolling off 7-12m,18.0,,,,,,,,,,,,,,,
UNMATCHED RESOURCE,,,,,,,"no line with compatible position/skill, grade and start date in window",PROJ-00001918,,,ATFM Back End Support,Generic Resource 8,IT Security Manager - ATFM,IT Security Mgr,rule,MAPPED,,8.0,SECURITY,ITIL Foundation Certificate in IT Service Management;Technical-Cybersecurity-Advanced Threat Management-Tenable;Technical-Security-Infrastructure Security-Vulne,2027-03-01,2027-04-01,FY27,FY_END_PLAN,Rolling off 7-12m,18.0,,,,,,,,,,,,,,,
UNMATCHED RESOURCE,,,,,,,"no line with compatible position/skill, grade and start date in window",PROJ-00001918,,,ATFM Back End Support,Generic Resource 8,Network Engineer,Network Engineer L3,rule,MAPPED - level inferred from grade,,8.0,NETWORK,Technical-Network-Network Products-Aruba wireless;Technical-Network-Network Security-CheckPoint;Technical-Security-Infrastructure Security-Vulnerability Assessm,2027-03-01,2027-04-01,FY27,FY_END_PLAN,Rolling off 7-12m,18.0,,,,,,,,,,,,,,,
UNMATCHED RESOURCE,,,,,,,"no line with compatible position/skill, grade and start date in window",PROJ-00001918,,,ATFM Back End Support,Generic Resource 3,Incident Manager,SDM,rule,MAPPED,,3.0,SERVICE_MGMT,ITIL Foundation,2027-03-01,2027-04-01,FY27,FY_END_PLAN,Rolling off 7-12m,18.0,,,,,,,,,,,,,,,
UNMATCHED RESOURCE,,,,,,,"no line with compatible position/skill, grade and start date in window",PROJ-00001918,,,ATFM Back End Support,Generic Resource 7,Project Manager,Project Manager,mapping_sheet,MAPPED,,7.0,PROJECT_MGMT,Certified Scrum Product Owner - CSPO;Functional-Development & operation-Project Management-Change Management;Solutions Architect Associate;Certified SAFe 5 Prod,2027-03-01,2027-04-01,FY27,FY_END_PLAN,Rolling off 7-12m,18.0,,,,,,,,,,,,,,,
UNMATCHED RESOURCE,,,,,,,"no line with compatible position/skill, grade and start date in window",PROJ-00001918,,,ATFM Back End Support,Generic 4,System Engineer,Server Engineer L1,rule,MAPPED - level inferred from grade,,4.0,SECURITY,Technical-Cybersecurity-Identity & Access Management-CyberArk PAM;Red Hat Certified Architect (RHCA),2027-03-01,2027-04-01,FY27,FY_END_PLAN,Rolling off 7-12m,18.0,,,,,,,,,,,,,,,
UNMATCHED RESOURCE,,,,,,,"no line with compatible position/skill, grade and start date in window",PROJ-00001918,,,ATFM Back End Support,Generic Resource 7,Response Centre Lead,Service Desk Agent,rule,MAPPED,,7.0,WORKPLACE,Functional-Business Acumen-Leadership skills-Team & People management ;ITIL Foundation;Functional-Development & operation-Service Management-Service Desk Manage,2027-03-01,2027-04-01,FY27,FY_END_PLAN,Rolling off 7-12m,18.0,,,,,,,,,,,,,,,
UNMATCHED RESOURCE,FOR REVIEW - position name unmapped,,,,,,"no line with compatible position/skill, grade and start date in window",PROJ-00001918,,,ATFM Back End Support,Generic Resource 7,Nutanix Engineer,UNMAPPED - FOR REVIEW,unmapped,FOR REVIEW,Server Engineer L2,7.0,INFRA_OS,Nutanix Certified Professional - Multicloud Infrastructure (NCP-MCI);Nutanix Certified Associate (NCA);Technical-Data Center Management-Hyperconverged Infrastru,2027-03-01,2027-04-01,FY27,FY_END_PLAN,Rolling off 7-12m,18.0,,,,,,,,,,,,,,,
UNMATCHED RESOURCE,,,,,,,"no line with compatible position/skill, grade and start date in window",PROJ-00001918,,,ATFM Back End Support,Generic Resource 6,Data analyst,Data Analyst,rule,MAPPED,,6.0,DATA_ANALYTICS,Azure Data Fundamentals;Technical-Data Management-Data Visualization-Power BI;Technical-Microsoft 365-Office Productivity-Microsoft Excel;Technical-Data & Analy,2027-03-01,2027-04-01,FY27,FY_END_PLAN,Rolling off 7-12m,18.0,,,,,,,,,,,,,,,
UNMATCHED RESOURCE,,,,,,,"no line with compatible position/skill, grade and start date in window",PROJ-00001918,,,ATFM Back End Support,Generic Resource 8,Data analyst,Data Analyst,rule,MAPPED,,8.0,WORKPLACE,Technical-Digital Workplace-Collaboration & Productivity-Microsoft Office;Technical-Data & Analytics-Data Governance-Data Quality;Technical-Digital Workplace-Co,2027-03-01,2027-04-01,FY27,FY_END_PLAN,Rolling off 7-12m,18.0,,,,,,,,,,,,,,,
UNMATCHED RESOURCE,,,,,,,"no line with compatible position/skill, grade and start date in window",PROJ-00001918,,,ATFM Back End Support,Generic Resource 6,MIS Lead,Data Analyst,rule,MAPPED,,6.0,DATA_ANALYTICS,MIS Lead,2027-03-01,2027-04-01,FY27,FY_END_PLAN,Rolling off 7-12m,18.0,,,,,,,,,,,,,,,
UNMATCHED RESOURCE,,,,,,,"no line with compatible position/skill, grade and start date in window",PROJ-00001918,,,ATFM Back End Support,Generic Resource 7,Systems Engineer,Server Engineer L2,rule,MAPPED - level inferred from grade,,7.0,NETWORK,Observability Foundation;ITIL Foundation certificate in IT Service Management;Cisco AppDynamics Presales Black Belt;Technical-Network-Network Monitoring-Solarwi,2027-03-01,2027-04-01,FY27,FY_END_PLAN,Rolling off 7-12m,18.0,,,,,,,,,,,,,,,
UNMATCHED RESOURCE,,,,,,,"no line with compatible position/skill, grade and start date in window",PROJ-00001918,,,ATFM Back End Support,Generic Resource 7,System Engineer,Server Engineer L2,rule,MAPPED - level inferred from grade,,7.0,INFRA_OS,Technical-Cloud-Platform as a Service-Internet of Things (IoT);Technical-Data Center Management-Server Virtualization-Microsoft Hyper V;Technical-Data Center Ma,2027-03-01,2027-04-01,FY27,FY_END_PLAN,Rolling off 7-12m,18.0,,,,,,,,,,,,,,,
UNMATCHED RESOURCE,,,,,,,"no line with compatible position/skill, grade and start date in window",PROJ-00001918,,,ATFM Back End Support,Generic Resource 7,System Engineer,Server Engineer L2,rule,MAPPED - level inferred from grade,,7.0,INFRA_OS,Technical Infrastructure Mangement,2027-03-01,2027-04-01,FY27,FY_END_PLAN,Rolling off 7-12m,18.0,,,,,,,,,,,,,,,
UNMATCHED RESOURCE,,,,,,,"no line with compatible position/skill, grade and start date in window",PROJ-00001918,,,ATFM Back End Support,Generic Resource 8,Command Centre Manager,SDM,rule,MAPPED,,8.0,PROJECT_MGMT,Technical-Infrastructure Management-Tools administration-SignalFX;Technical-SignalFX-SignalFX Products-SignalFX Configuration;Technical-Splunk-Splunk Products-S,2027-03-01,2027-04-01,FY27,FY_END_PLAN,Rolling off 7-12m,18.0,,,,,,,,,,,,,,,
UNMATCHED RESOURCE,,,,,,,"no line with compatible position/skill, grade and start date in window",PROJ-00001918,,,ATFM Back End Support,Generic 4,ITSM Engineer,IT Service Mgt Engineer,rule,MAPPED,,4.0,WORKPLACE,Technical-Infrastructure Management-ITSM administration-Manage Engine Service desk Plus;Technical-Microsoft-Microsoft O.S. Management-Microsoft Remote Desktop;T,2027-03-01,2027-04-01,FY27,FY_END_PLAN,Rolling off 7-12m,18.0,,,,,,,,,,,,,,,
UNMATCHED RESOURCE,,,,,,,"no line with compatible position/skill, grade and start date in window",PROJ-00001918,,,ATFM Back End Support,Generic Resource 7,System Engineer,Server Engineer L2,rule,MAPPED - level inferred from grade,,7.0,NETWORK,Cisco Certified Network Professional (CCNP);Cisco Certified Network Associate (CCNA);ITIL Foundation;ACP Cloud Computing (ACPcc);MikroTik Certified Network Asso,2027-03-01,2027-04-01,FY27,FY_END_PLAN,Rolling off 7-12m,18.0,,,,,,,,,,,,,,,
UNMATCHED RESOURCE,,,,,,,"no line with compatible position/skill, grade and start date in window",PROJ-00001918,,,ATFM Back End Support,Generic Resource 6,Systems Engineer,Server Engineer L1,rule,MAPPED - level inferred from grade,,6.0,INFRA_OS,Technical-Data Center Management-Operating System-Linux administration;Technical-Data Center Management-Operating System-Linux - Redhat,2027-03-01,2027-04-01,FY27,FY_END_PLAN,Rolling off 7-12m,18.0,,,,,,,,,,,,,,,
UNMATCHED RESOURCE,,,,,,,"no line with compatible position/skill, grade and start date in window",PROJ-00011847,,LAND TRANSPORT AUTHORITY OF SINGAPORE,[ATFM] Year 8 Renewal [CV] LTA - Professional Support Services (Usage Based),Generic Resource 7,Network Lead,Network Engineer L2,rule,MAPPED - level inferred from grade,,7.0,NETWORK,Technical-Network-Physical Network (L1)-Inventory / Assign-Design;Technical-Network-Network Monitoring-IP SLA;Technical-Network-Network Data Management-Cisco Da,2027-03-01,2027-04-01,FY27,FY_END_PLAN,Rolling off 7-12m,18.0,,,,,,,,,,,,,,,
UNMATCHED RESOURCE,,,,,,,"no line with compatible position/skill, grade and start date in window",PROJ-00011847,,LAND TRANSPORT AUTHORITY OF SINGAPORE,[ATFM] Year 8 Renewal [CV] LTA - Professional Support Services (Usage Based),Generic 4,IT/SR Admin 1,DCOps,rule,MAPPED,,4.0,WORKPLACE,Technical-Microsoft 365-Office Productivity-Microsoft Word;Technical-Microsoft 365-Office Productivity-Microsoft Power Point;Technical-Microsoft 365-Office Prod,2027-03-01,2027-04-01,FY27,FY_END_PLAN,Rolling off 7-12m,18.0,,,,,,,,,,,,,,,
UNMATCHED RESOURCE,,,,,,,"no line with compatible position/skill, grade and start date in window",PROJ-00007228,QL-0000003444,SINGAPORE POLICE FORCE,[ATFM] Year 8 Renewal [CV]_SPF,Generic 4,Wintel L1 - Pavithra,Server Engineer L1,rule,MAPPED,,4.0,CLOUD,ITIL 4 Foundation;Azure Fundamentals,2027-03-01,2027-04-01,FY27,FY_END_PLAN,Rolling off 7-12m,18.0,,,,,,,,,,,,,,,
UNMATCHED RESOURCE,,,,,,,"no line with compatible position/skill, grade and start date in window",PROJ-00007228,QL-0000003444,SINGAPORE POLICE FORCE,[ATFM] Year 8 Renewal [CV]_SPF,Generic Resource 6,NETWORK  7. Evan,Network Engineer L1,rule,MAPPED - level inferred from grade,,6.0,NETWORK,Cisco Certified Network Associate (CCNA);Certified Ethical Hacker;Comp TIA A+;Cisco Certified Network Professional (CCNP);Check Point Certified Security Adminis,2027-03-01,2027-04-01,FY27,FY_END_PLAN,Rolling off 7-12m,18.0,,,,,,,,,,,,,,,
UNMATCHED RESOURCE,,,,,,,"no line with compatible position/skill, grade and start date in window",PROJ-00007228,QL-0000003444,SINGAPORE POLICE FORCE,[ATFM] Year 8 Renewal [CV]_SPF,Generic Resource 5,DC Manager-Agency DC - Chee Yong,SDM,rule,MAPPED,,5.0,INFRA_OS,Technical-Data Center operation-IT operation-System Backup Operation;Technical-Data Center operation-Data Center Infrastructure Monitoring-Environmental Monitor,2027-03-01,2027-04-01,FY27,FY_END_PLAN,Rolling off 7-12m,18.0,,,,,,,,,,,,,,,
UNMATCHED RESOURCE,,,,,,,"no line with compatible position/skill, grade and start date in window",PROJ-00007228,QL-0000003444,SINGAPORE POLICE FORCE,[ATFM] Year 8 Renewal [CV]_SPF,Generic Resource 3,Server Engineer (Extended Support - Night Shift) -1,Server Engineer L1,rule,MAPPED - level inferred from grade,,3.0,INFRA_OS,Technical-Data Center Management-Server Virtualization-VMware ESXi;Technical-Network-Network Monitoring-Solarwinds;Technical-Cloud-Cloud Administration-MS Azure,2027-03-01,2027-04-01,FY27,FY_END_PLAN,Rolling off 7-12m,18.0,,,,,,,,,,,,,,,
UNMATCHED RESOURCE,,,,,,,"no line with compatible position/skill, grade and start date in window",PROJ-00007228,QL-0000003444,SINGAPORE POLICE FORCE,[ATFM] Year 8 Renewal [CV]_SPF,Generic Resource 7,Cloud Engineer,Cloud Engineer L2,rule,MAPPED - level inferred from grade,,7.0,CLOUD,Functional-Development & operation-E-services skills-Understanding of processes ;Technical-Cloud-Observability-Monitoring;Functional-Development & operation-E-s,2027-03-01,2027-04-01,FY27,FY_END_PLAN,Rolling off 7-12m,18.0,,,,,,,,,,,,,,,
UNMATCHED RESOURCE,,,,,,,"no line with compatible position/skill, grade and start date in window",PROJ-00007228,QL-0000003444,SINGAPORE POLICE FORCE,[ATFM] Year 8 Renewal [CV]_SPF,Generic Resource 7,Network Engineer - 2,Network Engineer L2,rule,MAPPED - level inferred from grade,,7.0,NETWORK,Network Engineer,2027-03-01,2027-04-01,FY27,FY_END_PLAN,Rolling off 7-12m,18.0,,,,,,,,,,,,,,,
UNMATCHED RESOURCE,,,,,,,"no line with compatible position/skill, grade and start date in window",PROJ-00007228,QL-0000003444,SINGAPORE POLICE FORCE,[ATFM] Year 8 Renewal [CV]_SPF,Generic Resource 8,Network Engineer L3,Network Engineer L3,rule,MAPPED,,8.0,NETWORK,Network Engineer,2027-03-01,2027-04-01,FY27,FY_END_PLAN,Rolling off 7-12m,18.0,,,,,,,,,,,,,,,
UNMATCHED RESOURCE,,,,,,,"no line with compatible position/skill, grade and start date in window",PROJ-00007233,QL-0000003425,IMMIGRATION & CHECKPOINTS AUTHORITY,[ATFM] Year 8 Renewal [CV]_ICA,Generic Resource 7,NETWORK - L2,Network Engineer L2,rule,MAPPED,,7.0,SECURITY,Functional-Development & operation-Security & Privacy-Information Security;Functional-Business Acumen-Leadership skills-Team & People management ;Functional-Dat,2027-03-01,2027-04-01,FY27,FY_END_PLAN,Rolling off 7-12m,18.0,,,,,,,,,,,,,,,
UNMATCHED RESOURCE,,,,,,,"no line with compatible position/skill, grade and start date in window",PROJ-00007233,QL-0000003425,IMMIGRATION & CHECKPOINTS AUTHORITY,[ATFM] Year 8 Renewal [CV]_ICA,Generic Resource 3,IT ADMIN L2 - 2,DCOps,rule,MAPPED,,3.0,WORKPLACE,Functional-Development & operation-Service Management-Asset Management;Technical-Infrastructure Management-ITSM administration-Jira Service Management;Technical,2027-03-01,2027-04-01,FY27,FY_END_PLAN,Rolling off 7-12m,18.0,,,,,,,,,,,,,,,
UNMATCHED RESOURCE,,,,,,,"no line with compatible position/skill, grade and start date in window",PROJ-00007233,QL-0000003425,IMMIGRATION & CHECKPOINTS AUTHORITY,[ATFM] Year 8 Renewal [CV]_ICA,Generic Resource 6,LINUX / Wintel L2,Server Engineer L2,rule,MAPPED,,6.0,INFRA_OS,Red Hat Certified System Administrator (RHCSA);Technical-Data Center Management-Storage Management-Storage Administration;Technical-Data Center Management-Serve,2027-03-01,2027-04-01,FY27,FY_END_PLAN,Rolling off 7-12m,18.0,,,,,,,,,,,,,,,
UNMATCHED RESOURCE,,,,,,,"no line with compatible position/skill, grade and start date in window",PROJ-00007233,QL-0000003425,IMMIGRATION & CHECKPOINTS AUTHORITY,[ATFM] Year 8 Renewal [CV]_ICA,Generic Resource 7,SDM,SDM,rule,MAPPED,,7.0,CLOUD,Azure Fundamentals;Red Hat Certified Engineer (RHCE),2027-03-01,2027-04-01,FY27,FY_END_PLAN,Rolling off 7-12m,18.0,,,,,,,,,,,,,,,
UNMATCHED RESOURCE,,,,,,,"no line with compatible position/skill, grade and start date in window",PROJ-00007233,QL-0000003425,IMMIGRATION & CHECKPOINTS AUTHORITY,[ATFM] Year 8 Renewal [CV]_ICA,Generic Resource 7,Wintel System Engineer,Server Engineer L2,rule,MAPPED - level inferred from grade,,7.0,INFRA_OS,Functional-Development & operation-Post-Sales Technical Support-Maintenance;Technical-Data Center Management-Server Virtualization-VMware ESXi;Technical-Data Ce,2027-03-01,2027-04-01,FY27,FY_END_PLAN,Rolling off 7-12m,18.0,,,,,,,,,,,,,,,
UNMATCHED RESOURCE,,,,,,,"no line with compatible position/skill, grade and start date in window",PROJ-00007233,QL-0000003425,IMMIGRATION & CHECKPOINTS AUTHORITY,[ATFM] Year 8 Renewal [CV]_ICA,Generic Resource 7,Storage Engineer,Backup/Storage Engineer L2,rule,MAPPED - level inferred from grade,,7.0,INFRA_OS,Technical-Cloud-Storage operation -SAN (Storage Area Network);Solutions Architect Associate;Technical-Data Center operation-IT operation-System Backup Operation,2027-03-01,2027-04-01,FY27,FY_END_PLAN,Rolling off 7-12m,18.0,,,,,,,,,,,,,,,
UNMATCHED RESOURCE,,,,,,,"no line with compatible position/skill, grade and start date in window",PROJ-00007233,QL-0000003425,IMMIGRATION & CHECKPOINTS AUTHORITY,[ATFM] Year 8 Renewal [CV]_ICA,Generic Resource 7,DBA / Linux,DBA L2,rule,MAPPED - level inferred from grade,,7.0,DATABASE,Certified Ethical Hacker;Technical-Data Center Management-Backup Management-EMC NetWorker;Technical-Data Management-Databases-Oracle DB;Technical-Oracle-Oracle ,2027-03-01,2027-04-01,FY27,FY_END_PLAN,Rolling off 7-12m,18.0,,,,,,,,,,,,,,,
UNMATCHED RESOURCE,,,,,,,"no line with compatible position/skill, grade and start date in window",PROJ-00007233,QL-0000003425,IMMIGRATION & CHECKPOINTS AUTHORITY,[ATFM] Year 8 Renewal [CV]_ICA,Generic Resource 6,Wintel System Engineer,Server Engineer L1,rule,MAPPED - level inferred from grade,,6.0,INFRA_OS,Technical-Microsoft-Operating System-Microsoft Windows Server;Technical-Data Center Management-Server Virtualization-VMware ESXi;Technical-Data Center Managemen,2027-03-01,2027-04-01,FY27,FY_END_PLAN,Rolling off 7-12m,18.0,,,,,,,,,,,,,,,
UNMATCHED RESOURCE,,,,,,,"no line with compatible position/skill, grade and start date in window",PROJ-00007233,QL-0000003425,IMMIGRATION & CHECKPOINTS AUTHORITY,[ATFM] Year 8 Renewal [CV]_ICA,Generic Resource 8,Unix Engineer,Server Engineer L2,rule,MAPPED - level inferred from grade,,8.0,INFRA_OS,Technical-Cloud-Analytics Tools-AWS EC2;Technical-Data Center operation-IT operation-ITIL Standards;Technical-Data Center Management-Operating System-Unix;Techn,2027-03-01,2027-04-01,FY27,FY_END_PLAN,Rolling off 7-12m,18.0,,,,,,,,,,,,,,,
UNMATCHED RESOURCE,,,,,,,"no line with compatible position/skill, grade and start date in window",PROJ-00007233,QL-0000003425,IMMIGRATION & CHECKPOINTS AUTHORITY,[ATFM] Year 8 Renewal [CV]_ICA,Generic Resource 7,Wintel System Engineer,Server Engineer L2,rule,MAPPED - level inferred from grade,,7.0,INFRA_OS,Functional-Development & operation-Project Management-Change Management;Technical-Digital Workplace-Persona based config & Experience-SCCM ;Technical-Data Cente,2027-03-01,2027-04-01,FY27,FY_END_PLAN,Rolling off 7-12m,18.0,,,,,,,,,,,,,,,
UNMATCHED RESOURCE,,,,,,,"no line with compatible position/skill, grade and start date in window",PROJ-00007233,QL-0000003425,IMMIGRATION & CHECKPOINTS AUTHORITY,[ATFM] Year 8 Renewal [CV]_ICA,Generic Resource 7,Storage Engineer,Backup/Storage Engineer L2,rule,MAPPED - level inferred from grade,,7.0,INFRA_OS,VMware Certified Professional - Data Center Virtualization (VCP-DCV);VMWARE Foundations;Nutanix Certified Professional - Multicloud Infrastructure (NCP-MCI);Tec,2027-03-01,2027-04-01,FY27,FY_END_PLAN,Rolling off 7-12m,18.0,,,,,,,,,,,,,,,
UNMATCHED RESOURCE,,,,,,,"no line with compatible position/skill, grade and start date in window",PROJ-00007233,QL-0000003425,IMMIGRATION & CHECKPOINTS AUTHORITY,[ATFM] Year 8 Renewal [CV]_ICA,Generic Resource 3,IT ADMIN L2 - 2,DCOps,rule,MAPPED,,3.0,SECURITY,AWS Certified Solutions Architect – Associate;Technical-Network-Standards-Protocols;Functional-Development & operation-Security & Privacy-Information Security;T,2027-03-01,2027-04-01,FY27,FY_END_PLAN,Rolling off 7-12m,18.0,,,,,,,,,,,,,,,
UNMATCHED RESOURCE,,,,,,,"no line with compatible position/skill, grade and start date in window",PROJ-00010844,QL-0000006008,INTELLECTUAL PROPERTY OFFICE OF SINGAPORE,[ATFM] Year 8 Renewal - IPOS - GCC,Generic Resource 7,01. ATFM DBA,DBA L2,rule,MAPPED - level inferred from grade,,7.0,DATABASE,"Cloud DBA, AWS",2027-03-01,2027-04-01,FY27,FY_END_PLAN,Rolling off 7-12m,18.0,,,,,,,,,,,,,,,
UNMATCHED RESOURCE,,,,,,,"no line with compatible position/skill, grade and start date in window",PROJ-00007225,QL-0000003465,MINISTRY OF HOME AFFAIRS,[ATFM] Year 8 Renewal [CV]_MHQ,Generic Resource 6,Network Engineer 6,Network Engineer L1,rule,MAPPED - level inferred from grade,,6.0,NETWORK,Cisco Certified Network Associate (CCNA);Huawei Certified Network Associate (HCNA);Functional-Development & operation-Logistics-Inbound and outbound logistical ,2027-03-01,2027-04-01,FY27,FY_END_PLAN,Rolling off 7-12m,18.0,,,,,,,,,,,,,,,
UNMATCHED RESOURCE,,,,,,,"no line with compatible position/skill, grade and start date in window",PROJ-00006843,QL-0000003408,MINISTRY OF FOREIGN AFFAIRS (MFA),[Non-ATFM]: MFA NON WOGZ Microsoft SAS based support requirements,Generic Resource 7,Cloud Engineer,Cloud Engineer L2,rule,MAPPED - level inferred from grade,,7.0,CLOUD,Azure Administrator Associate;Technical-Cybersecurity-Identity & Access Management-Multi-Factor Authentication (MFA);Technical-Microsoft 365-Office Productivity,2027-03-01,2027-04-01,FY27,FY_END_PLAN,Rolling off 7-12m,18.0,,,,,,,,,,,,,,,
UNMATCHED RESOURCE,,,,,,,"no line with compatible position/skill, grade and start date in window",PROJ-00010897,QL-0000006192,SINGAPORE CIVIL DEFENCE FORCE,SCDF Mobility Services Year8 FY26,Generic Resource 3,Mobile Support Engineer,Mobile/Desktop Engineer,rule,MAPPED,,3.0,PROJECT_MGMT,Technical-Application Development-Backend Development-Python;Technical-Application Development-Security & Authentication-JWT;Technical-Delivery Management-Agile,2027-03-01,2027-04-01,FY27,FY_END_PLAN,Rolling off 7-12m,18.0,,,,,,,,,,,,,,,
UNMATCHED RESOURCE,,,,,,,"no line with compatible position/skill, grade and start date in window",PROJ-00010897,QL-0000006192,SINGAPORE CIVIL DEFENCE FORCE,SCDF Mobility Services Year8 FY26,Generic Resource 7,Mobile Project Lead,Project Manager,rule,MAPPED,,7.0,CLOUD,Technical-Cloud-Compute-Windows OS,2027-03-01,2027-04-01,FY27,FY_END_PLAN,Rolling off 7-12m,18.0,,,,,,,,,,,,,,,
UNMATCHED RESOURCE,,,,,,,"no line with compatible position/skill, grade and start date in window",PROJ-00010897,QL-0000006192,SINGAPORE CIVIL DEFENCE FORCE,SCDF Mobility Services Year8 FY26,Generic Resource 3,Mobile Project Manager,Project Manager,rule,MAPPED,,3.0,SERVICE_MGMT,Functional-Business Acumen-Leadership skills-Team & People management ;Functional-Development & operation-Procurement-Vendor management;Functional-Development &,2027-03-01,2027-04-01,FY27,FY_END_PLAN,Rolling off 7-12m,18.0,,,,,,,,,,,,,,,
UNMATCHED RESOURCE,,,,,,,"no line with compatible position/skill, grade and start date in window",PROJ-00010897,QL-0000006192,SINGAPORE CIVIL DEFENCE FORCE,SCDF Mobility Services Year8 FY26,Generic Resource 3,Mobile Support Engineer,Mobile/Desktop Engineer,rule,MAPPED,,3.0,CLOUD,Functional-Business Acumen-Leadership skills-Team & People management ;Certified Hacking Forensic Investigator Certification (CHFI);Certified Ethical Hacker;Tec,2027-03-01,2027-04-01,FY27,FY_END_PLAN,Rolling off 7-12m,18.0,,,,,,,,,,,,,,,
UNMATCHED RESOURCE,,,,,,,"no line with compatible position/skill, grade and start date in window",PROJ-00007226,QL-0000003446,SINGAPORE PRISON SERVICE,[ATFM] Year 8 Renewal [CV]_SPS,Generic 4,DC Ops - L1 - 6,DCOps,rule,MAPPED,,4.0,NETWORK,;Cisco Certified Network Associate (CCNA),2027-03-01,2027-04-01,FY27,FY_END_PLAN,Rolling off 7-12m,18.0,,,,,,,,,,,,,,,
UNMATCHED RESOURCE,,,,,,,"no line with compatible position/skill, grade and start date in window",PROJ-00007226,QL-0000003446,SINGAPORE PRISON SERVICE,[ATFM] Year 8 Renewal [CV]_SPS,Generic Resource 3,DC Ops - L2 - 1,DCOps,rule,MAPPED,,3.0,SECURITY,Technical-Security-Physical Security-Security Reviews;Digital Transformation & Change Management;Technical-Infrastructure Management-Technical Support-Mainframe,2027-03-01,2027-04-01,FY27,FY_END_PLAN,Rolling off 7-12m,18.0,,,,,,,,,,,,,,,
UNMATCHED RESOURCE,,,,,,,"no line with compatible position/skill, grade and start date in window",PROJ-00007226,QL-0000003446,SINGAPORE PRISON SERVICE,[ATFM] Year 8 Renewal [CV]_SPS,Generic Resource 3,DC Ops - L2,DCOps,rule,MAPPED,,3.0,DATABASE,IBM Agile Explorer;ITIL Foundation Certificate in IT Service Management;Technical-Data & Analytics-Data Mining-Databases and Big Data;Technical-Data Management-,2027-03-01,2027-04-01,FY27,FY_END_PLAN,Rolling off 7-12m,18.0,,,,,,,,,,,,,,,
UNMATCHED RESOURCE,,,,,,,"no line with compatible position/skill, grade and start date in window",PROJ-00007226,QL-0000003446,SINGAPORE PRISON SERVICE,[ATFM] Year 8 Renewal [CV]_SPS,Generic Resource 3,DC Ops - L2 - 1,DCOps,rule,MAPPED,,3.0,INFRA_OS,Technical-Data Center operation-Data Center Cooling system-Air Flow Management;Technical-Data Center operation-Data Center Cooling system-Cooling requirements  ,2027-03-01,2027-04-01,FY27,FY_END_PLAN,Rolling off 7-12m,18.0,,,,,,,,,,,,,,,
UNMATCHED RESOURCE,,,,,,,"no line with compatible position/skill, grade and start date in window",PROJ-00007226,QL-0000003446,SINGAPORE PRISON SERVICE,[ATFM] Year 8 Renewal [CV]_SPS,Generic Resource 6,Network Engineer L2,Network Engineer L2,rule,MAPPED,,6.0,NETWORK,Azure Fundamentals;Technical-Electrical and Electronics system-EE-ELV-EE-CCTV;Technical-Cloud-Network and Content Delivery-Network Firewalls;Technical-Network-N,2027-03-01,2027-04-01,FY27,FY_END_PLAN,Rolling off 7-12m,18.0,,,,,,,,,,,,,,,
UNMATCHED RESOURCE,,,,,,,"no line with compatible position/skill, grade and start date in window",PROJ-00007226,QL-0000003446,SINGAPORE PRISON SERVICE,[ATFM] Year 8 Renewal [CV]_SPS,Generic Resource 3,DC Ops - L1 - 5,DCOps,rule,MAPPED,,3.0,INFRA_OS,Functional-Development & operation-Technology Management-IT Infrastructure,2027-03-01,2027-04-01,FY27,FY_END_PLAN,Rolling off 7-12m,18.0,,,,,,,,,,,,,,,
UNMATCHED RESOURCE,,,,,,,"no line with compatible position/skill, grade and start date in window",PROJ-00007226,QL-0000003446,SINGAPORE PRISON SERVICE,[ATFM] Year 8 Renewal [CV]_SPS,Generic Resource 10,DC Ops - L2 - 1,DCOps,rule,MAPPED,,3.0,INFRA_OS,Technical-Data Center operation-Data Center Infrastructure Monitoring-Environmental Monitoring,2027-03-01,2027-04-01,FY27,FY_END_PLAN,Rolling off 7-12m,18.0,,,,,,,,,,,,,,,
UNMATCHED RESOURCE,,,,,,,"no line with compatible position/skill, grade and start date in window",PROJ-00007226,QL-0000003446,SINGAPORE PRISON SERVICE,[ATFM] Year 8 Renewal [CV]_SPS,Generic Resource 10,DC Ops - L1 - 3,DCOps,rule,MAPPED,,3.0,INFRA_OS,Technical-Data Center operation-Data Center Infrastructure Monitoring-Environmental Monitoring;Technical-Data Center operation-Data Center Infrastructure Monito,2027-03-01,2027-04-01,FY27,FY_END_PLAN,Rolling off 7-12m,18.0,,,,,,,,,,,,,,,
UNMATCHED RESOURCE,,,,,,,"no line with compatible position/skill, grade and start date in window",PROJ-00007226,QL-0000003446,SINGAPORE PRISON SERVICE,[ATFM] Year 8 Renewal [CV]_SPS,Generic Resource 7,Network Engineer 1,Network Engineer L2,rule,MAPPED - level inferred from grade,,7.0,NETWORK,Technical-Network-Network Security-Virtual Private Network (VPN);Cisco Certified Network Associate (CCNA);ITIL Foundation;Technical-Infrastructure Management-Se,2027-03-01,2027-04-01,FY27,FY_END_PLAN,Rolling off 7-12m,18.0,,,,,,,,,,,,,,,
UNMATCHED RESOURCE,,,,,,,"no line with compatible position/skill, grade and start date in window",PROJ-00007226,QL-0000003446,SINGAPORE PRISON SERVICE,[ATFM] Year 8 Renewal [CV]_SPS,Generic Resource 7,System Engineer 2,Server Engineer L2,rule,MAPPED - level inferred from grade,,7.0,INFRA_OS,Technical-Digital Workplace-Persona based config & Experience-SCCM ;Technical-Data Center Management-Server Virtualization-VMware ESXi;Technical-Infrastructure ,2027-03-01,2027-04-01,FY27,FY_END_PLAN,Rolling off 7-12m,18.0,,,,,,,,,,,,,,,
UNMATCHED RESOURCE,,,,,,,"no line with compatible position/skill, grade and start date in window",PROJ-00007226,QL-0000003446,SINGAPORE PRISON SERVICE,[ATFM] Year 8 Renewal [CV]_SPS,Generic Resource 7,Network Engineer 2,Network Engineer L2,rule,MAPPED - level inferred from grade,,7.0,NETWORK,Technical-Cloud-Platform as a Service-Internet of Things (IoT);Technical-Application Development-Programming Language-Python;Technical-Cybersecurity-Advanced Th,2027-03-01,2027-04-01,FY27,FY_END_PLAN,Rolling off 7-12m,18.0,,,,,,,,,,,,,,,
UNMATCHED RESOURCE,,,,,,,"no line with compatible position/skill, grade and start date in window",PROJ-00007232,QL-0000003445,SINGAPORE CIVIL DEFENCE FORCE,SCDF Base Year8 FY26,Generic Resource 7,Wintel Cloud Engineer,Cloud Engineer L2,rule,MAPPED - level inferred from grade,,7.0,CLOUD,"Wintel, Cloud, AD, Backup",2027-03-01,2027-04-01,FY27,FY_END_PLAN,Rolling off 7-12m,18.0,,,,,,,,,,,,,,,
UNMATCHED RESOURCE,,,,,,,"no line with compatible position/skill, grade and start date in window",PROJ-00007232,QL-0000003445,SINGAPORE CIVIL DEFENCE FORCE,SCDF Base Year8 FY26,Generic Resource 7,Server Engineer,Server Engineer L2,rule,MAPPED - level inferred from grade,,7.0,INFRA_OS,VMware Certified Professional - Data Center Virtualization (VCP-DCV);Technical-Cloud-Cloud Administration-AWS-Administration;Technical-Cloud-Cloud Administratio,2027-03-01,2027-04-01,FY27,FY_END_PLAN,Rolling off 7-12m,18.0,,,,,,,,,,,,,,,
UNMATCHED RESOURCE,,,,,,,"no line with compatible position/skill, grade and start date in window",PROJ-00010860,QL-0000005419,SINGAPORE LAND AUTHORITY (SLA),[ATFM] Year 8 Renewal - SLA - TFM,Generic Resource 7,Cloud Engineer L3,Cloud Engineer L3,rule,MAPPED - level kept from name (not in Standard Role sheet),,7.0,CLOUD,Technical-DevOps-Container Management-Kubernetes;Red Hat Certified System Administrator (RHCSA);Technical-Data Center Management-Operating System-Unix;Azure Fun,2027-03-01,2027-04-01,FY27,FY_END_PLAN,Rolling off 7-12m,18.0,,,,,,,,,,,,,,,
UNMATCHED RESOURCE,,,,,,,"no line with compatible position/skill, grade and start date in window",PROJ-00010860,QL-0000005419,SINGAPORE LAND AUTHORITY (SLA),[ATFM] Year 8 Renewal - SLA - TFM,Generic Resource 5,Cloud Engineer L2,Cloud Engineer L2,mapping_sheet,MAPPED,,5.0,CLOUD,Solutions Architect Associate;Technical-Cloud-Observability-Alerting;Technical-Cloud-Storage Management-AWS Data Sync;Technical-Cloud-Analytics Tools-AWS SQS;Te,2027-03-01,2027-04-01,FY27,FY_END_PLAN,Rolling off 7-12m,18.0,,,,,,,,,,,,,,,
UNMATCHED RESOURCE,,,,,,,"no line with compatible position/skill, grade and start date in window",PROJ-00010860,QL-0000005419,SINGAPORE LAND AUTHORITY (SLA),[ATFM] Year 8 Renewal - SLA - TFM,Generic 4,Cloud Wintel Engineer L1,Cloud Engineer L1,rule,MAPPED,,4.0,WORKPLACE,Azure Fundamentals;Technical-Cloud-Compute-Windows OS;Technical-Adobe-Adobe Products-Adobe Reader;Technical-Microsoft 365-Office Productivity-Microsoft Word;Tec,2027-03-01,2027-04-01,FY27,FY_END_PLAN,Rolling off 7-12m,18.0,,,,,,,,,,,,,,,
UNMATCHED RESOURCE,,,,,,,"no line with compatible position/skill, grade and start date in window",PROJ-00010860,QL-0000005419,SINGAPORE LAND AUTHORITY (SLA),[ATFM] Year 8 Renewal - SLA - TFM,Generic 4,Cloud Engineer L1,Cloud Engineer L1,mapping_sheet,MAPPED,,4.0,CLOUD,Functional-Development & operation-Customer Experience-Customer service;Functional-Personal and interpersonal skills-Communication-Verbal Communication;Function,2027-03-01,2027-04-01,FY27,FY_END_PLAN,Rolling off 7-12m,18.0,,,,,,,,,,,,,,,
UNMATCHED RESOURCE,,,,,,,"no line with compatible position/skill, grade and start date in window",PROJ-00010707,QL-0000005957,MINISTRY OF FOREIGN AFFAIRS (MFA),[ATFM] Year 8 Renewal - MFA,Generic Resource 6,07. GCC+ AWS Windows Cloud Engineer,Cloud Engineer L1,rule,MAPPED - level inferred from grade,,6.0,CLOUD,Azure Fundamentals;AWS Certified Solutions Architect – Associate;Cisco Certified Network Associate (CCNA);Comp TIA Network+;Technical-Microsoft-Operating System,2027-03-01,2027-04-01,FY27,FY_END_PLAN,Rolling off 7-12m,18.0,,,,,,,,,,,,,,,
UNMATCHED RESOURCE,,,,,,,"no line with compatible position/skill, grade and start date in window",PROJ-00010707,QL-0000005957,MINISTRY OF FOREIGN AFFAIRS (MFA),[ATFM] Year 8 Renewal - MFA,Generic Resource 7,05. GCC Azure Windows Cloud Engineer #2,Cloud Engineer L2,rule,MAPPED - level inferred from grade,,7.0,CLOUD,Azure Fundamentals;ITIL Foundation;Technical-Cloud-Cloud Security-AWS GuardDuty;Technical-Cloud-Cloud Administration-Azure Redis Cache;Technical-Cloud-WAN/SDWAN,2027-03-01,2027-04-01,FY27,FY_END_PLAN,Rolling off 7-12m,18.0,,,,,,,,,,,,,,,
UNMATCHED RESOURCE,,,,,,,"no line with compatible position/skill, grade and start date in window",PROJ-00007231,QL-0000003468,HOME TEAM SCIENCE AND TECHNOLOGY AGENCY,[ATFM] Year 8 Renewal [CV]_HTX,Generic Resource 8,Network Lead,Network Engineer L3,rule,MAPPED - level inferred from grade,,8.0,NETWORK,Technical-Network-Network Architecture-Campus network;Technical-Network-Network Data Management-Ethernet - Flow Control;Technical-Network-Network Security-Junip,2027-03-01,2027-04-01,FY27,FY_END_PLAN,Rolling off 7-12m,18.0,,,,,,,,,,,,,,,
UNMATCHED RESOURCE,FOR REVIEW - position name unmapped,,,,,,"no line with compatible position/skill, grade and start date in window",PROJ-00010633,QL-0000005960,VITAL.ORG,[ATFM] Year 8 Renewal - Vital,Generic Resource 6,OPENSOURCE,UNMAPPED - FOR REVIEW,unmapped,FOR REVIEW,,6.0,,IT Admin,2027-03-01,2027-04-01,FY27,FY_END_PLAN,Rolling off 7-12m,18.0,,,,,,,,,,,,,,,
UNMATCHED RESOURCE,,,,,,,"no line with compatible position/skill, grade and start date in window",PROJ-00010633,QL-0000005960,VITAL.ORG,[ATFM] Year 8 Renewal - Vital,Generic Resource 7,Day 1 Cloud Engineer,Cloud Engineer L2,rule,MAPPED - level inferred from grade,,7.0,CLOUD,Certified Kubernetes Administrator;Security Specialty;Solutions Architect Professional;ITIL 3 Foundation;Technical-Cloud-Cloud operation-Secret Management - AWS,2027-03-01,2027-04-01,FY27,FY_END_PLAN,Rolling off 7-12m,18.0,,,,,,,,,,,,,,,
UNMATCHED RESOURCE,,,,,,,"no line with compatible position/skill, grade and start date in window",PROJ-00010633,QL-0000005960,VITAL.ORG,[ATFM] Year 8 Renewal - Vital,Generic Resource 8,Service Delivery Manager,SDM,mapping_sheet,MAPPED,,8.0,SERVICE_MGMT,Service Delivery Manager,2027-03-01,2027-04-01,FY27,FY_END_PLAN,Rolling off 7-12m,18.0,,,,,,,,,,,,,,,
UNMATCHED RESOURCE,,,,,,,"no line with compatible position/skill, grade and start date in window",PROJ-00010633,QL-0000005960,VITAL.ORG,[ATFM] Year 8 Renewal - Vital,Generic 4,Cloud Wintel Engineer L1,Cloud Engineer L1,rule,MAPPED,,4.0,CLOUD,Nutanix Certified Associate (NCA),2027-03-01,2027-04-01,FY27,FY_END_PLAN,Rolling off 7-12m,18.0,,,,,,,,,,,,,,,
UNMATCHED RESOURCE,,,,,,,"no line with compatible position/skill, grade and start date in window",PROJ-00010633,QL-0000005960,VITAL.ORG,[ATFM] Year 8 Renewal - Vital,Generic Resource 7,Project Manager,Project Manager,mapping_sheet,MAPPED,,7.0,INFRA_OS,Technical-Data Center Management-Backup Management-ArcServ;Technical-Data Center Management-Backup Management-Acronis Backup;Technical-Data Center Management-Ba,2027-03-01,2027-04-01,FY27,FY_END_PLAN,Rolling off 7-12m,18.0,,,,,,,,,,,,,,,
UNMATCHED RESOURCE,,,,,,,"no line with compatible position/skill, grade and start date in window",PROJ-00010584,QL-0000005408,SINGAPORE FOOD AGENCY,[ATFM] Year 8 Renewal - SFA,Generic Resource 7,Wintel L2 (AFM + TFM) - 1,Server Engineer L2,rule,MAPPED,,7.0,SECURITY,Microsoft Certified Technology Specialist (MCTS);Functional-Development & operation-Project Management-Change Management;Technical-Data Center Management-AD Adm,2027-03-01,2027-04-01,FY27,FY_END_PLAN,Rolling off 7-12m,18.0,,,,,,,,,,,,,,,
UNMATCHED RESOURCE,FOR REVIEW - position name unmapped,,,,,,"no line with compatible position/skill, grade and start date in window",PROJ-00011247,QL-0000005605,"AGENCY FOR SCIENCE, TECHNOLOGY AND RESEARCH",[Non-ATFM] : T/ITSS/11/FY25 - IMPLEMENTATION OF INTEGRATED IT END-USER SUPPORT SERVICES FOR A*STAR,Generic Resource 6,Corp Ops Manager,UNMAPPED - FOR REVIEW,unmapped,FOR REVIEW,Mobile/Desktop Engineer,6.0,WORKPLACE,Functional-Development & operation-Customer Experience-User engagement and feedback;Technical-Microsoft 365-Office Productivity-Microsoft Power Point;Functional,2027-03-01,2027-04-01,FY27,FY_END_PLAN,Rolling off 7-12m,18.0,,,,,,,,,,,,,,,
UNMATCHED RESOURCE,,,,,,,"no line with compatible position/skill, grade and start date in window",PROJ-00011247,QL-0000005605,"AGENCY FOR SCIENCE, TECHNOLOGY AND RESEARCH",[Non-ATFM] : T/ITSS/11/FY25 - IMPLEMENTATION OF INTEGRATED IT END-USER SUPPORT SERVICES FOR A*STAR,Generic 4,Tech Refresh Desktop Engineer 2,Mobile/Desktop Engineer,rule,MAPPED,,4.0,WORKPLACE,Desktop Engineer,2027-03-01,2027-04-01,FY27,FY_END_PLAN,Rolling off 7-12m,18.0,,,,,,,,,,,,,,,
UNMATCHED RESOURCE,,,,,,,"no line with compatible position/skill, grade and start date in window",PROJ-00011247,QL-0000005605,"AGENCY FOR SCIENCE, TECHNOLOGY AND RESEARCH",[Non-ATFM] : T/ITSS/11/FY25 - IMPLEMENTATION OF INTEGRATED IT END-USER SUPPORT SERVICES FOR A*STAR,Generic Resource 7,SDM for SITO/ISO,IT Security Officer,rule,MAPPED,,7.0,SECURITY,Operations Support,2027-03-01,2027-04-01,FY27,FY_END_PLAN,Rolling off 7-12m,18.0,,,,,,,,,,,,,,,
UNMATCHED RESOURCE,,,,,,,"no line with compatible position/skill, grade and start date in window",PROJ-00011247,QL-0000005605,"AGENCY FOR SCIENCE, TECHNOLOGY AND RESEARCH",[Non-ATFM] : T/ITSS/11/FY25 - IMPLEMENTATION OF INTEGRATED IT END-USER SUPPORT SERVICES FOR A*STAR,Generic Resource 7,SITO/ ISO Engineer 15,IT Security Officer,rule,MAPPED,,7.0,SECURITY,SITO/ ISO Engineer,2027-03-01,2027-04-01,FY27,FY_END_PLAN,Rolling off 7-12m,18.0,,,,,,,,,,,,,,,
UNMATCHED RESOURCE,,,,,,,"no line with compatible position/skill, grade and start date in window",PROJ-00011247,QL-0000005605,"AGENCY FOR SCIENCE, TECHNOLOGY AND RESEARCH",[Non-ATFM] : T/ITSS/11/FY25 - IMPLEMENTATION OF INTEGRATED IT END-USER SUPPORT SERVICES FOR A*STAR,Generic Resource 7,SITO/ ISO Engineer 16,IT Security Officer,rule,MAPPED,,7.0,SECURITY,SITO/ ISO Engineer,2027-03-01,2027-04-01,FY27,FY_END_PLAN,Rolling off 7-12m,18.0,,,,,,,,,,,,,,,
UNMATCHED RESOURCE,,,,,,,"no line with compatible position/skill, grade and start date in window",PROJ-00011247,QL-0000005605,"AGENCY FOR SCIENCE, TECHNOLOGY AND RESEARCH",[Non-ATFM] : T/ITSS/11/FY25 - IMPLEMENTATION OF INTEGRATED IT END-USER SUPPORT SERVICES FOR A*STAR,Generic Resource 6,SITO/ ISO Engineer 5,IT Security Officer,rule,MAPPED,,6.0,SECURITY,SITO/ ISO Engineer,2027-03-01,2027-04-01,FY27,FY_END_PLAN,Rolling off 7-12m,18.0,,,,,,,,,,,,,,,
UNMATCHED RESOURCE,,,,,,,"no line with compatible position/skill, grade and start date in window",PROJ-00011247,QL-0000005605,"AGENCY FOR SCIENCE, TECHNOLOGY AND RESEARCH",[Non-ATFM] : T/ITSS/11/FY25 - IMPLEMENTATION OF INTEGRATED IT END-USER SUPPORT SERVICES FOR A*STAR,Generic Resource 6,SITO/ ISO Engineer 8,IT Security Officer,rule,MAPPED,,6.0,SECURITY,SITO/ ISO Engineer,2027-03-01,2027-04-01,FY27,FY_END_PLAN,Rolling off 7-12m,18.0,,,,,,,,,,,,,,,
UNMATCHED RESOURCE,,,,,,,"no line with compatible position/skill, grade and start date in window",PROJ-00011247,QL-0000005605,"AGENCY FOR SCIENCE, TECHNOLOGY AND RESEARCH",[Non-ATFM] : T/ITSS/11/FY25 - IMPLEMENTATION OF INTEGRATED IT END-USER SUPPORT SERVICES FOR A*STAR,Generic Resource 6,SITO/ ISO Engineer 2,IT Security Officer,rule,MAPPED,,6.0,SECURITY,SITO/ ISO Engineer,2027-03-01,2027-04-01,FY27,FY_END_PLAN,Rolling off 7-12m,18.0,,,,,,,,,,,,,,,
UNMATCHED RESOURCE,,,,,,,"no line with compatible position/skill, grade and start date in window",PROJ-00010718,QL-0000005676,MONETARY AUTHORITY OF SINGAPORE,MAS Onboarding Services Year8 FY26,Generic 4,DC Ops,DCOps,rule,MAPPED,,4.0,INFRA_OS,DC Operator,2027-03-01,2027-04-01,FY27,FY_END_PLAN,Rolling off 7-12m,18.0,,,,,,,,,,,,,,,
UNMATCHED RESOURCE,,,,,,,"no line with compatible position/skill, grade and start date in window",PROJ-00010681,QL-0000006005,CIVIL SERVICE COLLEGE,[ATFM] Year 8 Renewal - CSC - TFM,Generic Resource 7,02. Service Delivery Manager (SDM) - Joseph,SDM,rule,MAPPED,,7.0,PROJECT_MGMT,Functional-Language skills-Understand & Speak-Chinese;Functional-Language skills-Read-Chinese;Functional-Language skills-Read-Cantonese;Functional-Development &,2027-03-01,2027-04-01,FY27,FY_END_PLAN,Rolling off 7-12m,18.0,,,,,,,,,,,,,,,
UNMATCHED RESOURCE,,,,,,,"no line with compatible position/skill, grade and start date in window",PROJ-00007234,QL-0000003470,CENTRAL NARCOTICS BUREAU,[ATFM] Year 8 Renewal [CV]_CNB,Generic Resource 8,14. ITSM,IT Service Mgt Engineer,rule,MAPPED,,8.0,SECURITY,"Functional-Development & operation-Governance, Risk & Compliance-Risk Management;Functional-Development & operation-Security Services-Vulnerability Management;T",2027-03-01,2027-04-01,FY27,FY_END_PLAN,Rolling off 7-12m,18.0,,,,,,,,,,,,,,,
UNMATCHED RESOURCE,,,,,,,"no line with compatible position/skill, grade and start date in window",PROJ-00010628,QL-0000005885,"MINISTRY OF CULTURE, COMMUNITY AND YOUTH",[ATFM] Year 8 Renewal - MCCY - TFM,Generic Resource 7,Operation Manager,SDM,mapping_sheet,MAPPED,,7.0,NETWORK,Azure Administrator Associate;Functional-Business Acumen-Leadership skills-Team & People management ;Cisco Certified Network Associate (CCNA);ITIL Foundation;So,2027-03-01,2027-04-01,FY27,FY_END_PLAN,Rolling off 7-12m,18.0,,,,,,,,,,,,,,,
UNMATCHED RESOURCE,,,,,,,"no line with compatible position/skill, grade and start date in window",PROJ-00010628,QL-0000005885,"MINISTRY OF CULTURE, COMMUNITY AND YOUTH",[ATFM] Year 8 Renewal - MCCY - TFM,Generic Resource 6,Cloud Wintel Engineer L2,Cloud Engineer L2,rule,MAPPED,,6.0,CLOUD,Solutions Architect Associate;Technical-Cloud-Cloud Administration-AWS-Administration,2027-03-01,2027-04-01,FY27,FY_END_PLAN,Rolling off 7-12m,18.0,,,,,,,,,,,,,,,
UNMATCHED RESOURCE,,,,,,,"no line with compatible position/skill, grade and start date in window",PROJ-00010628,QL-0000005885,"MINISTRY OF CULTURE, COMMUNITY AND YOUTH",[ATFM] Year 8 Renewal - MCCY - TFM,Generic Resource 5,Cloud Wintel Engineer L2,Cloud Engineer L2,rule,MAPPED,,5.0,CLOUD,Azure Fundamentals;Technical-Cloud-Storage Management-AWS S3;Technical-Cloud-Analytics Tools-AWS EC2;Technical-Cloud-Analytics Tools-AWS SNS;Technical-Cloud-Clo,2027-03-01,2027-04-01,FY27,FY_END_PLAN,Rolling off 7-12m,18.0,,,,,,,,,,,,,,,
UNMATCHED RESOURCE,,,,,,,"no line with compatible position/skill, grade and start date in window",PROJ-00010628,QL-0000005885,"MINISTRY OF CULTURE, COMMUNITY AND YOUTH",[ATFM] Year 8 Renewal - MCCY - TFM,Generic Resource 7,Cloud Linux Engineer L2,Cloud Engineer L2,rule,MAPPED,,7.0,INFRA_OS,Solutions Architect Associate;Technical-Cloud-Compute-Linux OS;Technical-Cloud-Public Cloud Management-Azure Operation Management;Technical-Data Center Manageme,2027-03-01,2027-04-01,FY27,FY_END_PLAN,Rolling off 7-12m,18.0,,,,,,,,,,,,,,,
UNMATCHED RESOURCE,,,,,,,"no line with compatible position/skill, grade and start date in window",PROJ-00010628,QL-0000005885,"MINISTRY OF CULTURE, COMMUNITY AND YOUTH",[ATFM] Year 8 Renewal - MCCY - TFM,Generic Resource 5,Database Administrator L2,DBA L2,rule,MAPPED,,5.0,CLOUD,Advanced Data Analytics Semi-Professional (ADsP);AWS Academy Cloud Computing Architecting;AWS Certified Solutions Architect – Associate;Technical-Data Center Ma,2027-03-01,2027-04-01,FY27,FY_END_PLAN,Rolling off 7-12m,18.0,,,,,,,,,,,,,,,
UNMATCHED RESOURCE,,,,,,,"no line with compatible position/skill, grade and start date in window",PROJ-00011687,QL-0000006559,SINGAPORE FOOD AGENCY,[ATFM] Additional DBA Headcount for JARVIS Project,Generic Resource 7,Database Administrator,DBA L2,rule,MAPPED - level inferred from grade,,7.0,CLOUD,Azure Administrator Associate;Technical-Data Management-Databases-MySQL;Azure Solutions Architect Expert;Database Specialty;Functional-Business Acumen-Leadershi,2027-03-01,2027-04-01,FY27,FY_END_PLAN,Rolling off 7-12m,18.0,,,,,,,,,,,,,,,
UNMATCHED RESOURCE,,,,,,,"no line with compatible position/skill, grade and start date in window",PROJ-00010706,QL-0000005971,OSSC,[ATFM] Year 8 Renewal - Judiciary,Generic Resource 7,41. TFM State Courts Wintel Engineer (HCR2026052101238) - Brandon Ong,Server Engineer L2,rule,MAPPED - level inferred from grade,,7.0,CLOUD,"AWS, Windows",2027-03-01,2027-04-01,FY27,FY_END_PLAN,Rolling off 7-12m,18.0,,,,,,,,,,,,,,,
UNMATCHED RESOURCE,,,,,,,"no line with compatible position/skill, grade and start date in window",PROJ-00010817,QL-0000005978,COMPETITION AND CONSUMER COMMISSION OF SINGAPORE,[ATFM] Year 8 Renewal - CCCS,Generic Resource 6,"Engineer, IT Testing",Tester/QA,rule,MAPPED,,6.0,PROJECT_MGMT,Technical-Testing-API Testing-PostMan;Certified SAFe5 Product Owner/Product Manager;Technical-Testing-Test Automation-Selenium;Solutions Architect Associate;Cer,2027-03-01,2027-04-01,FY27,FY_END_PLAN,Rolling off 7-12m,18.0,,,,,,,,,,,,,,,
UNMATCHED RESOURCE,,,,,,,"no line with compatible position/skill, grade and start date in window",PROJ-00010825,QL-0000006027,YELLOW RIBBON SINGAPORE,[ATFM] Year 8 Renewal - YRSG,Generic Resource 7,Network Engineer,Network Engineer L2,rule,MAPPED - level inferred from grade,,7.0,NETWORK,Cloud Practitioner;Azure Fundamentals;Technical-Cloud-Cloud Administration-AWS-Administration;Technical-Network-Network Data Management-Ethernet - VLAN Tagging;,2027-03-01,2027-04-01,FY27,FY_END_PLAN,Rolling off 7-12m,18.0,,,,,,,,,,,,,,,
UNMATCHED RESOURCE,,,,,,,"no line with compatible position/skill, grade and start date in window",PROJ-00010780,QL-0000006125,INTELLECTUAL PROPERTY OFFICE OF SINGAPORE,[ATFM] Year 8 Renewal - IPOS - AFM - HQ,Generic Resource 7,07. ATFM ITSO (Gandhi Replacement),IT Security Officer,rule,MAPPED,,7.0,SECURITY,Cisco Certified Network Associate (CCNA);Certified Information Systems Security Professional (CISSP);Technical-Digital Workplace-Managed Services operation-Rapi,2027-03-01,2027-04-01,FY27,FY_END_PLAN,Rolling off 7-12m,18.0,,,,,,,,,,,,,,,
UNMATCHED RESOURCE,,,,,,,"no line with compatible position/skill, grade and start date in window",PROJ-00011247,QL-0000005605,"AGENCY FOR SCIENCE, TECHNOLOGY AND RESEARCH",[Non-ATFM] : T/ITSS/11/FY25 - IMPLEMENTATION OF INTEGRATED IT END-USER SUPPORT SERVICES FOR A*STAR,Generic Resource 6,SITO/ ISO Engineer 6,IT Security Officer,rule,MAPPED,,6.0,SECURITY,SITO/ ISO Engineer,2026-11-01,2026-12-01,FY26,CONFIRMED_END,Rolling off 0-6m,18.0,,,,,,,,,,,,,,,
UNMATCHED RESOURCE,,,,,,,"no line with compatible position/skill, grade and start date in window",PROJ-00011247,QL-0000005605,"AGENCY FOR SCIENCE, TECHNOLOGY AND RESEARCH",[Non-ATFM] : T/ITSS/11/FY25 - IMPLEMENTATION OF INTEGRATED IT END-USER SUPPORT SERVICES FOR A*STAR,Generic Resource 6,SITO/ ISO Engineer 1,IT Security Officer,rule,MAPPED,,6.0,SECURITY,SITO/ ISO Engineer,2026-11-01,2026-12-01,FY26,CONFIRMED_END,Rolling off 0-6m,18.0,,,,,,,,,,,,,,,
UNMATCHED RESOURCE,,,,,,,"no line with compatible position/skill, grade and start date in window",PROJ-00011247,QL-0000005605,"AGENCY FOR SCIENCE, TECHNOLOGY AND RESEARCH",[Non-ATFM] : T/ITSS/11/FY25 - IMPLEMENTATION OF INTEGRATED IT END-USER SUPPORT SERVICES FOR A*STAR,Generic Resource 6,SITO/ ISO Engineer 4,IT Security Officer,rule,MAPPED,,6.0,SECURITY,SITO/ ISO Engineer,2026-11-01,2026-12-01,FY26,CONFIRMED_END,Rolling off 0-6m,18.0,,,,,,,,,,,,,,,
UNMATCHED RESOURCE,,,,,,,"no line with compatible position/skill, grade and start date in window",PROJ-00010698,QL-0000005481,ENERGY MARKET AUTHORITY,[ATFM] Year 8 Renewal [CV]_EMA,Generic Resource 7,Linux Engineer,Server Engineer L2,rule,MAPPED - level inferred from grade,,7.0,CLOUD,Technical-Cybersecurity-Application Security -Microsoft Azure Web Application Firewall (WAF);Technical-Cybersecurity-Application Security -Microsoft Azure Appli,2026-11-01,2026-12-01,FY26,CONFIRMED_END,Rolling off 0-6m,18.0,,,,,,,,,,,,,,,
UNMATCHED RESOURCE,,,,,,,"no line with compatible position/skill, grade and start date in window",PROJ-00007228,QL-0000003444,SINGAPORE POLICE FORCE,[ATFM] Year 8 Renewal [CV]_SPF,Generic Resource 5,System Engineer,Server Engineer L1,rule,MAPPED - level inferred from grade,,5.0,CLOUD,Technical-Digital Workplace-Collaboration & Productivity-Workflow Automation Creation - MS Power Automate;Technical-Application Development-API Management-REST ,2027-03-01,2027-04-01,FY27,FY_END_PLAN,Rolling off 7-12m,18.0,,,,,,,,,,,,,,,
UNMATCHED RESOURCE,,,,,,,"no line with compatible position/skill, grade and start date in window",PROJ-00007228,QL-0000003444,SINGAPORE POLICE FORCE,[ATFM] Year 8 Renewal [CV]_SPF,Generic Resource 6,System Engineer,Server Engineer L1,rule,MAPPED - level inferred from grade,,6.0,CLOUD,Solutions Architect Associate;Technical-Mobile App Development-Native-iOS-Platform-Swift;Technical-Mobile App Development-Native-iOS-Platform-Objective-C;Techni,2027-03-01,2027-04-01,FY27,FY_END_PLAN,Rolling off 7-12m,18.0,,,,,,,,,,,,,,,
UNMATCHED RESOURCE,,,,,,,"no line with compatible position/skill, grade and start date in window",PROJ-00010860,QL-0000005419,SINGAPORE LAND AUTHORITY (SLA),[ATFM] Year 8 Renewal - SLA - TFM,Generic Resource 7,Day 1 Cloud Engineer,Cloud Engineer L2,rule,MAPPED - level inferred from grade,,7.0,DATA_ANALYTICS,Certified SCRUM Master;Technical-Delivery Management-Agile team practices-Scrum Framework;Technical-Business Process Automation-Robotic Process Automation (RPA),2027-03-01,2027-04-01,FY27,FY_END_PLAN,Rolling off 7-12m,1.8,,,,,,,,,,,,,,,
UNMATCHED RESOURCE,,,,,,,"no line with compatible position/skill, grade and start date in window",PROJ-00010628,QL-0000005885,"MINISTRY OF CULTURE, COMMUNITY AND YOUTH",[ATFM] Year 8 Renewal - MCCY - TFM,Generic Resource 7,Day 1 Cloud Project Manager,Project Manager,rule,MAPPED,,7.0,DATA_ANALYTICS,Certified SCRUM Master;Technical-Delivery Management-Agile team practices-Scrum Framework;Technical-Business Process Automation-Robotic Process Automation (RPA),2027-03-01,2027-04-01,FY27,FY_END_PLAN,Rolling off 7-12m,1.8,,,,,,,,,,,,,,,
UNMATCHED RESOURCE,,,,,,,"no line with compatible position/skill, grade and start date in window",PROJ-00010639,QL-0000004874,THE ACCOUNTING AND CORPORATE REGULATORY AUTHORITY,[ATFM] Year 8 - GCC and GCC+ Day 2 support [RFQ],Generic Resource 7,System Engineer [HQ ADDN],Server Engineer L2,rule,MAPPED - level inferred from grade,,7.0,INFRA_OS,System Engineer [HQ ADDN],2027-03-01,2027-04-01,FY27,FY_END_PLAN,Rolling off 7-12m,1.8,,,,,,,,,,,,,,,
UNMATCHED RESOURCE,FOR REVIEW - position name unmapped,,,,,,"no line with compatible position/skill, grade and start date in window",PROJ-00003499,,,Generic C&DO Presales,Generic Resource 9,Presales,UNMAPPED - FOR REVIEW,unmapped,FOR REVIEW,IT Security Officer,9.0,SECURITY,Machine Learning Specialty;Solutions Architect Professional;Certified Information Security Manager (CISM);Certified Ethical Hacker;Security Operations Analyst A,2027-03-01,2027-04-01,FY27,FY_END_PLAN,Rolling off 7-12m,5.0,,,,,,,,,,,,,,,
UNMATCHED RESOURCE,,,,,,,"no line with compatible position/skill, grade and start date in window",PROJ-00010590,QL-0000005883,SINGAPORE CIVIL DEFENCE FORCE,SCDF Sharepoint Admin Year8 FY26,Generic Resource 10,Sharepoint Admin,DCOps,rule,MAPPED,,3.0,CLOUD,Azure Fundamentals;Technical-Data Center Management-Operating System-Unix,2027-03-01,2027-04-01,FY27,FY_END_PLAN,Rolling off 7-12m,18.0,,,,,,,,,,,,,,,
UNMATCHED RESOURCE,,,,,,,"no line with compatible position/skill, grade and start date in window",PROJ-00010834,QL-0000006152,NATIONAL COUNCIL OF SOCIAL SERVICES,NCSS Options Year8 FY26 - PSS MDdays,Generic Resource 7,Cloud Wintel,Cloud Engineer L2,rule,MAPPED - level inferred from grade,,7.0,CLOUD,Technical-Cloud-Cloud Administration-MS Azure-Administration;Technical-Digital Workplace-Digital Workplace & Advisory-ITIL Framework;Functional-Business Acumen-,2027-03-01,2027-04-01,FY27,FY_END_PLAN,Rolling off 7-12m,1.8,,,,,,,,,,,,,,,
UNMATCHED RESOURCE,,,,,,,"no line with compatible position/skill, grade and start date in window",PROJ-00001918,,,ATFM Back End Support,Generic 4,ITSM Engineer,IT Service Mgt Engineer,rule,MAPPED,,4.0,SERVICE_MGMT,Functional-Development & operation-Service Management-Incident Management;Functional-Development & operation-Service Management-Service Level Agreement (SLA) Ma,2027-03-01,2027-04-01,FY27,FY_END_PLAN,Rolling off 7-12m,18.5,,,,,,,,,,,,,,,
UNMATCHED RESOURCE,,,,,,,"no line with compatible position/skill, grade and start date in window",PROJ-00007228,QL-0000003444,SINGAPORE POLICE FORCE,[ATFM] Year 8 Renewal [CV]_SPF,Generic 4,Wintel L1 - 1. Nitesh,Server Engineer L1,rule,MAPPED,,4.0,SERVICE_MGMT,Red Hat Certified System Administrator (RHCSA);Red Hat Certified Engineer (RHCE);Technical-Middleware-Integration Platform Administration-Weblogic;ITIL Intermed,2027-03-01,2027-04-01,FY27,FY_END_PLAN,Rolling off 7-12m,18.0,,,,,,,,,,,,,,,
UNMATCHED RESOURCE,,,,,,,"no line with compatible position/skill, grade and start date in window",PROJ-00007228,QL-0000003444,SINGAPORE POLICE FORCE,[ATFM] Year 8 Renewal [CV]_SPF,Generic Resource 8,Network L3-1. Raghu,Network Engineer L3,rule,MAPPED,,8.0,NETWORK,Palo Alto Networks Certified Network Security Engineer (PCNSE);ITIL 4 Foundation;Functional-Business Acumen-Leadership skills-Team & People management ;Cisco Ce,2027-03-01,2027-04-01,FY27,FY_END_PLAN,Rolling off 7-12m,18.0,,,,,,,,,,,,,,,
UNMATCHED RESOURCE,,,,,,,"no line with compatible position/skill, grade and start date in window",PROJ-00007228,QL-0000003444,SINGAPORE POLICE FORCE,[ATFM] Year 8 Renewal [CV]_SPF,Generic Resource 10,DC Ops  - 6,DCOps,rule,MAPPED,,3.0,INFRA_OS,Technical-Data Center operation-Data Center Infrastructure Monitoring-Environmental Monitoring,2027-03-01,2027-04-01,FY27,FY_END_PLAN,Rolling off 7-12m,18.0,,,,,,,,,,,,,,,
UNMATCHED RESOURCE,,,,,,,"no line with compatible position/skill, grade and start date in window",PROJ-00007228,QL-0000003444,SINGAPORE POLICE FORCE,[ATFM] Year 8 Renewal [CV]_SPF,Generic Resource 7,STORAGE - L2-OTE Options - Srinivasan,Backup/Storage Engineer L2,rule,MAPPED,,7.0,INFRA_OS,Technical-Cloud-Storage operation -SAN (Storage Area Network);Commvault Certified Professional 2020;Technical-Data Center Management-Operating System-Unix;Techn,2027-03-01,2027-04-01,FY27,FY_END_PLAN,Rolling off 7-12m,18.0,,,,,,,,,,,,,,,
UNMATCHED RESOURCE,,,,,,,"no line with compatible position/skill, grade and start date in window",PROJ-00007228,QL-0000003444,SINGAPORE POLICE FORCE,[ATFM] Year 8 Renewal [CV]_SPF,Generic Resource 10,DC Ops  - 5,DCOps,rule,MAPPED,,3.0,INFRA_OS,Technical-Data Center Management-AD Administration-MS Active Directory,2027-03-01,2027-04-01,FY27,FY_END_PLAN,Rolling off 7-12m,18.0,,,,,,,,,,,,,,,
UNMATCHED RESOURCE,,,,,,,"no line with compatible position/skill, grade and start date in window",PROJ-00007228,QL-0000003444,SINGAPORE POLICE FORCE,[ATFM] Year 8 Renewal [CV]_SPF,Generic 4,DC Ops - L1-4,DCOps,rule,MAPPED,,4.0,WORKPLACE,Technical-Digital Workplace-Persona based config & Experience-Batch / CMD Scripting,2027-03-01,2027-04-01,FY27,FY_END_PLAN,Rolling off 7-12m,18.0,,,,,,,,,,,,,,,
UNMATCHED RESOURCE,,,,,,,"no line with compatible position/skill, grade and start date in window",PROJ-00007228,QL-0000003444,SINGAPORE POLICE FORCE,[ATFM] Year 8 Renewal [CV]_SPF,Generic Resource 10,DC Ops  - 8,DCOps,rule,MAPPED,,3.0,INFRA_OS,Technical-Data Center operation-Data Center Infrastructure Monitoring-Room Power Distribution Units;Technical-Data Center operation-Data Center Power system-Bas,2027-03-01,2027-04-01,FY27,FY_END_PLAN,Rolling off 7-12m,18.0,,,,,,,,,,,,,,,
UNMATCHED RESOURCE,,,,,,,"no line with compatible position/skill, grade and start date in window",PROJ-00007228,QL-0000003444,SINGAPORE POLICE FORCE,[ATFM] Year 8 Renewal [CV]_SPF,Generic Resource 7,NETWORK  L2-3. Tawseef,Network Engineer L2,rule,MAPPED,,7.0,NETWORK,Functional-Business Acumen-Leadership skills-Team & People management ;Cisco Certified Network Associate (CCNA);Palo Alto Networks Accredited Configuration Engi,2027-03-01,2027-04-01,FY27,FY_END_PLAN,Rolling off 7-12m,18.0,,,,,,,,,,,,,,,
UNMATCHED RESOURCE,,,,,,,"no line with compatible position/skill, grade and start date in window",PROJ-00007228,QL-0000003444,SINGAPORE POLICE FORCE,[ATFM] Year 8 Renewal [CV]_SPF,Generic Resource 7,Unix L2-OTE Options - Ashok,Server Engineer L2,rule,MAPPED,,7.0,INFRA_OS,Red Hat Certified Architect (RHCA);Red Hat Certified Engineer (RHCE),2027-03-01,2027-04-01,FY27,FY_END_PLAN,Rolling off 7-12m,18.0,,,,,,,,,,,,,,,
UNMATCHED RESOURCE,,,,,,,"no line with compatible position/skill, grade and start date in window",PROJ-00007228,QL-0000003444,SINGAPORE POLICE FORCE,[ATFM] Year 8 Renewal [CV]_SPF,Generic Resource 10,IT ADMIN 2 .Hajar,DCOps,rule,MAPPED,,3.0,INFRA_OS,Comp TIA A+,2027-03-01,2027-04-01,FY27,FY_END_PLAN,Rolling off 7-12m,18.0,,,,,,,,,,,,,,,
UNMATCHED RESOURCE,,,,,,,"no line with compatible position/skill, grade and start date in window",PROJ-00007228,QL-0000003444,SINGAPORE POLICE FORCE,[ATFM] Year 8 Renewal [CV]_SPF,Generic 4,DC Ops  - 4,DCOps,rule,MAPPED,,4.0,INFRA_OS,Functional-Development & operation-Workflow and Process Orchestration-Domino and Lotus Script,2027-03-01,2027-04-01,FY27,FY_END_PLAN,Rolling off 7-12m,18.0,,,,,,,,,,,,,,,
UNMATCHED RESOURCE,,,,,,,"no line with compatible position/skill, grade and start date in window",PROJ-00007228,QL-0000003444,SINGAPORE POLICE FORCE,[ATFM] Year 8 Renewal [CV]_SPF,Generic Resource 7,NETWORK  L2-2. Ramarajan,Network Engineer L2,rule,MAPPED,,7.0,NETWORK,"Technical-Network-Logical network (L2, L3)-Virtual LAN (VLAN);Technical-Network-Network Security-Virtual Private Network (VPN);Technical-Network-Physical Networ",2027-03-01,2027-04-01,FY27,FY_END_PLAN,Rolling off 7-12m,18.0,,,,,,,,,,,,,,,
UNMATCHED RESOURCE,,,,,,,"no line with compatible position/skill, grade and start date in window",PROJ-00007228,QL-0000003444,SINGAPORE POLICE FORCE,[ATFM] Year 8 Renewal [CV]_SPF,Generic Resource 7,DBA 3 - Tufail,DBA L2,rule,MAPPED - level inferred from grade,,7.0,DATABASE,Technical-Microsoft-Operating System-Microsoft Windows Server;Technical-Data Center Management-Database Management-MS SQL Administration;ITIL 4 Foundation;Techn,2027-03-01,2027-04-01,FY27,FY_END_PLAN,Rolling off 7-12m,18.0,,,,,,,,,,,,,,,
UNMATCHED RESOURCE,FOR REVIEW - position name unmapped,,,,,,"no line with compatible position/skill, grade and start date in window",PROJ-00007228,QL-0000003444,SINGAPORE POLICE FORCE,[ATFM] Year 8 Renewal [CV]_SPF,Generic Resource 7,DBA3 - 3. Kavinilavu,UNMAPPED - FOR REVIEW,unmapped,FOR REVIEW,IT Security Officer,7.0,SECURITY,Technical-Security-Cloud Security-Encryption;Technical-Network-Network Data Management-Cluster,2027-03-01,2027-04-01,FY27,FY_END_PLAN,Rolling off 7-12m,18.0,,,,,,,,,,,,,,,
UNMATCHED RESOURCE,,,,,,,"no line with compatible position/skill, grade and start date in window",PROJ-00007228,QL-0000003444,SINGAPORE POLICE FORCE,[ATFM] Year 8 Renewal [CV]_SPF,Generic Resource 5,NETWORK - L1 - Azmi,Network Engineer L1,mapping_sheet,MAPPED,,5.0,NETWORK,"Technical-Network-Logical network (L2, L3)-Activation;Cisco Certified Network Associate (CCNA) Introduction to Networks;Cisco Certified Network Associate (CCNA)",2027-03-01,2027-04-01,FY27,FY_END_PLAN,Rolling off 7-12m,18.0,,,,,,,,,,,,,,,
UNMATCHED RESOURCE,,,,,,,"no line with compatible position/skill, grade and start date in window",PROJ-00007228,QL-0000003444,SINGAPORE POLICE FORCE,[ATFM] Year 8 Renewal [CV]_SPF,Generic Resource 7,Wintel L2-OTE Options 2. Praveen,Server Engineer L2,rule,MAPPED,,7.0,INFRA_OS,Functional-Development & operation-Workflow and Process Orchestration-Digital Process Automation;Technical-Infrastructure Management-Tools administration-Micros,2027-03-01,2027-04-01,FY27,FY_END_PLAN,Rolling off 7-12m,18.0,,,,,,,,,,,,,,,
UNMATCHED RESOURCE,,,,,,,"no line with compatible position/skill, grade and start date in window",PROJ-00007228,QL-0000003444,SINGAPORE POLICE FORCE,[ATFM] Year 8 Renewal [CV]_SPF,Generic Resource 7,Wintel L2-OTE Options 1. Keerthi,Server Engineer L2,rule,MAPPED,,7.0,INFRA_OS,Functional-Data-Data & Analytics-Data Science;Simplilearn Data Scientist;Technical-Application Development-Programming Language-Python;Technical-Infrastructure ,2027-03-01,2027-04-01,FY27,FY_END_PLAN,Rolling off 7-12m,18.0,,,,,,,,,,,,,,,
UNMATCHED RESOURCE,,,,,,,"no line with compatible position/skill, grade and start date in window",PROJ-00007228,QL-0000003444,SINGAPORE POLICE FORCE,[ATFM] Year 8 Renewal [CV]_SPF,Generic Resource 10,DC Ops  - 9,DCOps,rule,MAPPED,,3.0,INFRA_OS,Technical-Data Center operation-Data Center Power system-Generators;Technical-Data Center operation-Data Center Infrastructure Monitoring-Uninterruptable Power ,2027-03-01,2027-04-01,FY27,FY_END_PLAN,Rolling off 7-12m,18.0,,,,,,,,,,,,,,,
UNMATCHED RESOURCE,,,,,,,"no line with compatible position/skill, grade and start date in window",PROJ-00007228,QL-0000003444,SINGAPORE POLICE FORCE,[ATFM] Year 8 Renewal [CV]_SPF,Generic Resource 6,NETWORK 6. Chin Wei Jia (William),Network Engineer L1,rule,MAPPED - level inferred from grade,,6.0,SECURITY,Check Point Certified Security Administrator (CCSA);Cisco Certified Network Professional (CCNP),2027-03-01,2027-04-01,FY27,FY_END_PLAN,Rolling off 7-12m,18.0,,,,,,,,,,,,,,,
UNMATCHED RESOURCE,,,,,,,"no line with compatible position/skill, grade and start date in window",PROJ-00007228,QL-0000003444,SINGAPORE POLICE FORCE,[ATFM] Year 8 Renewal [CV]_SPF,Generic Resource 8,NETWORK 8. Brandon,Network Engineer L3,rule,MAPPED - level inferred from grade,,8.0,NETWORK,Cisco Certified Specialist - Enterprise Core;Cisco Certified Network Professional (CCNP) Enterprise;Cisco Certified Specialist - Enterprise Advanced Infrastruct,2027-03-01,2027-04-01,FY27,FY_END_PLAN,Rolling off 7-12m,18.0,,,,,,,,,,,,,,,
UNMATCHED RESOURCE,,,,,,,"no line with compatible position/skill, grade and start date in window",PROJ-00007228,QL-0000003444,SINGAPORE POLICE FORCE,[ATFM] Year 8 Renewal [CV]_SPF,Generic Resource 6,Wintel L2 - 2. Sabir,Server Engineer L2,rule,MAPPED,,6.0,INFRA_OS,ICAgile Certified Professional     ;Functional-Business Acumen-Leadership skills-Team & People management ;Technical-Infrastructure Management-End User Services,2027-03-01,2027-04-01,FY27,FY_END_PLAN,Rolling off 7-12m,18.0,,,,,,,,,,,,,,,
UNMATCHED RESOURCE,,,,,,,"no line with compatible position/skill, grade and start date in window",PROJ-00007228,QL-0000003444,SINGAPORE POLICE FORCE,[ATFM] Year 8 Renewal [CV]_SPF,Generic Resource 10,NETWORK - Azlan,Network Engineer L1,rule,MAPPED - level inferred from grade,,3.0,SECURITY,Technical-Cloud-Compute-Windows OS;Cisco Certified Network Associate (CCNA);Technical-Data Center Management-Operating System-Unix;Azure Fundamentals;Technical-,2027-03-01,2027-04-01,FY27,FY_END_PLAN,Rolling off 7-12m,18.0,,,,,,,,,,,,,,,
UNMATCHED RESOURCE,,,,,,,"no line with compatible position/skill, grade and start date in window",PROJ-00007228,QL-0000003444,SINGAPORE POLICE FORCE,[ATFM] Year 8 Renewal [CV]_SPF,Generic Resource 10,DC Ops  - 7,DCOps,rule,MAPPED,,3.0,INFRA_OS,Technical-Data Center operation-IT operation-System Backup Operation;Technical-Data Center operation-Data Center Power system-Power Configuration;Technical-Data,2027-03-01,2027-04-01,FY27,FY_END_PLAN,Rolling off 7-12m,18.0,,,,,,,,,,,,,,,
UNMATCHED RESOURCE,,,,,,,"no line with compatible position/skill, grade and start date in window",PROJ-00007228,QL-0000003444,SINGAPORE POLICE FORCE,[ATFM] Year 8 Renewal [CV]_SPF,Generic Resource 10,DC Ops  - 3,DCOps,rule,MAPPED,,3.0,INFRA_OS,Technical-Data Center operation-IT operation-System Backup Operation,2027-03-01,2027-04-01,FY27,FY_END_PLAN,Rolling off 7-12m,18.0,,,,,,,,,,,,,,,
UNMATCHED RESOURCE,,,,,,,"no line with compatible position/skill, grade and start date in window",PROJ-00007228,QL-0000003444,SINGAPORE POLICE FORCE,[ATFM] Year 8 Renewal [CV]_SPF,Generic Resource 10,DC Ops - L1-6,DCOps,rule,MAPPED,,3.0,INFRA_OS,Functional-Development & operation-Technology Management-Data Center Management,2027-03-01,2027-04-01,FY27,FY_END_PLAN,Rolling off 7-12m,18.0,,,,,,,,,,,,,,,
UNMATCHED RESOURCE,FOR REVIEW - position name unmapped,,,,,,"no line with compatible position/skill, grade and start date in window",PROJ-00007228,QL-0000003444,SINGAPORE POLICE FORCE,[ATFM] Year 8 Renewal [CV]_SPF,Generic Resource 8,MGR - L1 -Simbu,UNMAPPED - FOR REVIEW,unmapped,FOR REVIEW,Server Engineer L2,8.0,INFRA_OS,Technical-Data Center Management-Operating System-Solaris;IBM Certified Specialist - System p Administration;Technical-Data Center Management-Operating System-U,2027-03-01,2027-04-01,FY27,FY_END_PLAN,Rolling off 7-12m,18.0,,,,,,,,,,,,,,,
UNMATCHED RESOURCE,,,,,,,"no line with compatible position/skill, grade and start date in window",PROJ-00007228,QL-0000003444,SINGAPORE POLICE FORCE,[ATFM] Year 8 Renewal [CV]_SPF,Generic Resource 11,DC Ops  - 10,DCOps,rule,MAPPED,,3.0,INFRA_OS,"Technical-Data Center operation-Infrastructure troubleshooting and Resolution-Server,network, storage troubleshooting & resolution (physical Layer);Technical-Da",2027-03-01,2027-04-01,FY27,FY_END_PLAN,Rolling off 7-12m,18.0,,,,,,,,,,,,,,,
UNMATCHED RESOURCE,,,,,,,"no line with compatible position/skill, grade and start date in window",PROJ-00007228,QL-0000003444,SINGAPORE POLICE FORCE,[ATFM] Year 8 Renewal [CV]_SPF,Generic 4,DC Ops - L1-1,DCOps,rule,MAPPED,,4.0,NETWORK,Alibaba Cloud Certification;Alibaba Cloud Certification;Technical-Network-Network Products-Aruba wireless;Technical-Microsoft 365-Office Productivity-Microsoft ,2027-03-01,2027-04-01,FY27,FY_END_PLAN,Rolling off 7-12m,18.0,,,,,,,,,,,,,,,
UNMATCHED RESOURCE,,,,,,,"no line with compatible position/skill, grade and start date in window",PROJ-00007228,QL-0000003444,SINGAPORE POLICE FORCE,[ATFM] Year 8 Renewal [CV]_SPF,Generic Resource 7,"Network Engineer 2. Logaraj _x000D_
(Ops Support Pending PO) 25 Oct 2024",Network Engineer L2,rule,MAPPED - level inferred from grade,,7.0,CLOUD,Solutions Architect Associate;Cloud Practitioner;ITIL 4 Foundation,2027-03-01,2027-04-01,FY27,FY_END_PLAN,Rolling off 7-12m,18.0,,,,,,,,,,,,,,,
UNMATCHED RESOURCE,,,,,,,"no line with compatible position/skill, grade and start date in window",PROJ-00007228,QL-0000003444,SINGAPORE POLICE FORCE,[ATFM] Year 8 Renewal [CV]_SPF,Generic Resource 5,NETWORK 1.Arfin,Network Engineer L1,rule,MAPPED - level inferred from grade,,5.0,NETWORK,Cisco Certified Network Professional (CCNP),2027-03-01,2027-04-01,FY27,FY_END_PLAN,Rolling off 7-12m,18.0,,,,,,,,,,,,,,,
UNMATCHED RESOURCE,,,,,,,"no line with compatible position/skill, grade and start date in window",PROJ-00007228,QL-0000003444,SINGAPORE POLICE FORCE,[ATFM] Year 8 Renewal [CV]_SPF,Generic Resource 11,IT ADMIN,DCOps,rule,MAPPED,,3.0,DATABASE,Technical-Application Development-Programming Language-Visual Basic;Technical-Microsoft-Microsoft Products-Microsoft SQL Server Management Studio,2027-03-01,2027-04-01,FY27,FY_END_PLAN,Rolling off 7-12m,18.0,,,,,,,,,,,,,,,
UNMATCHED RESOURCE,,,,,,,"no line with compatible position/skill, grade and start date in window",PROJ-00007228,QL-0000003444,SINGAPORE POLICE FORCE,[ATFM] Year 8 Renewal [CV]_SPF,Generic Resource 7,Wintel L2 To be hired  - 3,Server Engineer L2,rule,MAPPED,,7.0,WORKPLACE,Azure Administrator Associate;ITIL 4 Foundation;Technical-Hardware-Computer Hardware-Deployment;Technical-Hardware-Computer Hardware-Repair Servers;Technical-In,2027-03-01,2027-04-01,FY27,FY_END_PLAN,Rolling off 7-12m,18.0,,,,,,,,,,,,,,,
UNMATCHED RESOURCE,,,,,,,"no line with compatible position/skill, grade and start date in window",PROJ-00007228,QL-0000003444,SINGAPORE POLICE FORCE,[ATFM] Year 8 Renewal [CV]_SPF,Generic Resource 7,Wintel L2 To be hired  - 4,Server Engineer L2,rule,MAPPED,,7.0,INFRA_OS,PRINCE2 Foundation Certificate in Project Management;Solutions Architect Associate;Cloud Practitioner;Nutanix Platform Sales Engineer Certification;Functional-D,2027-03-01,2027-04-01,FY27,FY_END_PLAN,Rolling off 7-12m,18.0,,,,,,,,,,,,,,,
UNMATCHED RESOURCE,,,,,,,"no line with compatible position/skill, grade and start date in window",PROJ-00007228,QL-0000003444,SINGAPORE POLICE FORCE,[ATFM] Year 8 Renewal [CV]_SPF,Generic Resource 7,Network Engineer L2 -1,Network Engineer L2,rule,MAPPED,,7.0,NETWORK,VMWARE Foundations;Technical-Data Center Management-AD Administration-MS Active Directory;ITIL Foundation;Cisco Certified Network Professional (CCNP);Palo Alto ,2027-03-01,2027-04-01,FY27,FY_END_PLAN,Rolling off 7-12m,18.0,,,,,,,,,,,,,,,
UNMATCHED RESOURCE,,,,,,,"no line with compatible position/skill, grade and start date in window",PROJ-00007228,QL-0000003444,SINGAPORE POLICE FORCE,[ATFM] Year 8 Renewal [CV]_SPF,Generic Resource 11,DC Ops - L1-2,DCOps,rule,MAPPED,,3.0,NETWORK,Fundamentals of Python programming;ITIL 4 Foundation;IT Certification(WDA)Install &Configure Operating Systems;IT Certification(WDA)Fundamentals of Server;IT Ce,2027-03-01,2027-04-01,FY27,FY_END_PLAN,Rolling off 7-12m,18.0,,,,,,,,,,,,,,,
UNMATCHED RESOURCE,,,,,,,"no line with compatible position/skill, grade and start date in window",PROJ-00007228,QL-0000003444,SINGAPORE POLICE FORCE,[ATFM] Year 8 Renewal [CV]_SPF,Generic Resource 11,Unix Engineer,Server Engineer L1,rule,MAPPED - level inferred from grade,,3.0,INFRA_OS,Technical-Data Center Management-Operating System-Linux - Redhat;Technical-Data Center Management-Operating System-Unix;Certified Security Specialist Certificat,2027-03-01,2027-04-01,FY27,FY_END_PLAN,Rolling off 7-12m,18.0,,,,,,,,,,,,,,,
UNMATCHED RESOURCE,,,,,,,"no line with compatible position/skill, grade and start date in window",PROJ-00007228,QL-0000003444,SINGAPORE POLICE FORCE,[ATFM] Year 8 Renewal [CV]_SPF,Generic Resource 11,Network L1 -(Pol cam suport) 1. Adithya,Network Engineer L1,rule,MAPPED,,3.0,NETWORK,Cisco Certified Network Associate (CCNA);Implementing and Administering Cisco Solutions (CCNA) (SF,2027-03-01,2027-04-01,FY27,FY_END_PLAN,Rolling off 7-12m,18.0,,,,,,,,,,,,,,,
UNMATCHED RESOURCE,,,,,,,"no line with compatible position/skill, grade and start date in window",PROJ-00007228,QL-0000003444,SINGAPORE POLICE FORCE,[ATFM] Year 8 Renewal [CV]_SPF,Generic Resource 8,Service Delivery Director,SDD,rule,MAPPED,,8.0,CLOUD,Certified SCRUM Master;AWS Cloud Foundation;Lean Six Sigma Yellow Belt;ITIL Foundation;Technical-AI & ML-Databases and big data-Amazon AWS;Functional-Business A,2027-03-01,2027-04-01,FY27,FY_END_PLAN,Rolling off 7-12m,6.01,,,,,,,,,,,,,,,
UNMATCHED RESOURCE,,,,,,,"no line with compatible position/skill, grade and start date in window",PROJ-00007228,QL-0000003444,SINGAPORE POLICE FORCE,[ATFM] Year 8 Renewal [CV]_SPF,Generic Resource 7,SECURITY - ITSO - Xian Yong Seow,IT Security Officer,rule,MAPPED,,7.0,SECURITY,Technical-Infrastructure Management-Service Desk - Security operation Center (SOC)-Alert Management;Technical-Cybersecurity-Advanced Threat Management-ArcSight ,2027-03-01,2027-04-01,FY27,FY_END_PLAN,Rolling off 7-12m,18.0,,,,,,,,,,,,,,,
UNMATCHED RESOURCE,,,,,,,"no line with compatible position/skill, grade and start date in window",PROJ-00007228,QL-0000003444,SINGAPORE POLICE FORCE,[ATFM] Year 8 Renewal [CV]_SPF,Generic Resource 7,Cloud Engineer,Cloud Engineer L2,rule,MAPPED - level inferred from grade,,7.0,CLOUD,"Azure Fundamentals;SysOps Administrator Associate;Technical-Cloud-Cloud Administration-AWS-Migration;Technical-Cloud-Cloud Administration-AWS-Transformation, De",2027-03-01,2027-04-01,FY27,FY_END_PLAN,Rolling off 7-12m,18.0,,,,,,,,,,,,,,,
UNMATCHED RESOURCE,,,,,,,"no line with compatible position/skill, grade and start date in window",PROJ-00007228,QL-0000003444,SINGAPORE POLICE FORCE,[ATFM] Year 8 Renewal [CV]_SPF,Generic Resource 7,Senior Cloud Engineer,Cloud Engineer L3,rule,MAPPED - level inferred from title (Senior/Junior),,7.0,CLOUD,Technical-Cloud-Cloud Administration-AWS-Administration;Technical-Cloud-Cloud Administration-MS Azure-Administration;Azure Administrator Associate;AWS Certified,2027-03-01,2027-04-01,FY27,FY_END_PLAN,Rolling off 7-12m,18.0,,,,,,,,,,,,,,,
UNMATCHED RESOURCE,,,,,,,"no line with compatible position/skill, grade and start date in window",PROJ-00007228,QL-0000003444,SINGAPORE POLICE FORCE,[ATFM] Year 8 Renewal [CV]_SPF,Generic Resource 6,Network Engineer,Network Engineer L1,rule,MAPPED - level inferred from grade,,6.0,NETWORK,Cisco Certified Specialist - Enterprise Advanced Infrastructure Implementation;Cisco Certified Network Associate (CCNA);Technical-Microsoft-Microsoft O.S. Manag,2027-03-01,2027-04-01,FY27,FY_END_PLAN,Rolling off 7-12m,18.0,,,,,,,,,,,,,,,
UNMATCHED RESOURCE,,,,,,,"no line with compatible position/skill, grade and start date in window",PROJ-00007228,QL-0000003444,SINGAPORE POLICE FORCE,[ATFM] Year 8 Renewal [CV]_SPF,Generic Resource 6,Cloud Engineer,Cloud Engineer L1,rule,MAPPED - level inferred from grade,,6.0,CLOUD,Functional-Development & operation-E-services skills-Understanding of processes ;Technical-Cloud-Observability-Monitoring;Functional-Development & operation-E-s,2027-03-01,2027-04-01,FY27,FY_END_PLAN,Rolling off 7-12m,18.0,,,,,,,,,,,,,,,
UNMATCHED RESOURCE,,,,,,,"no line with compatible position/skill, grade and start date in window",PROJ-00007228,QL-0000003444,SINGAPORE POLICE FORCE,[ATFM] Year 8 Renewal [CV]_SPF,Generic Resource 7,Database Engineer,DBA L2,rule,MAPPED - level inferred from grade,,7.0,DATABASE,Technical-Data Center Management-Database Management-MS SQL Administration;Technical-Digital Workplace-Persona based config & Experience-Batch / CMD Scripting;T,2027-03-01,2027-04-01,FY27,FY_END_PLAN,Rolling off 7-12m,7.4,,,,,,,,,,,,,,,
UNMATCHED RESOURCE,,,,,,,"no line with compatible position/skill, grade and start date in window",PROJ-00007228,QL-0000003444,SINGAPORE POLICE FORCE,[ATFM] Year 8 Renewal [CV]_SPF,Generic Resource 8,Cloud Architect,Cloud Architect,rule,MAPPED,,8.0,CLOUD,Solutions Architect Professional;AWS Certified Solutions Architect – Associate;Technical-Digital Workplace-Managed Services operation-RIM - Cloud Admin-AWS;Tech,2027-03-01,2027-04-01,FY27,FY_END_PLAN,Rolling off 7-12m,18.0,,,,,,,,,,,,,,,
UNMATCHED RESOURCE,FOR REVIEW - position name unmapped,,,,,,"no line with compatible position/skill, grade and start date in window",PROJ-00007228,QL-0000003444,SINGAPORE POLICE FORCE,[ATFM] Year 8 Renewal [CV]_SPF,Generic Resource 8,DBA2 - 2. Hameed,UNMAPPED - FOR REVIEW,unmapped,FOR REVIEW,DBA L2,8.0,DATABASE,Cisco Certified Network Associate (CCNA);Technical-Cloud-Cloud DB-Oracle DB Operation ;Technical-Oracle-Oracle Products-Oracle Real Application Cluster (RAC),2027-03-01,2027-04-01,FY27,FY_END_PLAN,Rolling off 7-12m,18.0,,,,,,,,,,,,,,,
UNMATCHED RESOURCE,,,,,,,"no line with compatible position/skill, grade and start date in window",PROJ-00007228,QL-0000003444,SINGAPORE POLICE FORCE,[ATFM] Year 8 Renewal [CV]_SPF,Generic 4,Wintel Engineer,Server Engineer L1,rule,MAPPED - level inferred from grade,,4.0,INFRA_OS,"Technical-Data Center operation-IT operation-System Backup Operation;Technical-Data Center operation-Infrastructure Deployments-Rack architecture, diagrams, lay",2027-03-01,2027-04-01,FY27,FY_END_PLAN,Rolling off 7-12m,18.0,,,,,,,,,,,,,,,
UNMATCHED RESOURCE,,,,,,,"no line with compatible position/skill, grade and start date in window",PROJ-00007233,QL-0000003425,IMMIGRATION & CHECKPOINTS AUTHORITY,[ATFM] Year 8 Renewal [CV]_ICA,Generic 4,DC Ops Engineer,DCOps,rule,MAPPED,,4.0,INFRA_OS,Advance Certificate in IT Services;Technical-Microsoft-Operating System-Microsoft Windows 10/11;Technical-Microsoft 365-Office Productivity-Microsoft Excel;Tech,2027-03-01,2027-04-01,FY27,FY_END_PLAN,Rolling off 7-12m,18.0,,,,,,,,,,,,,,,
UNMATCHED RESOURCE,,,,,,,"no line with compatible position/skill, grade and start date in window",PROJ-00007233,QL-0000003425,IMMIGRATION & CHECKPOINTS AUTHORITY,[ATFM] Year 8 Renewal [CV]_ICA,Generic Resource 11,DC Ops Engineer,DCOps,rule,MAPPED,,3.0,SERVICE_MGMT,Functional-Development & operation-Technology Management-Data Center Management;ITIL Service Management;ITIL Foundation,2027-03-01,2027-04-01,FY27,FY_END_PLAN,Rolling off 7-12m,18.0,,,,,,,,,,,,,,,
UNMATCHED RESOURCE,,,,,,,"no line with compatible position/skill, grade and start date in window",PROJ-00007233,QL-0000003425,IMMIGRATION & CHECKPOINTS AUTHORITY,[ATFM] Year 8 Renewal [CV]_ICA,Generic 4,DC Ops Engineer,DCOps,rule,MAPPED,,4.0,INFRA_OS,Functional-Development & operation-Technology Management-Data Center Management,2027-03-01,2027-04-01,FY27,FY_END_PLAN,Rolling off 7-12m,9.0,,,,,,,,,,,,,,,
UNMATCHED RESOURCE,,,,,,,"no line with compatible position/skill, grade and start date in window",PROJ-00007233,QL-0000003425,IMMIGRATION & CHECKPOINTS AUTHORITY,[ATFM] Year 8 Renewal [CV]_ICA,Generic Resource 8,CISO,IT Security Mgr,rule,MAPPED,,8.0,SECURITY,ISACA Certified Information Systems Auditor (CISA);Certified in the Governance of Enterprise IT (CGEIT);Certified in Risk and Information Systems Control (CRISC,2027-03-01,2027-04-01,FY27,FY_END_PLAN,Rolling off 7-12m,3.01,,,,,,,,,,,,,,,
UNMATCHED RESOURCE,,,,,,,"no line with compatible position/skill, grade and start date in window",PROJ-00007233,QL-0000003425,IMMIGRATION & CHECKPOINTS AUTHORITY,[ATFM] Year 8 Renewal [CV]_ICA,Generic Resource 7,Wintel System Engineer,Server Engineer L2,rule,MAPPED - level inferred from grade,,7.0,INFRA_OS,ITIL Foundation;Microsoft Certified Systems Engineer (MCSE);VMware Certified Professional - Data Center Virtualization (VCP-DCV);Certificate Implementing and Ma,2027-03-01,2027-04-01,FY27,FY_END_PLAN,Rolling off 7-12m,18.0,,,,,,,,,,,,,,,
UNMATCHED RESOURCE,,,,,,,"no line with compatible position/skill, grade and start date in window",PROJ-00007233,QL-0000003425,IMMIGRATION & CHECKPOINTS AUTHORITY,[ATFM] Year 8 Renewal [CV]_ICA,Generic Resource 7,DC Manager,SDM,rule,MAPPED,,7.0,INFRA_OS,Technical-Data Center operation-Capacity Management-Space/Power/Cooling Optimization;Technical-Data Center operation-Capacity Management-Space/Power/Cooling Uti,2027-03-01,2027-04-01,FY27,FY_END_PLAN,Rolling off 7-12m,18.0,,,,,,,,,,,,,,,
UNMATCHED RESOURCE,,,,,,,"no line with compatible position/skill, grade and start date in window",PROJ-00007233,QL-0000003425,IMMIGRATION & CHECKPOINTS AUTHORITY,[ATFM] Year 8 Renewal [CV]_ICA,Generic Resource 6,Wintel System Engineer,Server Engineer L1,rule,MAPPED - level inferred from grade,,6.0,INFRA_OS,Microsoft Certified Professional (MCP);Technical-Data Center Management-Operating System-Windows Server;Technical-Data Center Management-AD Administration-MS Ac,2027-03-01,2027-04-01,FY27,FY_END_PLAN,Rolling off 7-12m,18.0,,,,,,,,,,,,,,,
UNMATCHED RESOURCE,,,,,,,"no line with compatible position/skill, grade and start date in window",PROJ-00007233,QL-0000003425,IMMIGRATION & CHECKPOINTS AUTHORITY,[ATFM] Year 8 Renewal [CV]_ICA,Generic Resource 11,DC Ops Engineer,DCOps,rule,MAPPED,,3.0,INFRA_OS,Technical-Application Development-Web Development-Web Programming;Technical-Data Center operation-Data Center Infrastructure Monitoring-Rack Power Distribution ,2027-03-01,2027-04-01,FY27,FY_END_PLAN,Rolling off 7-12m,18.0,,,,,,,,,,,,,,,
UNMATCHED RESOURCE,,,,,,,"no line with compatible position/skill, grade and start date in window",PROJ-00007233,QL-0000003425,IMMIGRATION & CHECKPOINTS AUTHORITY,[ATFM] Year 8 Renewal [CV]_ICA,Generic 4,DC Ops Engineer,DCOps,rule,MAPPED,,4.0,WORKPLACE,Technical-Hardware-Mechanical Engineering-Technical Writing;Technical-Hardware-Computer Hardware-Hardware Installation;Technical-Data Center operation-Infrastru,2027-03-01,2027-04-01,FY27,FY_END_PLAN,Rolling off 7-12m,18.0,,,,,,,,,,,,,,,
UNMATCHED RESOURCE,,,,,,,"no line with compatible position/skill, grade and start date in window",PROJ-00007233,QL-0000003425,IMMIGRATION & CHECKPOINTS AUTHORITY,[ATFM] Year 8 Renewal [CV]_ICA,Generic Resource 5,DC Ops Engineer,DCOps,rule,MAPPED,,5.0,INFRA_OS,EXIN EPI Certified Data Center Professional;Functional-Development & operation-Procurement-Vendor management;ITIL 3 Foundation;Technical-Digital Workplace-Perso,2027-03-01,2027-04-01,FY27,FY_END_PLAN,Rolling off 7-12m,18.0,,,,,,,,,,,,,,,
UNMATCHED RESOURCE,,,,,,,"no line with compatible position/skill, grade and start date in window",PROJ-00007233,QL-0000003425,IMMIGRATION & CHECKPOINTS AUTHORITY,[ATFM] Year 8 Renewal [CV]_ICA,Generic Resource 11,DC Ops Engineer,DCOps,rule,MAPPED,,3.0,INFRA_OS,Microsoft Office Specialist: Excel (Office 2016);Technical-Data Center operation-Data Center Infrastructure Monitoring-Environmental Monitoring,2027-03-01,2027-04-01,FY27,FY_END_PLAN,Rolling off 7-12m,18.0,,,,,,,,,,,,,,,
UNMATCHED RESOURCE,,,,,,,"no line with compatible position/skill, grade and start date in window",PROJ-00007233,QL-0000003425,IMMIGRATION & CHECKPOINTS AUTHORITY,[ATFM] Year 8 Renewal [CV]_ICA,Generic Resource 11,DC Ops Engineer,DCOps,rule,MAPPED,,3.0,INFRA_OS,Functional-Language skills-Write-Malay;Functional-Language skills-Write-English;Functional-Language skills-Write-Bahasa Indonesia;Functional-Language skills-Und,2027-03-01,2027-04-01,FY27,FY_END_PLAN,Rolling off 7-12m,18.0,,,,,,,,,,,,,,,
UNMATCHED RESOURCE,,,,,,,"no line with compatible position/skill, grade and start date in window",PROJ-00007233,QL-0000003425,IMMIGRATION & CHECKPOINTS AUTHORITY,[ATFM] Year 8 Renewal [CV]_ICA,Generic Resource 11,DC Ops Engineer,DCOps,rule,MAPPED,,3.0,INFRA_OS,Advance Certificate in IT Services;Technical-Data Center operation-Data Center Infrastructure Monitoring-Environmental Monitoring,2027-03-01,2027-04-01,FY27,FY_END_PLAN,Rolling off 7-12m,18.0,,,,,,,,,,,,,,,
UNMATCHED RESOURCE,,,,,,,"no line with compatible position/skill, grade and start date in window",PROJ-00007233,QL-0000003425,IMMIGRATION & CHECKPOINTS AUTHORITY,[ATFM] Year 8 Renewal [CV]_ICA,Generic Resource 11,DC Ops Engineer,DCOps,rule,MAPPED,,3.0,WORKPLACE,Technical-Microsoft-Operating System-Microsoft Windows Server;Technical-Microsoft 365-Office Productivity-Microsoft Power Point;Technical-Microsoft-Operating Sy,2027-03-01,2027-04-01,FY27,FY_END_PLAN,Rolling off 7-12m,18.0,,,,,,,,,,,,,,,
UNMATCHED RESOURCE,,,,,,,"no line with compatible position/skill, grade and start date in window",PROJ-00007233,QL-0000003425,IMMIGRATION & CHECKPOINTS AUTHORITY,[ATFM] Year 8 Renewal [CV]_ICA,Generic Resource 11,DC Ops Engineer,DCOps,rule,MAPPED,,3.0,INFRA_OS,"Microsoft Certified Technology Specialist (MCTS): Windows Server 2008 Active Directory, Configuration;Microsoft Certified Technology Specialist (MCTS): Windows ",2027-03-01,2027-04-01,FY27,FY_END_PLAN,Rolling off 7-12m,18.0,,,,,,,,,,,,,,,
UNMATCHED RESOURCE,,,,,,,"no line with compatible position/skill, grade and start date in window",PROJ-00007233,QL-0000003425,IMMIGRATION & CHECKPOINTS AUTHORITY,[ATFM] Year 8 Renewal [CV]_ICA,Generic Resource 11,DC Ops Engineer,DCOps,rule,MAPPED,,3.0,WORKPLACE,Functional-Language skills-Understand & Speak-Malay;Technical-Hardware-Computer Hardware-Imaging;Technical-Hardware-Computer Hardware-Desktop & Laptop Troublesh,2027-03-01,2027-04-01,FY27,FY_END_PLAN,Rolling off 7-12m,18.0,,,,,,,,,,,,,,,
UNMATCHED RESOURCE,,,,,,,"no line with compatible position/skill, grade and start date in window",PROJ-00007233,QL-0000003425,IMMIGRATION & CHECKPOINTS AUTHORITY,[ATFM] Year 8 Renewal [CV]_ICA,Generic Resource 11,DC Ops Engineer,DCOps,rule,MAPPED,,3.0,WORKPLACE,Technical-Microsoft 365-Office Productivity-Microsoft Excel;Technical-Microsoft 365-Office Productivity-Microsoft Power Point;Technical-Microsoft 365-Office Pro,2027-03-01,2027-04-01,FY27,FY_END_PLAN,Rolling off 7-12m,18.0,,,,,,,,,,,,,,,
UNMATCHED RESOURCE,,,,,,,"no line with compatible position/skill, grade and start date in window",PROJ-00007233,QL-0000003425,IMMIGRATION & CHECKPOINTS AUTHORITY,[ATFM] Year 8 Renewal [CV]_ICA,Generic Resource 11,DC Ops Engineer,DCOps,rule,MAPPED,,3.0,INFRA_OS,IT Certification(WDA)Support & Maintain IT infrastructure;IT Certification(WDA)Customer Service & interpersonal skills for IT helpdesk;Technical-Data Center Man,2027-03-01,2027-04-01,FY27,FY_END_PLAN,Rolling off 7-12m,18.0,,,,,,,,,,,,,,,
UNMATCHED RESOURCE,,,,,,,"no line with compatible position/skill, grade and start date in window",PROJ-00007233,QL-0000003425,IMMIGRATION & CHECKPOINTS AUTHORITY,[ATFM] Year 8 Renewal [CV]_ICA,Generic Resource 11,DC Ops Engineer,DCOps,rule,MAPPED,,3.0,WORKPLACE,Technical-Hardware-Industrial Control system-PLC Programming;Technical-Hardware-Mechanical Engineering-Mechatronics;Technical-Electrical and Electronics system-,2027-03-01,2027-04-01,FY27,FY_END_PLAN,Rolling off 7-12m,18.0,,,,,,,,,,,,,,,
UNMATCHED RESOURCE,,,,,,,"no line with compatible position/skill, grade and start date in window",PROJ-00007233,QL-0000003425,IMMIGRATION & CHECKPOINTS AUTHORITY,[ATFM] Year 8 Renewal [CV]_ICA,Generic 4,DC Ops Engineer,DCOps,rule,MAPPED,,4.0,INFRA_OS,Avaya Aura Call Center Elite Support;ITIL 3 Foundation;Technical-Data Center operation-Data Center Infrastructure Monitoring-Environmental Monitoring;IBM DB2 fo,2027-03-01,2027-04-01,FY27,FY_END_PLAN,Rolling off 7-12m,18.0,,,,,,,,,,,,,,,
UNMATCHED RESOURCE,,,,,,,"no line with compatible position/skill, grade and start date in window",PROJ-00007233,QL-0000003425,IMMIGRATION & CHECKPOINTS AUTHORITY,[ATFM] Year 8 Renewal [CV]_ICA,Generic 4,DC Ops Engineer,DCOps,rule,MAPPED,,4.0,INFRA_OS,Functional-Personal and interpersonal skills-Communication-Listening;Functional-Language skills-Read-Chinese;Functional-Language skills-Read-English;Technical-I,2027-03-01,2027-04-01,FY27,FY_END_PLAN,Rolling off 7-12m,18.0,,,,,,,,,,,,,,,
UNMATCHED RESOURCE,,,,,,,"no line with compatible position/skill, grade and start date in window",PROJ-00007233,QL-0000003425,IMMIGRATION & CHECKPOINTS AUTHORITY,[ATFM] Year 8 Renewal [CV]_ICA,Generic 4,DC Ops Engineer,DCOps,rule,MAPPED,,4.0,INFRA_OS,Technical-Infrastructure Management-Provisioning and Management-Data Center,2027-03-01,2027-04-01,FY27,FY_END_PLAN,Rolling off 7-12m,18.0,,,,,,,,,,,,,,,
UNMATCHED RESOURCE,,,,,,,"no line with compatible position/skill, grade and start date in window",PROJ-00007233,QL-0000003425,IMMIGRATION & CHECKPOINTS AUTHORITY,[ATFM] Year 8 Renewal [CV]_ICA,Generic 4,DC Ops Engineer,DCOps,rule,MAPPED,,4.0,INFRA_OS,Advance Certificate in IT Services;Technical-Data Center operation-Data Center Infrastructure Monitoring-Environmental Monitoring,2027-03-01,2027-04-01,FY27,FY_END_PLAN,Rolling off 7-12m,18.0,,,,,,,,,,,,,,,
UNMATCHED RESOURCE,,,,,,,"no line with compatible position/skill, grade and start date in window",PROJ-00007233,QL-0000003425,IMMIGRATION & CHECKPOINTS AUTHORITY,[ATFM] Year 8 Renewal [CV]_ICA,Generic Resource 12,DC Ops Engineer,DCOps,rule,MAPPED,,3.0,SERVICE_MGMT,ITIL 3 Service Management;Functional-Language skills-Understand & Speak-English;Functional-Language skills-Write-English;Functional-Language skills-Read-English,2027-03-01,2027-04-01,FY27,FY_END_PLAN,Rolling off 7-12m,18.0,,,,,,,,,,,,,,,
UNMATCHED RESOURCE,,,,,,,"no line with compatible position/skill, grade and start date in window",PROJ-00007233,QL-0000003425,IMMIGRATION & CHECKPOINTS AUTHORITY,[ATFM] Year 8 Renewal [CV]_ICA,Generic Resource 12,DC Ops Engineer,DCOps,rule,MAPPED,,3.0,INFRA_OS,Functional-Data-Data & Analytics-Data Management;Technical-Cloud-Compute-Windows OS;Technical-Infrastructure Management-End User Services-VMware;Functional-Lang,2027-03-01,2027-04-01,FY27,FY_END_PLAN,Rolling off 7-12m,18.0,,,,,,,,,,,,,,,
UNMATCHED RESOURCE,,,,,,,"no line with compatible position/skill, grade and start date in window",PROJ-00007233,QL-0000003425,IMMIGRATION & CHECKPOINTS AUTHORITY,[ATFM] Year 8 Renewal [CV]_ICA,Generic Resource 12,DC Ops Engineer,DCOps,rule,MAPPED,,3.0,INFRA_OS,Functional-Language skills-Understand & Speak-English;Functional-Language skills-Read-English;Functional-Language skills-Understand & Speak-Chinese;Functional-L,2027-03-01,2027-04-01,FY27,FY_END_PLAN,Rolling off 7-12m,18.0,,,,,,,,,,,,,,,
UNMATCHED RESOURCE,,,,,,,"no line with compatible position/skill, grade and start date in window",PROJ-00007233,QL-0000003425,IMMIGRATION & CHECKPOINTS AUTHORITY,[ATFM] Year 8 Renewal [CV]_ICA,Generic 4,DC Ops Engineer,DCOps,rule,MAPPED,,4.0,INFRA_OS,Technical-Cloud-Compute-Windows OS;Technical-Infrastructure Management-ITSM administration-ServiceNow ITSM;Technical-Data Center operation-Data Center Cooling s,2027-03-01,2027-04-01,FY27,FY_END_PLAN,Rolling off 7-12m,18.0,,,,,,,,,,,,,,,
UNMATCHED RESOURCE,,,,,,,"no line with compatible position/skill, grade and start date in window",PROJ-00007233,QL-0000003425,IMMIGRATION & CHECKPOINTS AUTHORITY,[ATFM] Year 8 Renewal [CV]_ICA,Generic 4,DC Ops Engineer,DCOps,rule,MAPPED,,4.0,INFRA_OS,Linux Essentials;IBM Certified System Administrator - Lotus Notes and Domino;Microsoft Office Specialist: Outlook 2013;Technical-Data Center operation-Data Cent,2027-03-01,2027-04-01,FY27,FY_END_PLAN,Rolling off 7-12m,18.0,,,,,,,,,,,,,,,
UNMATCHED RESOURCE,,,,,,,"no line with compatible position/skill, grade and start date in window",PROJ-00007233,QL-0000003425,IMMIGRATION & CHECKPOINTS AUTHORITY,[ATFM] Year 8 Renewal [CV]_ICA,Generic Resource 12,DC Ops Engineer,DCOps,rule,MAPPED,,3.0,INFRA_OS,Functional-Development & operation-Customer Experience-Customer service;Functional-Language skills-Read-Chinese;Functional-Language skills-Understand & Speak-Ch,2027-03-01,2027-04-01,FY27,FY_END_PLAN,Rolling off 7-12m,18.0,,,,,,,,,,,,,,,
UNMATCHED RESOURCE,FOR REVIEW - position name unmapped,,,,,,"no line with compatible position/skill, grade and start date in window",PROJ-00007233,QL-0000003425,IMMIGRATION & CHECKPOINTS AUTHORITY,[ATFM] Year 8 Renewal [CV]_ICA,Generic Resource 5,Operation Mgmt,UNMAPPED - FOR REVIEW,unmapped,FOR REVIEW,Project Manager,5.0,PROJECT_MGMT,Technical-Cloud-Data Visualization-AWS Quicksight;Functional-Development & operation-Project Management-Scope Management;Technical-AI & ML-Machine Learning-AWS ,2027-03-01,2027-04-01,FY27,FY_END_PLAN,Rolling off 7-12m,18.0,,,,,,,,,,,,,,,
UNMATCHED RESOURCE,,,,,,,"no line with compatible position/skill, grade and start date in window",PROJ-00010844,QL-0000006008,INTELLECTUAL PROPERTY OFFICE OF SINGAPORE,[ATFM] Year 8 Renewal - IPOS - GCC,Generic Resource 7,02. TFM GCC Linux Engineer #1,Cloud Engineer L2,rule,MAPPED - level inferred from grade,,7.0,CLOUD,Red Hat Certified Engineer (RHCE);Linux Professional LPIC-3 High Availability and Storage Clusters;Certified Kubernetes Administrator;Sun Certified System Admin,2027-03-01,2027-04-01,FY27,FY_END_PLAN,Rolling off 7-12m,18.0,,,,,,,,,,,,,,,
UNMATCHED RESOURCE,,,,,,,"no line with compatible position/skill, grade and start date in window",PROJ-00010734,QL-0000006000,MAJLIS UGAMA ISLAM SINGAPURA,[ATFM] Year 8 Renewal - MUIS - AFM,Generic Resource 5,NETWORK - L2,Network Engineer L2,rule,MAPPED,,5.0,NETWORK,Technical-Cloud-Compute-Windows OS;Cisco Certified Network Associate (CCNA);Technical-Network-Network Security-Aruba Clearpass;Technical-Network-Network Product,2027-03-01,2027-04-01,FY27,FY_END_PLAN,Rolling off 7-12m,9.0,,,,,,,,,,,,,,,
UNMATCHED RESOURCE,,,,,,,"no line with compatible position/skill, grade and start date in window",PROJ-00010734,QL-0000006000,MAJLIS UGAMA ISLAM SINGAPURA,[ATFM] Year 8 Renewal - MUIS - AFM,Generic Resource 6,WINTEL - L2,Server Engineer L2,rule,MAPPED,,6.0,INFRA_OS,Microsoft Certified Solutions Associate (MCSA): Windows Server 2012;Splunk Enterprise 8.1 System Administration;Certified Ethical Hacker;Administering Windows S,2027-03-01,2027-04-01,FY27,FY_END_PLAN,Rolling off 7-12m,9.0,,,,,,,,,,,,,,,
UNMATCHED RESOURCE,,,,,,,"no line with compatible position/skill, grade and start date in window",PROJ-00010860,QL-0000005419,SINGAPORE LAND AUTHORITY (SLA),[ATFM] Year 8 Renewal - SLA - TFM,Generic Resource 8,Cloud Engineer L3,Cloud Engineer L3,rule,MAPPED - level kept from name (not in Standard Role sheet),,8.0,CLOUD,Functional-Development & operation-Application Architecture-Continuous Deployment;Technical-Cloud Native Platform-DevOps Tools Development-Jira;Technical-Cloud ,2027-03-01,2027-04-01,FY27,FY_END_PLAN,Rolling off 7-12m,18.0,,,,,,,,,,,,,,,
UNMATCHED RESOURCE,,,,,,,"no line with compatible position/skill, grade and start date in window",PROJ-00010860,QL-0000005419,SINGAPORE LAND AUTHORITY (SLA),[ATFM] Year 8 Renewal - SLA - TFM,Generic Resource 7,Day 1 Cloud Manager,Cloud Engineer L2,rule,MAPPED - level inferred from grade,,7.0,CLOUD,Technical-Cloud-Cloud Administration-MS Azure-Administration;Technical-Digital Workplace-Digital Workplace & Advisory-ITIL Framework;Functional-Business Acumen-,2027-03-01,2027-04-01,FY27,FY_END_PLAN,Rolling off 7-12m,1.8,,,,,,,,,,,,,,,
UNMATCHED RESOURCE,,,,,,,"no line with compatible position/skill, grade and start date in window",PROJ-00010674,QL-0000006001,MINISTRY OF SUSTAINABILITY AND THE ENVIRONMENT,[ATFM] Year 8 Renewal - MSE,Generic Resource 7,Cloud Shared Service Manager [HQ ADDN],SDM,rule,MAPPED,,7.0,CLOUD,Cloud Shared Service Manager [HQ ADDN],2027-03-01,2027-04-01,FY27,FY_END_PLAN,Rolling off 7-12m,1.8,,,,,,,,,,,,,,,
UNMATCHED RESOURCE,,,,,,,"no line with compatible position/skill, grade and start date in window",PROJ-00010674,QL-0000006001,MINISTRY OF SUSTAINABILITY AND THE ENVIRONMENT,[ATFM] Year 8 Renewal - MSE,Generic Resource 5,Network Engineer [BAU],Network Engineer L1,rule,MAPPED - level inferred from grade,,5.0,NETWORK,Network Engineer [BAU],2027-03-01,2027-04-01,FY27,FY_END_PLAN,Rolling off 7-12m,9.0,,,,,,,,,,,,,,,
UNMATCHED RESOURCE,,,,,,,"no line with compatible position/skill, grade and start date in window",PROJ-00010674,QL-0000006001,MINISTRY OF SUSTAINABILITY AND THE ENVIRONMENT,[ATFM] Year 8 Renewal - MSE,Generic Resource 8,System Engineer [HQ ADDN],Server Engineer L2,rule,MAPPED - level inferred from grade,,8.0,INFRA_OS,System Engineer [HQ ADDN],2027-03-01,2027-04-01,FY27,FY_END_PLAN,Rolling off 7-12m,1.8,,,,,,,,,,,,,,,
UNMATCHED RESOURCE,FOR REVIEW - position name unmapped,,,,,,"no line with compatible position/skill, grade and start date in window",PROJ-00010674,QL-0000006001,MINISTRY OF SUSTAINABILITY AND THE ENVIRONMENT,[ATFM] Year 8 Renewal - MSE,Generic Resource 7,SharePoint Engineer [ADDN REQN],UNMAPPED - FOR REVIEW,unmapped,FOR REVIEW,,7.0,,SharePoint Engineer [ADDN REQN],2027-03-01,2027-04-01,FY27,FY_END_PLAN,Rolling off 7-12m,3.0,,,,,,,,,,,,,,,
UNMATCHED RESOURCE,,,,,,,"no line with compatible position/skill, grade and start date in window",PROJ-00010633,QL-0000005960,VITAL.ORG,[ATFM] Year 8 Renewal - Vital,Generic Resource 6,Cloud Wintel Engineer L1,Cloud Engineer L1,rule,MAPPED,,6.0,CLOUD,AWS Certified Solutions Architect – Associate;Technical-Cloud-Cloud Administration-AWS-Support & Management;ITIL 3 Foundation,2027-03-01,2027-04-01,FY27,FY_END_PLAN,Rolling off 7-12m,18.0,,,,,,,,,,,,,,,
UNMATCHED RESOURCE,,,,,,,"no line with compatible position/skill, grade and start date in window",PROJ-00010633,QL-0000005960,VITAL.ORG,[ATFM] Year 8 Renewal - Vital,Generic Resource 6,Cloud Wintel Engineer L2,Cloud Engineer L2,rule,MAPPED,,6.0,INFRA_OS,Technical-Data Center Management-Server Virtualization-VMware ESXi;Technical-Data Center Management-Server Virtualization-Microsoft Hyper V;Technical-Cloud-Clou,2027-03-01,2027-04-01,FY27,FY_END_PLAN,Rolling off 7-12m,18.0,,,,,,,,,,,,,,,
UNMATCHED RESOURCE,,,,,,,"no line with compatible position/skill, grade and start date in window",PROJ-00010633,QL-0000005960,VITAL.ORG,[ATFM] Year 8 Renewal - Vital,Generic Resource 7,Cloud Linux Engineer L2,Cloud Engineer L2,rule,MAPPED,,7.0,CLOUD,Functional-Development & operation-Project Management-Change Management;Government on Commercial Cloud (GCC) Certification;Technical-Application Development-Bac,2027-03-01,2027-04-01,FY27,FY_END_PLAN,Rolling off 7-12m,9.0,,,,,,,,,,,,,,,
UNMATCHED RESOURCE,,,,,,,"no line with compatible position/skill, grade and start date in window",PROJ-00010633,QL-0000005960,VITAL.ORG,[ATFM] Year 8 Renewal - Vital,Generic Resource 6,Cloud Network Engineer L2,Cloud Engineer L2,rule,MAPPED,,6.0,SECURITY,Technical-AI & ML-GenAI Platform-ChatGPT;Technical-AI & ML-Gen-AI Chat Application Dev-AI Search;Technical-Cloud-Analytics Tools-AWS EC2;Technical-Network-Netwo,2027-03-01,2027-04-01,FY27,FY_END_PLAN,Rolling off 7-12m,18.0,,,,,,,,,,,,,,,
UNMATCHED RESOURCE,,,,,,,"no line with compatible position/skill, grade and start date in window",PROJ-00010633,QL-0000005960,VITAL.ORG,[ATFM] Year 8 Renewal - Vital,Generic Resource 12,IT ADMIN,DCOps,rule,MAPPED,,3.0,INFRA_OS,Functional-Language skills-Understand & Speak-English;Functional-Personal and interpersonal skills-Communication-Writing;Functional-Language skills-Read-English,2027-03-01,2027-04-01,FY27,FY_END_PLAN,Rolling off 7-12m,18.0,,,,,,,,,,,,,,,
UNMATCHED RESOURCE,,,,,,,"no line with compatible position/skill, grade and start date in window",PROJ-00010633,QL-0000005960,VITAL.ORG,[ATFM] Year 8 Renewal - Vital,Generic Resource 7,ITSO,IT Security Officer,mapping_sheet,MAPPED,,7.0,SECURITY,"Technical-Cybersecurity-Governance, Risk & Compliance-NIST CSF;Technical-Security-Infrastructure Security-Penetration Testing;Certified Information Security Man",2027-03-01,2027-04-01,FY27,FY_END_PLAN,Rolling off 7-12m,4.62,,,,,,,,,,,,,,,
UNMATCHED RESOURCE,,,,,,,"no line with compatible position/skill, grade and start date in window",PROJ-00010633,QL-0000005960,VITAL.ORG,[ATFM] Year 8 Renewal - Vital,Generic Resource 7,Database Administrator L2,DBA L2,rule,MAPPED,,7.0,DATABASE,Azure Database Administrator Associate;Solutions Architect Associate;Technical-Data Management-Databases-Oracle DB;Technical-Cloud-Cloud DB-SQL Server Operation,2027-03-01,2027-04-01,FY27,FY_END_PLAN,Rolling off 7-12m,9.0,,,,,,,,,,,,,,,
UNMATCHED RESOURCE,,,,,,,"no line with compatible position/skill, grade and start date in window",PROJ-00010628,QL-0000005885,"MINISTRY OF CULTURE, COMMUNITY AND YOUTH",[ATFM] Year 8 Renewal - MCCY - TFM,Generic Resource 7,Operation Manager,SDM,mapping_sheet,MAPPED,,7.0,DATABASE,Functional-Language skills-Read-English;Functional-Language skills-Understand & Speak-Bahasa Indonesia;Functional-Development & operation-Project Management Fra,2027-03-01,2027-04-01,FY27,FY_END_PLAN,Rolling off 7-12m,18.0,,,,,,,,,,,,,,,
UNMATCHED RESOURCE,,,,,,,"no line with compatible position/skill, grade and start date in window",PROJ-00010628,QL-0000005885,"MINISTRY OF CULTURE, COMMUNITY AND YOUTH",[ATFM] Year 8 Renewal - MCCY - TFM,Generic Resource 7,Cloud Wintel Engineer L2,Cloud Engineer L2,rule,MAPPED,,7.0,CLOUD,Azure Administrator Associate;Technical-Cloud-Cloud Administration-AWS-Administration;Azure Solutions Architect Expert;Technical-Cloud-Container Management-Azur,2027-03-01,2027-04-01,FY27,FY_END_PLAN,Rolling off 7-12m,18.0,,,,,,,,,,,,,,,
UNMATCHED RESOURCE,,,,,,,"no line with compatible position/skill, grade and start date in window",PROJ-00010628,QL-0000005885,"MINISTRY OF CULTURE, COMMUNITY AND YOUTH",[ATFM] Year 8 Renewal - MCCY - TFM,Generic Resource 7,ITSO,IT Security Officer,mapping_sheet,MAPPED,,7.0,SECURITY,ITIL 3 Foundation;AWS Security Specialty - Dive Deep;Technical-AI & ML-GenAI Platform-Hugging Face;Technical-Security-Cybersecurity-Application Security;Technic,2027-03-01,2027-04-01,FY27,FY_END_PLAN,Rolling off 7-12m,18.0,,,,,,,,,,,,,,,
UNMATCHED RESOURCE,,,,,,,"no line with compatible position/skill, grade and start date in window",PROJ-00010628,QL-0000005885,"MINISTRY OF CULTURE, COMMUNITY AND YOUTH",[ATFM] Year 8 Renewal - MCCY - TFM,Generic Resource 8,Day 1 Cloud Engineer,Cloud Engineer L2,rule,MAPPED - level inferred from grade,,8.0,CLOUD,ITIL Foundation;Technical-Cloud-Cloud DB-SQL Server Operation;Technical-Cloud-Cloud Governance-AWS Control Tower;Technical-Cloud-Cloud DB-Redis Operation;Techni,2027-03-01,2027-04-01,FY27,FY_END_PLAN,Rolling off 7-12m,3.6,,,,,,,,,,,,,,,
UNMATCHED RESOURCE,,,,,,,"no line with compatible position/skill, grade and start date in window",PROJ-00010628,QL-0000005885,"MINISTRY OF CULTURE, COMMUNITY AND YOUTH",[ATFM] Year 8 Renewal - MCCY - TFM,Generic Resource 7,ITSO,IT Security Officer,mapping_sheet,MAPPED,,7.0,SECURITY,"Comp TIA Security+;Technical-Cybersecurity-Governance, Risk & Compliance-NIST CSF;Technical-Cybersecurity-Governance, Risk & Compliance-RSA Archer GRC",2027-03-01,2027-04-01,FY27,FY_END_PLAN,Rolling off 7-12m,9.0,,,,,,,,,,,,,,,
UNMATCHED RESOURCE,,,,,,,"no line with compatible position/skill, grade and start date in window",PROJ-00010628,QL-0000005885,"MINISTRY OF CULTURE, COMMUNITY AND YOUTH",[ATFM] Year 8 Renewal - MCCY - TFM,Generic Resource 6,Cloud Wintel Engineer L1,Cloud Engineer L1,rule,MAPPED,,6.0,CLOUD,AWS Certified Solutions Architect – Associate;Technical-Cloud Native Platform-DevOps Tools Development-Argo CD;Technical-Cloud Native Platform-DevOps Tools Deve,2027-03-01,2027-04-01,FY27,FY_END_PLAN,Rolling off 7-12m,18.0,,,,,,,,,,,,,,,
UNMATCHED RESOURCE,,,,,,,"no line with compatible position/skill, grade and start date in window",PROJ-00010628,QL-0000005885,"MINISTRY OF CULTURE, COMMUNITY AND YOUTH",[ATFM] Year 8 Renewal - MCCY - TFM,Generic Resource 6,Database Administrator L2,DBA L2,rule,MAPPED,,6.0,DATABASE,Technical-Cloud-Cloud DB-PostgreSQL Operation;Technical-Cloud-Cloud DB-Oracle DB Operation ;Technical-Cloud-Cloud DB-MySQL Operation;Technical-Cloud-Cloud DB-SQ,2027-03-01,2027-04-01,FY27,FY_END_PLAN,Rolling off 7-12m,18.0,,,,,,,,,,,,,,,
UNMATCHED RESOURCE,,,,,,,"no line with compatible position/skill, grade and start date in window",PROJ-00010639,QL-0000004874,THE ACCOUNTING AND CORPORATE REGULATORY AUTHORITY,[ATFM] Year 8 - GCC and GCC+ Day 2 support [RFQ],Generic Resource 6,Cloud Engineer - BAU,Cloud Engineer L1,rule,MAPPED - level inferred from grade,,6.0,CLOUD,Cloud Engineer - BAU,2027-03-01,2027-04-01,FY27,FY_END_PLAN,Rolling off 7-12m,18.0,,,,,,,,,,,,,,,
UNMATCHED RESOURCE,,,,,,,"no line with compatible position/skill, grade and start date in window",PROJ-00010844,QL-0000006008,INTELLECTUAL PROPERTY OFFICE OF SINGAPORE,[ATFM] Year 8 Renewal - IPOS - GCC,Generic Resource 7,10. TFM GCC / GCC+ Engineer (Backfill),Cloud Engineer L2,rule,MAPPED - level inferred from grade,,7.0,CLOUD,"Azure Fundamentals;SysOps Administrator Associate;Technical-Cloud-Cloud Administration-AWS-Migration;Technical-Cloud-Cloud Administration-AWS-Transformation, De",2026-11-01,2026-12-01,FY26,CONFIRMED_END,Rolling off 0-6m,9.0,,,,,,,,,,,,,,,
UNMATCHED RESOURCE,,,,,,,"no line with compatible position/skill, grade and start date in window",PROJ-00010844,QL-0000006008,INTELLECTUAL PROPERTY OFFICE OF SINGAPORE,[ATFM] Year 8 Renewal - IPOS - GCC,Generic Resource 7,01. ATFM DBA #2,DBA L2,rule,MAPPED - level inferred from grade,,7.0,DATABASE,Oracle Cloud Infrastructure 2022 Foundations Associate;Sun Certified System Administrator (SCSA);HP Certified System Administrator for HP-UX;BMC Certified Assoc,2026-09-01,2026-10-01,FY26,CONFIRMED_END,Rolling off 0-6m,18.0,,,,,,,,,,,,,,,
UNMATCHED RESOURCE,,,,,,,"no line with compatible position/skill, grade and start date in window",PROJ-00007225,QL-0000003465,MINISTRY OF HOME AFFAIRS,[ATFM] Year 8 Renewal [CV]_MHQ,Generic 4,Data Center Operator 2,DCOps,rule,MAPPED,,4.0,WORKPLACE,Technical-Data Management-Databases-MySQL;Technical-Microsoft 365-Office Productivity-Microsoft Word;Technical-Microsoft 365-Office Productivity-Microsoft Excel,2027-03-01,2027-04-01,FY27,FY_END_PLAN,Rolling off 7-12m,18.0,,,,,,,,,,,,,,,
UNMATCHED RESOURCE,,,,,,,"no line with compatible position/skill, grade and start date in window",PROJ-00007225,QL-0000003465,MINISTRY OF HOME AFFAIRS,[ATFM] Year 8 Renewal [CV]_MHQ,Generic Resource 8,Network Lead,Network Engineer L3,rule,MAPPED - level inferred from grade,,8.0,NETWORK,Technical-Microsoft-Operating System-Microsoft Windows XP;Technical-Microsoft-Operating System-Microsoft Windows Vista;Technical-Data Center Management-Operatin,2027-03-01,2027-04-01,FY27,FY_END_PLAN,Rolling off 7-12m,18.0,,,,,,,,,,,,,,,
UNMATCHED RESOURCE,,,,,,,"no line with compatible position/skill, grade and start date in window",PROJ-00007225,QL-0000003465,MINISTRY OF HOME AFFAIRS,[ATFM] Year 8 Renewal [CV]_MHQ,Generic Resource 7,Network Engineer  1,Network Engineer L2,rule,MAPPED - level inferred from grade,,7.0,NETWORK,Cisco Certified Network Professional (CCNP);Technical-Network-Network Security-Palo Alto Firewalls;Technical-Network-Network Security-Cisco firepower;Technical-,2027-03-01,2027-04-01,FY27,FY_END_PLAN,Rolling off 7-12m,18.0,,,,,,,,,,,,,,,
UNMATCHED RESOURCE,,,,,,,"no line with compatible position/skill, grade and start date in window",PROJ-00007225,QL-0000003465,MINISTRY OF HOME AFFAIRS,[ATFM] Year 8 Renewal [CV]_MHQ,Generic Resource 7,Network Engineer  1a,Network Engineer L2,rule,MAPPED - level inferred from grade,,7.0,NETWORK,Cisco Certified Network Associate (CCNA);Huawei Certified Network Associate (HCNA);Functional-Development & operation-Logistics-Inbound and outbound logistical ,2027-03-01,2027-04-01,FY27,FY_END_PLAN,Rolling off 7-12m,18.0,,,,,,,,,,,,,,,
UNMATCHED RESOURCE,,,,,,,"no line with compatible position/skill, grade and start date in window",PROJ-00007225,QL-0000003465,MINISTRY OF HOME AFFAIRS,[ATFM] Year 8 Renewal [CV]_MHQ,Generic Resource 8,Network Engineer  2,Network Engineer L3,rule,MAPPED - level inferred from grade,,8.0,NETWORK,Technical-Network-Network Architecture-Campus network;Technical-Network-Network Data Management-Ethernet - Flow Control;Technical-Network-Network Security-Junip,2026-06-01,2026-07-01,FY26,CONFIRMED_END,Available now,18.0,,,,,,,,,,,,,,,
UNMATCHED RESOURCE,,,,,,,"no line with compatible position/skill, grade and start date in window",PROJ-00007225,QL-0000003465,MINISTRY OF HOME AFFAIRS,[ATFM] Year 8 Renewal [CV]_MHQ,Generic 4,Data Centre Operator (IT Admin) 1,DCOps,rule,MAPPED,,4.0,WORKPLACE,Functional-Personal and interpersonal skills-Critical thinking-Asking questions;Functional-Personal and interpersonal skills-Critical thinking-Evaluating eviden,2027-03-01,2027-04-01,FY27,FY_END_PLAN,Rolling off 7-12m,18.0,,,,,,,,,,,,,,,
UNMATCHED RESOURCE,,,,,,,"no line with compatible position/skill, grade and start date in window",PROJ-00007225,QL-0000003465,MINISTRY OF HOME AFFAIRS,[ATFM] Year 8 Renewal [CV]_MHQ,Generic Resource 12,Data Centre Operator (IT Admin) 1a,DCOps,rule,MAPPED,,3.0,WORKPLACE,Functional-Personal and interpersonal skills-Organizational skills -Prioritizing;Functional-Development & operation-E-services skills-Understanding of processes,2027-03-01,2027-04-01,FY27,FY_END_PLAN,Rolling off 7-12m,18.0,,,,,,,,,,,,,,,
UNMATCHED RESOURCE,,,,,,,"no line with compatible position/skill, grade and start date in window",PROJ-00007225,QL-0000003465,MINISTRY OF HOME AFFAIRS,[ATFM] Year 8 Renewal [CV]_MHQ,Generic Resource 7,IT Security Officer,IT Security Officer,mapping_sheet,MAPPED,,7.0,SECURITY,"Functional-Development & operation-Governance, Risk & Compliance-Security operation;Functional-AI & ML-AI Partnership-Use Case Selection;Reimagining the Sales P",2027-03-01,2027-04-01,FY27,FY_END_PLAN,Rolling off 7-12m,18.0,,,,,,,,,,,,,,,
UNMATCHED RESOURCE,,,,,,,"no line with compatible position/skill, grade and start date in window",PROJ-00007225,QL-0000003465,MINISTRY OF HOME AFFAIRS,[ATFM] Year 8 Renewal [CV]_MHQ,Generic 4,Network Engineer  3a,Network Engineer L1,rule,MAPPED - level inferred from grade,,4.0,WORKPLACE,Technical-Hardware-Computer Hardware-Hardware Installation;Technical-Data Center Management-Operating System-MacOS;Technical-Microsoft 365-Office Productivity-M,2027-03-01,2027-04-01,FY27,FY_END_PLAN,Rolling off 7-12m,18.0,,,,,,,,,,,,,,,
UNMATCHED RESOURCE,,,,,,,"no line with compatible position/skill, grade and start date in window",PROJ-00007225,QL-0000003465,MINISTRY OF HOME AFFAIRS,[ATFM] Year 8 Renewal [CV]_MHQ,Generic 4,Network Engineer  3b,Network Engineer L1,rule,MAPPED - level inferred from grade,,4.0,NETWORK,"Technical-Network-Logical network (L2, L3)-Virtual LAN (VLAN);Technical-Network-Network Security-Virtual Private Network (VPN);Technical-Network-Engineering-Wir",2027-03-01,2027-04-01,FY27,FY_END_PLAN,Rolling off 7-12m,18.0,,,,,,,,,,,,,,,
UNMATCHED RESOURCE,,,,,,,"no line with compatible position/skill, grade and start date in window",PROJ-00007225,QL-0000003465,MINISTRY OF HOME AFFAIRS,[ATFM] Year 8 Renewal [CV]_MHQ,Generic Resource 12,Network Engineer  3c,Network Engineer L1,rule,MAPPED - level inferred from grade,,3.0,WORKPLACE,Functional-Personal and interpersonal skills-Critical thinking-Deductive Reasoning;Technical-DevOps-Repository-GitHub;Technical-Data Center operation-Infrastruc,2027-03-01,2027-04-01,FY27,FY_END_PLAN,Rolling off 7-12m,18.0,,,,,,,,,,,,,,,
UNMATCHED RESOURCE,,,,,,,"no line with compatible position/skill, grade and start date in window",PROJ-00007225,QL-0000003465,MINISTRY OF HOME AFFAIRS,[ATFM] Year 8 Renewal [CV]_MHQ,Generic Resource 5,Network Engineer  4a,Network Engineer L1,rule,MAPPED - level inferred from grade,,5.0,NETWORK,Check Point Certified Security Administrator (CCSA);Technical-Microsoft-Operating System-Microsoft Windows Server;Technical-Microsoft 365-Office Productivity-Mi,2027-03-01,2027-04-01,FY27,FY_END_PLAN,Rolling off 7-12m,18.0,,,,,,,,,,,,,,,
UNMATCHED RESOURCE,,,,,,,"no line with compatible position/skill, grade and start date in window",PROJ-00007225,QL-0000003465,MINISTRY OF HOME AFFAIRS,[ATFM] Year 8 Renewal [CV]_MHQ,Generic Resource 5,Network Engineer  4b,Network Engineer L1,rule,MAPPED - level inferred from grade,,5.0,NETWORK,Check Point Certified Security Expert (CCSE);Functional-Language skills-Write-English;Functional-Language skills-Write-Malay;Functional-Language skills-Read-Mal,2027-03-01,2027-04-01,FY27,FY_END_PLAN,Rolling off 7-12m,18.0,,,,,,,,,,,,,,,
UNMATCHED RESOURCE,,,,,,,"no line with compatible position/skill, grade and start date in window",PROJ-00007225,QL-0000003465,MINISTRY OF HOME AFFAIRS,[ATFM] Year 8 Renewal [CV]_MHQ,Generic 4,Network Engineer  4c,Network Engineer L1,rule,MAPPED - level inferred from grade,,4.0,NETWORK,Functional-Language skills-Understand & Speak-English;Functional-Language skills-Read-Chinese;Functional-Language skills-Write-English;Technical-Microsoft 365-O,2027-03-01,2027-04-01,FY27,FY_END_PLAN,Rolling off 7-12m,14.5,,,,,,,,,,,,,,,
UNMATCHED RESOURCE,,,,,,,"no line with compatible position/skill, grade and start date in window",PROJ-00007225,QL-0000003465,MINISTRY OF HOME AFFAIRS,[ATFM] Year 8 Renewal [CV]_MHQ,Generic Resource 7,Server Engineer - Unix,Server Engineer L2,rule,MAPPED - level inferred from grade,,7.0,WORKPLACE,Technical-Hardware-Server Hardware-Cluster & HA Failover;Technical-Application Development-Developer Aids-Notepad++;Technical-Microsoft 365-Office Productivity-,2027-03-01,2027-04-01,FY27,FY_END_PLAN,Rolling off 7-12m,18.0,,,,,,,,,,,,,,,
UNMATCHED RESOURCE,,,,,,,"no line with compatible position/skill, grade and start date in window",PROJ-00007225,QL-0000003465,MINISTRY OF HOME AFFAIRS,[ATFM] Year 8 Renewal [CV]_MHQ,Generic Resource 8,Wintel Engineer 1,Server Engineer L2,rule,MAPPED - level inferred from grade,,8.0,INFRA_OS,VMware Certified Professional - Data Center Virtualization (VCP-DCV);Technical-Data Center Management-Server Management-Dell x86 Entry-Level Server Management ;,2027-03-01,2027-04-01,FY27,FY_END_PLAN,Rolling off 7-12m,18.0,,,,,,,,,,,,,,,
UNMATCHED RESOURCE,,,,,,,"no line with compatible position/skill, grade and start date in window",PROJ-00007225,QL-0000003465,MINISTRY OF HOME AFFAIRS,[ATFM] Year 8 Renewal [CV]_MHQ,Generic Resource 6,Wintel Engineer 2,Server Engineer L1,rule,MAPPED - level inferred from grade,,6.0,INFRA_OS,Functional-Language skills-Understand & Speak-English;Technical-Microsoft-Microsoft O.S. Management-Microsoft Remote Desktop;Technical-Network-Network Products-,2027-03-01,2027-04-01,FY27,FY_END_PLAN,Rolling off 7-12m,18.0,,,,,,,,,,,,,,,
UNMATCHED RESOURCE,,,,,,,"no line with compatible position/skill, grade and start date in window",PROJ-00007225,QL-0000003465,MINISTRY OF HOME AFFAIRS,[ATFM] Year 8 Renewal [CV]_MHQ,Generic Resource 7,Wintel Engineer 3,Server Engineer L2,rule,MAPPED - level inferred from grade,,7.0,INFRA_OS,Technical-Digital Workplace-Unified Endpoint Management-SCCM Deployment ;Technical-Data Center Management-Server Virtualization-Microsoft Hyper V;Technical-Data,2027-03-01,2027-04-01,FY27,FY_END_PLAN,Rolling off 7-12m,18.0,,,,,,,,,,,,,,,
UNMATCHED RESOURCE,,,,,,,"no line with compatible position/skill, grade and start date in window",PROJ-00007225,QL-0000003465,MINISTRY OF HOME AFFAIRS,[ATFM] Year 8 Renewal [CV]_MHQ,Generic Resource 7,Wintel Engineer 3a,Server Engineer L2,rule,MAPPED - level inferred from grade,,7.0,WORKPLACE,Functional-Language skills-Write-Chinese;Functional-Personal and interpersonal skills-Communication-Writing;Technical-Security-Infrastructure Security-System Ha,2027-03-01,2027-04-01,FY27,FY_END_PLAN,Rolling off 7-12m,18.0,,,,,,,,,,,,,,,
UNMATCHED RESOURCE,,,,,,,"no line with compatible position/skill, grade and start date in window",PROJ-00007225,QL-0000003465,MINISTRY OF HOME AFFAIRS,[ATFM] Year 8 Renewal [CV]_MHQ,Generic Resource 9,SDD,SDD,rule,MAPPED,,9.0,NETWORK,Technical-Network-Network Products-Cisco router;Technical-Network-Network Products-Cisco switch;Technical-Network-Network Data Management-Cisco Data network;Tec,2026-09-01,2026-10-01,FY26,CONFIRMED_END,Rolling off 0-6m,5.9,,,,,,,,,,,,,,,
UNMATCHED RESOURCE,,,,,,,"no line with compatible position/skill, grade and start date in window",PROJ-00007225,QL-0000003465,MINISTRY OF HOME AFFAIRS,[ATFM] Year 8 Renewal [CV]_MHQ,Generic Resource 7,DBA 1,DBA L2,rule,MAPPED - level inferred from grade,,7.0,DATABASE,Technical-Application Development-Backend Development-Shell development (Linux/Windows);Functional-Language skills-Write-English;Technical-Data Management-SQL-D,2027-03-01,2027-04-01,FY27,FY_END_PLAN,Rolling off 7-12m,18.0,,,,,,,,,,,,,,,
UNMATCHED RESOURCE,,,,,,,"no line with compatible position/skill, grade and start date in window",PROJ-00007225,QL-0000003465,MINISTRY OF HOME AFFAIRS,[ATFM] Year 8 Renewal [CV]_MHQ,Generic Resource 8,IT Security Manager (Shared) (Dr Tan),IT Security Mgr,mapping_sheet,MAPPED,,8.0,SECURITY,ISACA Certified Information Systems Auditor (CISA);Certified in the Governance of Enterprise IT (CGEIT);Certified in Risk and Information Systems Control (CRISC,2027-03-01,2027-04-01,FY27,FY_END_PLAN,Rolling off 7-12m,2.93,,,,,,,,,,,,,,,
UNMATCHED RESOURCE,,,,,,,"no line with compatible position/skill, grade and start date in window",PROJ-00007227,QL-0000003447,HOME TEAM ACADEMY,[ATFM] Year 8 Renewal [CV]_HTA,Generic Resource 6,NETWORK - L2 - 3,Network Engineer L2,rule,MAPPED,,6.0,NETWORK,Cisco Certified Network Associate (CCNA);Technical-Microsoft 365-Office Productivity-Microsoft Excel;Cisco Certified Network Professional (CCNP) Security;Cisco ,2027-03-01,2027-04-01,FY27,FY_END_PLAN,Rolling off 7-12m,18.0,,,,,,,,,,,,,,,
UNMATCHED RESOURCE,,,,,,,"no line with compatible position/skill, grade and start date in window",PROJ-00007227,QL-0000003447,HOME TEAM ACADEMY,[ATFM] Year 8 Renewal [CV]_HTA,Generic Resource 8,IT Security Manager,IT Security Mgr,mapping_sheet,MAPPED,,8.0,SECURITY,GIAC Certified Incident Handler;Technical-Infrastructure Management-Service Desk - Security operation Center (SOC)-Alert Management;Technical-Cybersecurity-Adva,2027-03-01,2027-04-01,FY27,FY_END_PLAN,Rolling off 7-12m,18.0,,,,,,,,,,,,,,,
UNMATCHED RESOURCE,,,,,,,"no line with compatible position/skill, grade and start date in window",PROJ-00010568,QL-0000005888,PARLIAMENT OF SINGAPORE,[ATFM] Year 8 Renewal - Parliament,Generic Resource 8,02. ATFM SDM,SDM,rule,MAPPED,,8.0,PROJECT_MGMT,Functional-Development & operation-Service Management-Information Technology Infrastructure Library (ITIL);Functional-Personal and interpersonal skills-Communic,2027-03-01,2027-04-01,FY27,FY_END_PLAN,Rolling off 7-12m,9.0,,,,,,,,,,,,,,,
UNMATCHED RESOURCE,,,,,,,"no line with compatible position/skill, grade and start date in window",PROJ-00010568,QL-0000005888,PARLIAMENT OF SINGAPORE,[ATFM] Year 8 Renewal - Parliament,Generic Resource 7,04. AFM WIntel Engineer,Server Engineer L2,rule,MAPPED - level inferred from grade,,7.0,INFRA_OS,Technical-Microsoft-Operating System-Microsoft Windows Server;Certified Professional in Agile Team Facilitation;Functional-Development & operation-Technology Ma,2027-03-01,2027-04-01,FY27,FY_END_PLAN,Rolling off 7-12m,18.0,,,,,,,,,,,,,,,
UNMATCHED RESOURCE,FOR REVIEW - position name unmapped,,,,,,"no line with compatible position/skill, grade and start date in window",PROJ-00010568,QL-0000005888,PARLIAMENT OF SINGAPORE,[ATFM] Year 8 Renewal - Parliament,Generic Resource 8,00.. ATFM CSP,UNMAPPED - FOR REVIEW,unmapped,FOR REVIEW,Cloud Engineer L2,8.0,CLOUD,AWS Certified Solutions Architect – Associate;Functional-Business Acumen-Leadership skills-Team & People management ;Functional-Business Acumen-Transformation-D,2027-03-01,2027-04-01,FY27,FY_END_PLAN,Rolling off 7-12m,3.6,,,,,,,,,,,,,,,
UNMATCHED RESOURCE,,,,,,,"no line with compatible position/skill, grade and start date in window",PROJ-00010568,QL-0000005888,PARLIAMENT OF SINGAPORE,[ATFM] Year 8 Renewal - Parliament,Generic Resource 7,06. TFM Cloud Wintel Engineer,Cloud Engineer L2,rule,MAPPED - level inferred from grade,,7.0,CLOUD,Technical-Cloud-Cloud Administration-AWS-Support & Management;Technical-Cloud-Cloud Administration-MS Azure-Administration;Technical-Cloud-Cloud Administration-,2027-03-01,2027-04-01,FY27,FY_END_PLAN,Rolling off 7-12m,18.0,,,,,,,,,,,,,,,
UNMATCHED RESOURCE,,,,,,,"no line with compatible position/skill, grade and start date in window",PROJ-00010568,QL-0000005888,PARLIAMENT OF SINGAPORE,[ATFM] Year 8 Renewal - Parliament,Generic Resource 12,05. AFM IT Admin/DC Ops,DCOps,rule,MAPPED,,3.0,INFRA_OS,Functional-Personal and interpersonal skills-Teamwork-Collaboration;Functional-Personal and interpersonal skills-Teamwork-Coordination,2027-03-01,2027-04-01,FY27,FY_END_PLAN,Rolling off 7-12m,18.0,,,,,,,,,,,,,,,
UNMATCHED RESOURCE,,,,,,,"no line with compatible position/skill, grade and start date in window",PROJ-00010763,QL-0000006003,INSTITUTE OF TECHNICAL EDUCATION,[ATFM] Year 8 Renewal - ITE,Generic Resource 7,Cloud Linux L3,Cloud Engineer L3,rule,MAPPED - level kept from name (not in Standard Role sheet),,7.0,CLOUD,Technical-Cloud-Cloud Administration-AWS-Administration;Technical-Cloud-Cloud Administration-MS Azure-Administration;Technical-Infrastructure Management-ITSM ad,2026-05-01,2026-06-01,FY26,CONFIRMED_END,Available now,3.6,,,,,,,,,,,,,,,
UNMATCHED RESOURCE,,,,,,,"no line with compatible position/skill, grade and start date in window",PROJ-00010763,QL-0000006003,INSTITUTE OF TECHNICAL EDUCATION,[ATFM] Year 8 Renewal - ITE,Generic Resource 7,DBA L3,DBA L3,rule,MAPPED - level kept from name (not in Standard Role sheet),,7.0,DATABASE,Azure Administrator Associate;Oracle Cloud Infrastructure 2021 Foundations Associate;Government on Commercial Cloud (GCC) Foundation Certification;Oracle Databa,2027-03-01,2027-04-01,FY27,FY_END_PLAN,Rolling off 7-12m,9.0,,,,,,,,,,,,,,,
UNMATCHED RESOURCE,,,,,,,"no line with compatible position/skill, grade and start date in window",PROJ-00010763,QL-0000006003,INSTITUTE OF TECHNICAL EDUCATION,[ATFM] Year 8 Renewal - ITE,Generic Resource 7,Network L3,Network Engineer L3,rule,MAPPED,,7.0,NETWORK,Cisco Certified Network Associate (CCNA);Technical-Network-Network Security-Cisco ISE;Technical-Microsoft 365-Office Productivity-Microsoft Visio;Technical-Netw,2027-03-01,2027-04-01,FY27,FY_END_PLAN,Rolling off 7-12m,1.8,,,,,,,,,,,,,,,
UNMATCHED RESOURCE,,,,,,,"no line with compatible position/skill, grade and start date in window",PROJ-00010763,QL-0000006003,INSTITUTE OF TECHNICAL EDUCATION,[ATFM] Year 8 Renewal - ITE,Generic Resource 7,Storage & Backup L3,Backup/Storage Engineer L3,rule,MAPPED - level kept from name (not in Standard Role sheet),,7.0,INFRA_OS,Technical-Cloud-Storage operation -SAN (Storage Area Network);Solutions Architect Associate;Technical-Data Center operation-IT operation-System Backup Operation,2027-03-01,2027-04-01,FY27,FY_END_PLAN,Rolling off 7-12m,9.0,,,,,,,,,,,,,,,
UNMATCHED RESOURCE,,,,,,,"no line with compatible position/skill, grade and start date in window",PROJ-00011150,QL-0000006338,ENERGY MARKET AUTHORITY,[ATFM]: CyberArk Onboarding/RAS & Additional PSS for On-Prem to GCC2.0 migration,Generic 4,CyberArk Onboard Team,Security Engineer,rule,MAPPED,,4.0,SECURITY,CyberArk Sentry;Technical-Cybersecurity-Identity & Access Management-CyberArk PAM;Technical-Cybersecurity-Advanced Threat Management-Security Information and Ev,2026-08-01,2026-09-01,FY26,CONFIRMED_END,Available now,18.0,,,,,,,,,,,,,,,
UNMATCHED RESOURCE,,,,,,,"no line with compatible position/skill, grade and start date in window",PROJ-00011150,QL-0000006338,ENERGY MARKET AUTHORITY,[ATFM]: CyberArk Onboarding/RAS & Additional PSS for On-Prem to GCC2.0 migration,Generic Resource 9,Cloud Delivery Director,SDD,rule,MAPPED,,9.0,PROJECT_MGMT,Technical-AI & ML-GenAI Platform-IBM Watson,2027-03-01,2027-04-01,FY27,FY_END_PLAN,Rolling off 7-12m,3.6,,,,,,,,,,,,,,,
UNMATCHED RESOURCE,,,,,,,"no line with compatible position/skill, grade and start date in window",PROJ-00011150,QL-0000006338,ENERGY MARKET AUTHORITY,[ATFM]: CyberArk Onboarding/RAS & Additional PSS for On-Prem to GCC2.0 migration,Generic Resource 7,Cloud L2 (4 Apps Migration) - 2,Cloud Engineer L2,rule,MAPPED,,7.0,CLOUD,Technical-Cloud-Cloud Administration-MS Azure-Administration;Technical-Digital Workplace-Digital Workplace & Advisory-ITIL Framework;Functional-Business Acumen-,2027-03-01,2027-04-01,FY27,FY_END_PLAN,Rolling off 7-12m,3.6,,,,,,,,,,,,,,,
UNMATCHED RESOURCE,,,,,,,"no line with compatible position/skill, grade and start date in window",PROJ-00011150,QL-0000006338,ENERGY MARKET AUTHORITY,[ATFM]: CyberArk Onboarding/RAS & Additional PSS for On-Prem to GCC2.0 migration,Generic Resource 8,Cloud L2 (4 Apps Migration) - 3,Cloud Engineer L2,rule,MAPPED,,8.0,CLOUD,ITIL Foundation;Technical-Cloud-Cloud DB-SQL Server Operation;Technical-Cloud-Cloud Governance-AWS Control Tower;Technical-Cloud-Cloud DB-Redis Operation;Techni,2027-03-01,2027-04-01,FY27,FY_END_PLAN,Rolling off 7-12m,3.6,,,,,,,,,,,,,,,
UNMATCHED RESOURCE,,,,,,,"no line with compatible position/skill, grade and start date in window",PROJ-00007232,QL-0000003445,SINGAPORE CIVIL DEFENCE FORCE,SCDF Base Year8 FY26,Generic Resource 5,System Engineer - Vanni,Server Engineer L1,rule,MAPPED - level inferred from grade,,5.0,INFRA_OS,EXIN EPI Certified Data Center Professional;Technical-SAP-SAP Technical - SAP Basis Admin-SAP ABAP/Java system restart procedure;Technical-Hardware-Computer Har,2026-08-01,2026-09-01,FY26,CONFIRMED_END,Available now,18.0,,,,,,,,,,,,,,,
UNMATCHED RESOURCE,FOR REVIEW - position name unmapped,,,,,,"no line with compatible position/skill, grade and start date in window",PROJ-00007232,QL-0000003445,SINGAPORE CIVIL DEFENCE FORCE,SCDF Base Year8 FY26,Generic Resource 8,IT Security Mananger (Shared) (Ho SI Hao,UNMAPPED - FOR REVIEW,unmapped,FOR REVIEW,IT Security Officer,8.0,SECURITY,ISACA Certified Information Systems Auditor (CISA);Certified in the Governance of Enterprise IT (CGEIT);Certified in Risk and Information Systems Control (CRISC,2027-03-01,2027-04-01,FY27,FY_END_PLAN,Rolling off 7-12m,2.93,,,,,,,,,,,,,,,
UNMATCHED RESOURCE,,,,,,,"no line with compatible position/skill, grade and start date in window",PROJ-00010775,QL-0000005887,MINISTRY OF TRADE AND INDUSTRY,[ATFM] Year 8 Renewal - MTI,Generic Resource 7,Operation Manager - BAU GCC (0.5 SLA and 0.5 HC to customer),SDM,mapping_sheet,MAPPED,,7.0,DATABASE,Technical-Oracle-Oracle Products-Oracle Real Application Cluster (RAC);Technical-Cloud-Cloud DB-SQL Server Operation;Technical-Cloud-Cloud DB-Hadoop Operation;T,2027-03-01,2027-04-01,FY27,FY_END_PLAN,Rolling off 7-12m,9.0,,,,,,,,,,,,,,,
UNMATCHED RESOURCE,,,,,,,"no line with compatible position/skill, grade and start date in window",PROJ-00010775,QL-0000005887,MINISTRY OF TRADE AND INDUSTRY,[ATFM] Year 8 Renewal - MTI,Generic Resource 5,NETWORK - L2 - BAU (0.5 SLA),Network Engineer L2,rule,MAPPED,,5.0,NETWORK,Technical-Network-Network Data Management-F5 Load balancers;Technical-Network-Network Monitoring-Packet Analysis;Technical-Network-Network WiFi Services-Cisco W,2027-03-01,2027-04-01,FY27,FY_END_PLAN,Rolling off 7-12m,9.0,,,,,,,,,,,,,,,
UNMATCHED RESOURCE,,,,,,,"no line with compatible position/skill, grade and start date in window",PROJ-00010775,QL-0000005887,MINISTRY OF TRADE AND INDUSTRY,[ATFM] Year 8 Renewal - MTI,Generic Resource 7,Database administrator - BAU (0.5 SLA),DBA L2,rule,MAPPED - level inferred from grade,,7.0,DATABASE,Azure Database Administrator Associate;Solutions Architect Associate;Technical-Data Management-Databases-Oracle DB;Technical-Cloud-Cloud DB-SQL Server Operation,2027-03-01,2027-04-01,FY27,FY_END_PLAN,Rolling off 7-12m,9.0,,,,,,,,,,,,,,,
UNMATCHED RESOURCE,,,,,,,"no line with compatible position/skill, grade and start date in window",PROJ-00010775,QL-0000005887,MINISTRY OF TRADE AND INDUSTRY,[ATFM] Year 8 Renewal - MTI,Generic Resource 7,SDD - BAU,SDD,rule,MAPPED,,7.0,SERVICE_MGMT,Functional-Development & operation-Service Management-Change Control;Functional-Development & operation-Service Management-Problem Management;Functional-Develop,2027-03-01,2027-04-01,FY27,FY_END_PLAN,Rolling off 7-12m,1.8,,,,,,,,,,,,,,,
UNMATCHED RESOURCE,,,,,,,"no line with compatible position/skill, grade and start date in window",PROJ-00010775,QL-0000005887,MINISTRY OF TRADE AND INDUSTRY,[ATFM] Year 8 Renewal - MTI,Generic Resource 7,ITSM - BAU (Additional Requirement),IT Service Mgt Engineer,rule,MAPPED,,7.0,SECURITY,Technical-Security-Risk & compliance-Risk Assessment;Certified Information Security Manager (CISM);Solutions Architect Associate,2027-03-01,2027-04-01,FY27,FY_END_PLAN,Rolling off 7-12m,18.0,,,,,,,,,,,,,,,
UNMATCHED RESOURCE,,,,,,,"no line with compatible position/skill, grade and start date in window",PROJ-00010775,QL-0000005887,MINISTRY OF TRADE AND INDUSTRY,[ATFM] Year 8 Renewal - MTI,Generic Resource 7,ITSO - BAU (Additional Requirement),IT Security Officer,mapping_sheet,MAPPED,,7.0,SECURITY,"CISA (Certified Information Systems Auditor);Dell EMC Information Storage and Management;EMC Avamar Associate, System Administrator;Technical-Security-Cybersecu",2027-03-01,2027-04-01,FY27,FY_END_PLAN,Rolling off 7-12m,18.0,,,,,,,,,,,,,,,
UNMATCHED RESOURCE,,,,,,,"no line with compatible position/skill, grade and start date in window",PROJ-00010707,QL-0000005957,MINISTRY OF FOREIGN AFFAIRS (MFA),[ATFM] Year 8 Renewal - MFA,Generic Resource 5,04. GCC Azure Windows Cloud Engineer #1,Cloud Engineer L1,rule,MAPPED - level inferred from grade,,5.0,CLOUD,Technical-Cloud-Cloud Governance-Azure Policy;Technical-Cloud-Serverless Computing-Azure Functions;Technical-Cloud-Integration Management-Azure Functions;Techni,2027-03-01,2027-04-01,FY27,FY_END_PLAN,Rolling off 7-12m,18.0,,,,,,,,,,,,,,,
UNMATCHED RESOURCE,,,,,,,"no line with compatible position/skill, grade and start date in window",PROJ-00010707,QL-0000005957,MINISTRY OF FOREIGN AFFAIRS (MFA),[ATFM] Year 8 Renewal - MFA,Generic Resource 8,01. ATFM SDD,SDD,rule,MAPPED,,8.0,WORKPLACE,Technical-IOT-IOT Integration-Zigbee;ITIL Intermediate Service Operation;ITIL Operational Support and Analysis Certificate (ITILOSA);Cloud Practitioner;ITIL Ser,2026-06-01,2026-07-01,FY26,CONFIRMED_END,Available now,1.8,,,,,,,,,,,,,,,
UNMATCHED RESOURCE,,,,,,,"no line with compatible position/skill, grade and start date in window",PROJ-00010707,QL-0000005957,MINISTRY OF FOREIGN AFFAIRS (MFA),[ATFM] Year 8 Renewal - MFA,Generic Resource 7,06. GCC Database Engineer (Anthony Replacement),DBA L2,rule,MAPPED - level inferred from grade,,7.0,DATABASE,Technical-Cloud-Databases-Azure SQL DB;Technical-Data Center Management-Database Management-MS SQL Administration;Technical-Microsoft-Microsoft Products-Microso,2027-03-01,2027-04-01,FY27,FY_END_PLAN,Rolling off 7-12m,18.0,,,,,,,,,,,,,,,
UNMATCHED RESOURCE,,,,,,,"no line with compatible position/skill, grade and start date in window",PROJ-00010707,QL-0000005957,MINISTRY OF FOREIGN AFFAIRS (MFA),[ATFM] Year 8 Renewal - MFA,Generic Resource 7,08. GCC AWS Linux Cloud Engineer,Cloud Engineer L2,rule,MAPPED - level inferred from grade,,7.0,CLOUD,AWS Certified Solutions Architect – Associate;Technical-Cloud-Cloud operation-Secret Management - AWS Secrets Manager;Technical-Cloud-Cloud Administration-Azure,2027-03-01,2027-04-01,FY27,FY_END_PLAN,Rolling off 7-12m,9.0,,,,,,,,,,,,,,,
UNMATCHED RESOURCE,,,,,,,"no line with compatible position/skill, grade and start date in window",PROJ-00010707,QL-0000005957,MINISTRY OF FOREIGN AFFAIRS (MFA),[ATFM] Year 8 Renewal - MFA,Generic Resource 7,09. ITSO,IT Security Officer,rule,MAPPED,,7.0,SECURITY,Certified Information Systems Security Professional (CISSP);Technical-Cybersecurity-Advanced Threat Management-Sentinel One EDR;Technical-Security-Cybersecurity,2027-03-01,2027-04-01,FY27,FY_END_PLAN,Rolling off 7-12m,18.0,,,,,,,,,,,,,,,
UNMATCHED RESOURCE,,,,,,,"no line with compatible position/skill, grade and start date in window",PROJ-00007231,QL-0000003468,HOME TEAM SCIENCE AND TECHNOLOGY AGENCY,[ATFM] Year 8 Renewal [CV]_HTX,Generic Resource 6,System Engineer / System Administrator,Server Engineer L1,rule,MAPPED - level inferred from grade,,6.0,CLOUD,Technical-Cloud-Compute-Windows OS;Technical-Digital Workplace-Service Desk / CEC / Contact Center-PC hardware;Functional-Development & operation-Security & Pri,2027-03-01,2027-04-01,FY27,FY_END_PLAN,Rolling off 7-12m,18.0,,,,,,,,,,,,,,,
UNMATCHED RESOURCE,,,,,,,"no line with compatible position/skill, grade and start date in window",PROJ-00007231,QL-0000003468,HOME TEAM SCIENCE AND TECHNOLOGY AGENCY,[ATFM] Year 8 Renewal [CV]_HTX,Generic Resource 8,Network Lead,Network Engineer L3,rule,MAPPED - level inferred from grade,,8.0,NETWORK,Technical-Network-Network Products-SD-WAN;Technical-Network-Network Security-Aruba Clearpass;Technical-Security-Infrastructure Security-Vulnerability Assessment,2026-06-01,2026-07-01,FY26,CONFIRMED_END,Available now,9.0,,,,,,,,,,,,,,,
UNMATCHED RESOURCE,,,,,,,"no line with compatible position/skill, grade and start date in window",PROJ-00007231,QL-0000003468,HOME TEAM SCIENCE AND TECHNOLOGY AGENCY,[ATFM] Year 8 Renewal [CV]_HTX,Generic Resource 9,SDD,SDD,rule,MAPPED,,9.0,NETWORK,Technical-Network-Network Products-Cisco router;Technical-Network-Network Products-Cisco switch;Technical-Network-Network Data Management-Cisco Data network;Tec,2026-09-01,2026-10-01,FY26,CONFIRMED_END,Rolling off 0-6m,6.0,,,,,,,,,,,,,,,
UNMATCHED RESOURCE,,,,,,,"no line with compatible position/skill, grade and start date in window",PROJ-00011247,QL-0000005605,"AGENCY FOR SCIENCE, TECHNOLOGY AND RESEARCH",[Non-ATFM] : T/ITSS/11/FY25 - IMPLEMENTATION OF INTEGRATED IT END-USER SUPPORT SERVICES FOR A*STAR,Generic Resource 12,Onsite Desktop L1 -5,Mobile/Desktop Engineer,rule,MAPPED,,3.0,WORKPLACE,Technical-Microsoft 365-Office Productivity-Microsoft Excel;Technical-Microsoft 365-Office Productivity-Microsoft Word;Technical-Microsoft 365-Office Productivi,2027-03-01,2027-04-01,FY27,FY_END_PLAN,Rolling off 7-12m,18.0,,,,,,,,,,,,,,,
UNMATCHED RESOURCE,,,,,,,"no line with compatible position/skill, grade and start date in window",PROJ-00009735,QL-0000005603,TOTE BOARD,[ATFM] Year 8 Renewal - ToteBoard - AFM,Generic Resource 7,Wintel/ Unix L2 - BAU [AFM],Server Engineer L2,rule,MAPPED,,7.0,CLOUD,Technical-Cloud-Cloud Administration-AWS-Migration;Technical-Cloud-Cloud Administration-AWS-Administration;Functional-Personal and interpersonal skills-Communic,2027-03-01,2027-04-01,FY27,FY_END_PLAN,Rolling off 7-12m,2.0,,,,,,,,,,,,,,,
UNMATCHED RESOURCE,,,,,,,"no line with compatible position/skill, grade and start date in window",PROJ-00009735,QL-0000005603,TOTE BOARD,[ATFM] Year 8 Renewal - ToteBoard - AFM,Generic Resource 12,IT Admin - Add Req.,DCOps,rule,MAPPED,,3.0,SERVICE_MGMT,Functional-Development & operation-Service Management-Information Technology Infrastructure Library (ITIL),2027-03-01,2027-04-01,FY27,FY_END_PLAN,Rolling off 7-12m,18.0,,,,,,,,,,,,,,,
UNMATCHED RESOURCE,FOR REVIEW - position name unmapped,,,,,,"no line with compatible position/skill, grade and start date in window",PROJ-00009735,QL-0000005603,TOTE BOARD,[ATFM] Year 8 Renewal - ToteBoard - AFM,Generic Resource 7,OM - Add Req.,UNMAPPED - FOR REVIEW,unmapped,FOR REVIEW,Cloud Engineer L2,7.0,CLOUD,Azure Administrator Associate;Technical-Cloud-Cloud Administration-AWS-Support & Management;Technical-Cloud-Cloud Administration-AWS-Administration;Technical-Di,2027-03-01,2027-04-01,FY27,FY_END_PLAN,Rolling off 7-12m,18.0,,,,,,,,,,,,,,,
UNMATCHED RESOURCE,,,,,,,"no line with compatible position/skill, grade and start date in window",PROJ-00009735,QL-0000005603,TOTE BOARD,[ATFM] Year 8 Renewal - ToteBoard - AFM,Generic Resource 7,Cloud Engineer - Level 2 - Add Req(1),Cloud Engineer L2,rule,MAPPED,,7.0,INFRA_OS,Microsoft Windows Server 2019 Administration;Technical-Microsoft 365-Office Productivity-Microsoft Word;Technical-Microsoft 365-Office Productivity-Microsoft Ou,2027-03-01,2027-04-01,FY27,FY_END_PLAN,Rolling off 7-12m,18.0,,,,,,,,,,,,,,,
UNMATCHED RESOURCE,,,,,,,"no line with compatible position/skill, grade and start date in window",PROJ-00009735,QL-0000005603,TOTE BOARD,[ATFM] Year 8 Renewal - ToteBoard - AFM,Generic Resource 8,ITSM - Add Req.,IT Service Mgt Engineer,rule,MAPPED,,8.0,SECURITY,Technical-Network-Network Security-Fortinet firewalls (FortiGate NGFW);Technical-Security-Cybersecurity-ISO 27001 Standards;Functional-Development & operation-S,2027-03-01,2027-04-01,FY27,FY_END_PLAN,Rolling off 7-12m,18.0,,,,,,,,,,,,,,,
UNMATCHED RESOURCE,,,,,,,"no line with compatible position/skill, grade and start date in window",PROJ-00009735,QL-0000005603,TOTE BOARD,[ATFM] Year 8 Renewal - ToteBoard - AFM,Generic Resource 7,SDD - BAU,SDD,rule,MAPPED,,7.0,SERVICE_MGMT,Functional-Development & operation-Service Management-Change Control;Functional-Development & operation-Service Management-Problem Management;Functional-Develop,2027-03-01,2027-04-01,FY27,FY_END_PLAN,Rolling off 7-12m,1.8,,,,,,,,,,,,,,,
UNMATCHED RESOURCE,,,,,,,"no line with compatible position/skill, grade and start date in window",PROJ-00009735,QL-0000005603,TOTE BOARD,[ATFM] Year 8 Renewal - ToteBoard - AFM,Generic Resource 6,Network L2 - Add. Req,Network Engineer L2,rule,MAPPED,,6.0,NETWORK,"Cisco Certified Network Associate (CCNA);Technical-Network-Logical network (L2, L3)-Switching & Routing Protocols",2027-03-01,2027-04-01,FY27,FY_END_PLAN,Rolling off 7-12m,18.0,,,,,,,,,,,,,,,
UNMATCHED RESOURCE,,,,,,,"no line with compatible position/skill, grade and start date in window",PROJ-00010741,QL-0000005886,MARITIME AND PORT AUTHORITY OF SINGAPORE,[ATFM] Year 8 Renewal - MPA - AFM,Generic Resource 7,Linux Engineer,Server Engineer L2,rule,MAPPED - level inferred from grade,,7.0,CLOUD,Technical-Application Development-Static Code Analysis Tool-SonarQube;Technical-Digital Workplace-Managed Services operation-RIM - UNIX;Technical-DevOps-CI/CD P,2027-03-01,2027-04-01,FY27,FY_END_PLAN,Rolling off 7-12m,18.0,,,,,,,,,,,,,,,
UNMATCHED RESOURCE,,,,,,,"no line with compatible position/skill, grade and start date in window",PROJ-00010741,QL-0000005886,MARITIME AND PORT AUTHORITY OF SINGAPORE,[ATFM] Year 8 Renewal - MPA - AFM,Generic Resource 8,DBA / GCC DBA,DBA L2,rule,MAPPED - level inferred from grade,,8.0,DATABASE,Technical-Data Management-Database Design & Development-ER Design;Technical-Cloud-Databases-Azure SQL DB;Technical-Infrastructure Management-Technical Support-D,2027-03-01,2027-04-01,FY27,FY_END_PLAN,Rolling off 7-12m,18.0,,,,,,,,,,,,,,,
UNMATCHED RESOURCE,,,,,,,"no line with compatible position/skill, grade and start date in window",PROJ-00010741,QL-0000005886,MARITIME AND PORT AUTHORITY OF SINGAPORE,[ATFM] Year 8 Renewal - MPA - AFM,Generic Resource 7,Service Delivery Director,SDD,rule,MAPPED,,7.0,SERVICE_MGMT,Functional-Development & operation-Service Management-Change Control;Functional-Development & operation-Service Management-Problem Management;Functional-Develop,2027-03-01,2027-04-01,FY27,FY_END_PLAN,Rolling off 7-12m,2.7,,,,,,,,,,,,,,,
UNMATCHED RESOURCE,,,,,,,"no line with compatible position/skill, grade and start date in window",PROJ-00010741,QL-0000005886,MARITIME AND PORT AUTHORITY OF SINGAPORE,[ATFM] Year 8 Renewal - MPA - AFM,Generic Resource 5,Network Engineer,Network Engineer L1,rule,MAPPED - level inferred from grade,,5.0,NETWORK,Cisco Certified Network Associate (CCNA);Technical-Hardware-Computer Hardware-Desktop & Laptop Troubleshooting,2027-03-01,2027-04-01,FY27,FY_END_PLAN,Rolling off 7-12m,18.0,,,,,,,,,,,,,,,
UNMATCHED RESOURCE,FOR REVIEW - position name unmapped,,,,,,"no line with compatible position/skill, grade and start date in window",PROJ-00010741,QL-0000005886,MARITIME AND PORT AUTHORITY OF SINGAPORE,[ATFM] Year 8 Renewal - MPA - AFM,Generic Resource 8,Client Success Partner,UNMAPPED - FOR REVIEW,unmapped,FOR REVIEW,IT Security Officer,8.0,SECURITY,Functional-Business Acumen-Leadership skills-Mentoring;Functional-Business Acumen-Problem-solving-Root Cause Analysis;Functional-Development & operation-Post-Sa,2027-03-01,2027-04-01,FY27,FY_END_PLAN,Rolling off 7-12m,1.46,,,,,,,,,,,,,,,
UNMATCHED RESOURCE,,,,,,,"no line with compatible position/skill, grade and start date in window",PROJ-00010681,QL-0000006005,CIVIL SERVICE COLLEGE,[ATFM] Year 8 Renewal - CSC - TFM,Generic Resource 5,03. GCC AWS Windows Cloud Engineer,Cloud Engineer L1,rule,MAPPED - level inferred from grade,,5.0,CLOUD,Azure Administrator Associate;Technical-Cloud-Cloud operation-Account Management;Technical-Cloud-Cloud operation-Disaster Recovery;Technical-Cloud-Cloud operati,2027-03-01,2027-04-01,FY27,FY_END_PLAN,Rolling off 7-12m,18.0,,,,,,,,,,,,,,,
UNMATCHED RESOURCE,,,,,,,"no line with compatible position/skill, grade and start date in window",PROJ-00007234,QL-0000003470,CENTRAL NARCOTICS BUREAU,[ATFM] Year 8 Renewal [CV]_CNB,Generic Resource 6,02. SDM - L3 (Infra),SDM,rule,MAPPED,,6.0,INFRA_OS,Technical-Cybersecurity-Advanced Threat Management-Tenable;Technical-Cybersecurity-Identity & Access Management-CyberArk PAM;Technical-Data Center Management-Se,2027-03-01,2027-04-01,FY27,FY_END_PLAN,Rolling off 7-12m,18.0,,,,,,,,,,,,,,,
UNMATCHED RESOURCE,,,,,,,"no line with compatible position/skill, grade and start date in window",PROJ-00007234,QL-0000003470,CENTRAL NARCOTICS BUREAU,[ATFM] Year 8 Renewal [CV]_CNB,Generic Resource 6,05. Server Team Lead,Server Engineer L1,rule,MAPPED - level inferred from grade,,6.0,INFRA_OS,Functional-Development & operation-E-services skills-Understanding of processes ;Functional-Language skills-Understand & Speak-Chinese;Technical-Data Center Man,2027-03-01,2027-04-01,FY27,FY_END_PLAN,Rolling off 7-12m,18.0,,,,,,,,,,,,,,,
UNMATCHED RESOURCE,,,,,,,"no line with compatible position/skill, grade and start date in window",PROJ-00007234,QL-0000003470,CENTRAL NARCOTICS BUREAU,[ATFM] Year 8 Renewal [CV]_CNB,Generic Resource 8,01. SDD,SDD,rule,MAPPED,,8.0,WORKPLACE,Technical-IOT-IOT Integration-Zigbee;ITIL Intermediate Service Operation;ITIL Operational Support and Analysis Certificate (ITILOSA);Cloud Practitioner;ITIL Ser,2027-03-01,2027-04-01,FY27,FY_END_PLAN,Rolling off 7-12m,11.7,,,,,,,,,,,,,,,
UNMATCHED RESOURCE,,,,,,,"no line with compatible position/skill, grade and start date in window",PROJ-00010639,QL-0000004874,THE ACCOUNTING AND CORPORATE REGULATORY AUTHORITY,[ATFM] Year 8 - GCC and GCC+ Day 2 support [RFQ],Generic Resource 7,Database Administrator - Transition+BAU,DBA L2,rule,MAPPED - level inferred from grade,,7.0,DATABASE,Database Administrator - Transition+BAU,2027-03-01,2027-04-01,FY27,FY_END_PLAN,Rolling off 7-12m,13.5,,,,,,,,,,,,,,,
UNMATCHED RESOURCE,FOR REVIEW - position name unmapped,,,,,,"no line with compatible position/skill, grade and start date in window",PROJ-00009736,QL-0000005604,TOTE BOARD,[ATFM] Year 8 Renewal - ToteBoard -TFM,Generic Resource 8,CSP,UNMAPPED - FOR REVIEW,unmapped,FOR REVIEW,IT Security Officer,8.0,SECURITY,Functional-Business Acumen-Leadership skills-Mentoring;Functional-Business Acumen-Problem-solving-Root Cause Analysis;Functional-Development & operation-Post-Sa,2027-03-01,2027-04-01,FY27,FY_END_PLAN,Rolling off 7-12m,1.46,,,,,,,,,,,,,,,
UNMATCHED RESOURCE,FOR REVIEW - position name unmapped,,,,,,"no line with compatible position/skill, grade and start date in window",PROJ-00009736,QL-0000005604,TOTE BOARD,[ATFM] Year 8 Renewal - ToteBoard -TFM,Generic Resource 5,Backfill + PSS (70% - 30% split),UNMAPPED - FOR REVIEW,unmapped,FOR REVIEW,Network Engineer L1,5.0,NETWORK,Technical-Network-Network Data Management-F5 Load balancers;Technical-Network-Network Monitoring-Packet Analysis;Technical-Network-Network WiFi Services-Cisco W,2027-03-01,2027-04-01,FY27,FY_END_PLAN,Rolling off 7-12m,1.46,,,,,,,,,,,,,,,
UNMATCHED RESOURCE,,,,,,,"no line with compatible position/skill, grade and start date in window",PROJ-00010679,QL-0000006002,COUNCIL FOR ESTATE AGENCIES,CEA Base Year8 FY26,Generic Resource 6,Network L2 BAU,Network Engineer L2,rule,MAPPED,,6.0,NETWORK,"Technical-Cloud-Cloud Administration-AWS-Administration;Technical-Network-Logical network (L2, L3)-Switching & Routing Protocols;Technical-Infrastructure Manage",2026-10-01,2026-11-01,FY26,CONFIRMED_END,Rolling off 0-6m,9.0,,,,,,,,,,,,,,,
UNMATCHED RESOURCE,FOR REVIEW - position name unmapped,,,,,,"no line with compatible position/skill, grade and start date in window",PROJ-00010773,QL-0000006126,SINGAPORE POLICE FORCE,[ATFM] Cisco AppDynamics APM Services for Year 8 Renewal,Generic Resource 8,Day 1,UNMAPPED - FOR REVIEW,unmapped,FOR REVIEW,Network Engineer L3,8.0,NETWORK,Palo Alto Networks Certified Network Security Engineer (PCNSE);ITIL Foundation;Certified Generative AI Engineer Associate;Functional-Development & operation-Pro,2027-03-01,2027-04-01,FY27,FY_END_PLAN,Rolling off 7-12m,13.0,,,,,,,,,,,,,,,
UNMATCHED RESOURCE,,,,,,,"no line with compatible position/skill, grade and start date in window",PROJ-00010706,QL-0000005971,OSSC,[ATFM] Year 8 Renewal - Judiciary,Generic Resource 7,24. ATFM DBA Lead,DBA L2,rule,MAPPED - level inferred from grade,,7.0,DATABASE,"ITIL Foundation;Oracle Certified Expert, Oracle Solaris 10 Network Administrator;Oracle Database 10g Administrator Certified Professional (OCP);Oracle Database ",2027-03-01,2027-04-01,FY27,FY_END_PLAN,Rolling off 7-12m,18.0,,,,,,,,,,,,,,,
UNMATCHED RESOURCE,,,,,,,"no line with compatible position/skill, grade and start date in window",PROJ-00010706,QL-0000005971,OSSC,[ATFM] Year 8 Renewal - Judiciary,Generic Resource 7,25. ATFM DBA #1,DBA L2,rule,MAPPED - level inferred from grade,,7.0,DATABASE,Technical-Data Management-Databases-Oracle DB;Technical-Infrastructure Management-Cloud Infra-Oracle Cloud Infrastructure;Technical-Oracle-Oracle Products-Oracl,2027-03-01,2027-04-01,FY27,FY_END_PLAN,Rolling off 7-12m,18.0,,,,,,,,,,,,,,,
UNMATCHED RESOURCE,,,,,,,"no line with compatible position/skill, grade and start date in window",PROJ-00010706,QL-0000005971,OSSC,[ATFM] Year 8 Renewal - Judiciary,Generic Resource 7,12. AFM State Courts/FJC Wintel Lead,Server Engineer L2,rule,MAPPED - level inferred from grade,,7.0,INFRA_OS,Technical-Data Center Management-Server Virtualization-Vmware vSphere;Technical-Microsoft-Microsoft O.S. Management-Microsoft Task Scheduler;Technical-Data Cent,2027-03-01,2027-04-01,FY27,FY_END_PLAN,Rolling off 7-12m,18.0,,,,,,,,,,,,,,,
UNMATCHED RESOURCE,,,,,,,"no line with compatible position/skill, grade and start date in window",PROJ-00010706,QL-0000005971,OSSC,[ATFM] Year 8 Renewal - Judiciary,Generic Resource 7,09. AFM Supreme Court Wintel Lead,Server Engineer L2,rule,MAPPED - level inferred from grade,,7.0,INFRA_OS,VMware Certified Professional - Data Center Virtualization (VCP-DCV);Technical-Data Center Management-Operating System-Windows Server;Technical-Microsoft-Operat,2027-03-01,2027-04-01,FY27,FY_END_PLAN,Rolling off 7-12m,18.0,,,,,,,,,,,,,,,
UNMATCHED RESOURCE,,,,,,,"no line with compatible position/skill, grade and start date in window",PROJ-00010706,QL-0000005971,OSSC,[ATFM] Year 8 Renewal - Judiciary,Generic Resource 5,10. AFM Supreme Court Wintel Engineer #1,Server Engineer L1,rule,MAPPED - level inferred from grade,,5.0,INFRA_OS,Azure Administrator Associate;Technical-Data Center Management-Server Virtualization-VMware ESXi;Technical-Data Center Management-Server Virtualization-Microsof,2027-03-01,2027-04-01,FY27,FY_END_PLAN,Rolling off 7-12m,18.0,,,,,,,,,,,,,,,
UNMATCHED RESOURCE,,,,,,,"no line with compatible position/skill, grade and start date in window",PROJ-00010706,QL-0000005971,OSSC,[ATFM] Year 8 Renewal - Judiciary,Generic Resource 6,16. AFM Network Engineer L2 #1,Network Engineer L2,rule,MAPPED,,6.0,NETWORK,Technical-Network-Network Products-Cisco wireless;Technical-Hardware-Computer Hardware-Imaging;Technical-Hardware-Computer Hardware-Maintenance Technical Suppor,2027-03-01,2027-04-01,FY27,FY_END_PLAN,Rolling off 7-12m,18.0,,,,,,,,,,,,,,,
UNMATCHED RESOURCE,,,,,,,"no line with compatible position/skill, grade and start date in window",PROJ-00010706,QL-0000005971,OSSC,[ATFM] Year 8 Renewal - Judiciary,Generic Resource 7,14. AFM Network Lead,Network Engineer L2,rule,MAPPED - level inferred from grade,,7.0,NETWORK,Cisco Certified Network Associate (CCNA);Technical-Network-Physical Network (L1)-Topology;Cisco Certified Specialist - Enterprise Advanced Infrastructure Implem,2027-03-01,2027-04-01,FY27,FY_END_PLAN,Rolling off 7-12m,18.0,,,,,,,,,,,,,,,
UNMATCHED RESOURCE,,,,,,,"no line with compatible position/skill, grade and start date in window",PROJ-00010706,QL-0000005971,OSSC,[ATFM] Year 8 Renewal - Judiciary,Generic 4,15. AFM Network Engineer L1,Network Engineer L1,rule,MAPPED,,4.0,NETWORK,Cisco Certified Network Associate (CCNA);Technical-Data Center operation-IT operation-ITIL Standards;Technical-Network-Network Security-Access Control List (ACL,2027-03-01,2027-04-01,FY27,FY_END_PLAN,Rolling off 7-12m,18.0,,,,,,,,,,,,,,,
UNMATCHED RESOURCE,,,,,,,"no line with compatible position/skill, grade and start date in window",PROJ-00010706,QL-0000005971,OSSC,[ATFM] Year 8 Renewal - Judiciary,Generic Resource 7,13. AFM State Courts/FJC Wintel Engineer #1,Server Engineer L2,rule,MAPPED - level inferred from grade,,7.0,INFRA_OS,Technical-Data & Analytics-Business Intelligence Tools-Logstash;Technical-Data Center Management-Backup Management-Backup Administration;Technical-Data Center M,2027-03-01,2027-04-01,FY27,FY_END_PLAN,Rolling off 7-12m,18.0,,,,,,,,,,,,,,,
UNMATCHED RESOURCE,,,,,,,"no line with compatible position/skill, grade and start date in window",PROJ-00010706,QL-0000005971,OSSC,[ATFM] Year 8 Renewal - Judiciary,Generic Resource 12,99. AFM IT Admin #4 (Roving) - Pugu transferred to Sector 1 - TRANSFERRED,DCOps,rule,MAPPED,,3.0,SECURITY,AWS Certified Solutions Architect – Associate;Technical-Network-Standards-Protocols;Functional-Development & operation-Security & Privacy-Information Security;T,2026-06-01,2026-07-01,FY26,CONFIRMED_END,Available now,9.0,,,,,,,,,,,,,,,
UNMATCHED RESOURCE,,,,,,,"no line with compatible position/skill, grade and start date in window",PROJ-00010706,QL-0000005971,OSSC,[ATFM] Year 8 Renewal - Judiciary,Generic Resource 12,18. AFM IT Admin #1,DCOps,rule,MAPPED,,3.0,PROJECT_MGMT,Functional-Language skills-Write-Hindi;Functional-Language skills-Read-Hindi;Functional-Personal and interpersonal skills-Critical thinking-Asking questions;Fun,2027-03-01,2027-04-01,FY27,FY_END_PLAN,Rolling off 7-12m,18.0,,,,,,,,,,,,,,,
UNMATCHED RESOURCE,,,,,,,"no line with compatible position/skill, grade and start date in window",PROJ-00010706,QL-0000005971,OSSC,[ATFM] Year 8 Renewal - Judiciary,Generic 4,21. AFM DC Ops #1,DCOps,rule,MAPPED,,4.0,INFRA_OS,Functional-Language skills-Understand & Speak-English;Technical-Data Center Management-Backup Management-Veritas Netbackup;Technical-Data Center Management-Back,2027-03-01,2027-04-01,FY27,FY_END_PLAN,Rolling off 7-12m,18.0,,,,,,,,,,,,,,,
UNMATCHED RESOURCE,,,,,,,"no line with compatible position/skill, grade and start date in window",PROJ-00010706,QL-0000005971,OSSC,[ATFM] Year 8 Renewal - Judiciary,Generic Resource 12,22. AFM DC Ops #2,DCOps,rule,MAPPED,,3.0,WORKPLACE,Technical-Microsoft 365-Office Productivity-Microsoft Power Point;Technical-Hardware-Computer Hardware-Deployment;Technical-Hardware-Computer Hardware-System Up,2027-03-01,2027-04-01,FY27,FY_END_PLAN,Rolling off 7-12m,18.0,,,,,,,,,,,,,,,
UNMATCHED RESOURCE,,,,,,,"no line with compatible position/skill, grade and start date in window",PROJ-00010706,QL-0000005971,OSSC,[ATFM] Year 8 Renewal - Judiciary,Generic Resource 12,23. AFM DC Ops #3,DCOps,rule,MAPPED,,3.0,INFRA_OS,Technical-Data Center operation-Data Center Infrastructure Monitoring-Room Power Distribution Units;Technical-Data Center operation-Data Center Infrastructure M,2027-03-01,2027-04-01,FY27,FY_END_PLAN,Rolling off 7-12m,18.0,,,,,,,,,,,,,,,
UNMATCHED RESOURCE,,,,,,,"no line with compatible position/skill, grade and start date in window",PROJ-00010698,QL-0000005481,ENERGY MARKET AUTHORITY,[ATFM] Year 8 Renewal [CV]_EMA,Generic Resource 7,Back-up and Storage,Backup/Storage Engineer L2,rule,MAPPED - level inferred from grade,,7.0,INFRA_OS,Symantec NetBackup Administrator;ITIL Foundation certificate in IT Service Management;Google Cloud Associate Cloud Engineer;Technical-Data Center Management-Bac,2027-03-01,2027-04-01,FY27,FY_END_PLAN,Rolling off 7-12m,18.0,,,,,,,,,,,,,,,
UNMATCHED RESOURCE,,,,,,,"no line with compatible position/skill, grade and start date in window",PROJ-00010698,QL-0000005481,ENERGY MARKET AUTHORITY,[ATFM] Year 8 Renewal [CV]_EMA,Generic Resource 8,Cloud Architect,Cloud Architect,rule,MAPPED,,8.0,CLOUD,ITIL Foundation;Technical-Cloud-Cloud DB-SQL Server Operation;Technical-Cloud-Cloud Governance-AWS Control Tower;Technical-Cloud-Cloud DB-Redis Operation;Techni,2026-05-01,2026-06-01,FY26,CONFIRMED_END,Available now,1.6,,,,,,,,,,,,,,,
UNMATCHED RESOURCE,,,,,,,"no line with compatible position/skill, grade and start date in window",PROJ-00010698,QL-0000005481,ENERGY MARKET AUTHORITY,[ATFM] Year 8 Renewal [CV]_EMA,Generic Resource 9,Cloud DD,Cloud Engineer L2,rule,MAPPED - level inferred from grade,,9.0,CLOUD,Technical-AI & ML-GenAI Platform-IBM Watson,2026-05-01,2026-06-01,FY26,CONFIRMED_END,Available now,1.8,,,,,,,,,,,,,,,
UNMATCHED RESOURCE,FOR REVIEW - position name unmapped,,,,,,"no line with compatible position/skill, grade and start date in window",PROJ-00010698,QL-0000005481,ENERGY MARKET AUTHORITY,[ATFM] Year 8 Renewal [CV]_EMA,Generic Resource 8,Senior Client Partner,UNMAPPED - FOR REVIEW,unmapped,FOR REVIEW,IT Security Officer,8.0,SECURITY,Functional-Business Acumen-Leadership skills-Mentoring;Functional-Business Acumen-Problem-solving-Root Cause Analysis;Functional-Development & operation-Post-Sa,2027-03-01,2027-04-01,FY27,FY_END_PLAN,Rolling off 7-12m,1.48,,,,,,,,,,,,,,,
UNMATCHED RESOURCE,,,,,,,"no line with compatible position/skill, grade and start date in window",PROJ-00010698,QL-0000005481,ENERGY MARKET AUTHORITY,[ATFM] Year 8 Renewal [CV]_EMA,Generic Resource 7,SDD,SDD,rule,MAPPED,,7.0,SERVICE_MGMT,Functional-Development & operation-Service Management-Change Control;Functional-Development & operation-Service Management-Problem Management;Functional-Develop,2027-03-01,2027-04-01,FY27,FY_END_PLAN,Rolling off 7-12m,1.8,,,,,,,,,,,,,,,
UNMATCHED RESOURCE,,,,,,,"no line with compatible position/skill, grade and start date in window",PROJ-00010698,QL-0000005481,ENERGY MARKET AUTHORITY,[ATFM] Year 8 Renewal [CV]_EMA,Generic Resource 7,ITSO,IT Security Officer,mapping_sheet,MAPPED,,7.0,SECURITY,Technical-Security-Cybersecurity-ISO 27001 Standards;Technical-Cybersecurity-Security-Security Management;Technical-Security-Risk & compliance-Audit and Complia,2027-03-01,2027-04-01,FY27,FY_END_PLAN,Rolling off 7-12m,18.0,,,,,,,,,,,,,,,
UNMATCHED RESOURCE,,,,,,,"no line with compatible position/skill, grade and start date in window",PROJ-00010698,QL-0000005481,ENERGY MARKET AUTHORITY,[ATFM] Year 8 Renewal [CV]_EMA,Generic Resource 7,Database Administrator,DBA L2,rule,MAPPED - level inferred from grade,,7.0,DATABASE,Technical-Cloud-Databases-Azure SQL DB;Technical-Data Management-Databases-MySQL;Technical-Cloud-Cloud DB-SQL Server Operation;Technical-Data Management-SQL-Ora,2027-03-01,2027-04-01,FY27,FY_END_PLAN,Rolling off 7-12m,18.0,,,,,,,,,,,,,,,
UNMATCHED RESOURCE,,,,,,,"no line with compatible position/skill, grade and start date in window",PROJ-00010698,QL-0000005481,ENERGY MARKET AUTHORITY,[ATFM] Year 8 Renewal [CV]_EMA,Generic Resource 7,DBA,DBA L2,rule,MAPPED - level inferred from grade,,7.0,DATABASE,Technical-Data Center Management-Database Management-MS SQL Administration;Technical-Digital Workplace-Persona based config & Experience-Batch / CMD Scripting;T,2027-03-01,2027-04-01,FY27,FY_END_PLAN,Rolling off 7-12m,8.8,,,,,,,,,,,,,,,
UNMATCHED RESOURCE,,,,,,,"no line with compatible position/skill, grade and start date in window",PROJ-00010698,QL-0000005481,ENERGY MARKET AUTHORITY,[ATFM] Year 8 Renewal [CV]_EMA,Generic Resource 7,Wintel Engineer,Server Engineer L2,rule,MAPPED - level inferred from grade,,7.0,SECURITY,Functional-Business Acumen-Strategic thinking-Prioritization;Functional-Business Acumen-Problem-solving-Logical reasoning;Functional-Business Acumen-Problem-sol,2027-03-01,2027-04-01,FY27,FY_END_PLAN,Rolling off 7-12m,18.0,,,,,,,,,,,,,,,
UNMATCHED RESOURCE,,,,,,,"no line with compatible position/skill, grade and start date in window",PROJ-00010698,QL-0000005481,ENERGY MARKET AUTHORITY,[ATFM] Year 8 Renewal [CV]_EMA,Generic Resource 7,SDM,SDM,rule,MAPPED,,7.0,SERVICE_MGMT,ITIL Service Operation,2027-03-01,2027-04-01,FY27,FY_END_PLAN,Rolling off 7-12m,18.0,,,,,,,,,,,,,,,
UNMATCHED RESOURCE,,,,,,,"no line with compatible position/skill, grade and start date in window",PROJ-00010698,QL-0000005481,ENERGY MARKET AUTHORITY,[ATFM] Year 8 Renewal [CV]_EMA,Generic Resource 7,Linux Engineer,Server Engineer L2,rule,MAPPED - level inferred from grade,,7.0,CLOUD,Red Hat Certified System Administrator (RHCSA);Red Hat Certified Engineer (RHCE);Azure Fundamentals;Technical-Data Center Management-Operating System-Linux - Re,2027-03-01,2027-04-01,FY27,FY_END_PLAN,Rolling off 7-12m,18.0,,,,,,,,,,,,,,,
UNMATCHED RESOURCE,,,,,,,"no line with compatible position/skill, grade and start date in window",PROJ-00010698,QL-0000005481,ENERGY MARKET AUTHORITY,[ATFM] Year 8 Renewal [CV]_EMA,Generic Resource 7,Wintel Engineer,Server Engineer L2,rule,MAPPED - level inferred from grade,,7.0,INFRA_OS,Technical-Microsoft-Operating System-Microsoft Windows 10/11;Technical-Digital Workplace-Device Security-Security Patch deployment;Technical-Data Center Managem,2027-03-01,2027-04-01,FY27,FY_END_PLAN,Rolling off 7-12m,18.0,,,,,,,,,,,,,,,
UNMATCHED RESOURCE,,,,,,,"no line with compatible position/skill, grade and start date in window",PROJ-00010817,QL-0000005978,COMPETITION AND CONSUMER COMMISSION OF SINGAPORE,[ATFM] Year 8 Renewal - CCCS,Generic 4,System Engineer L2,Server Engineer L2,rule,MAPPED,,4.0,WORKPLACE,Technical-Data Center Management-AD Administration-MS Active Directory;Technical-Microsoft 365-Office Productivity-Microsoft Excel;Technical-Cloud-Compute-Windo,2027-03-01,2027-04-01,FY27,FY_END_PLAN,Rolling off 7-12m,18.0,,,,,,,,,,,,,,,
UNMATCHED RESOURCE,,,,,,,"no line with compatible position/skill, grade and start date in window",PROJ-00010817,QL-0000005978,COMPETITION AND CONSUMER COMMISSION OF SINGAPORE,[ATFM] Year 8 Renewal - CCCS,Generic Resource 7,Network Engineer L2,Network Engineer L2,rule,MAPPED,,7.0,NETWORK,Cisco Certified Network Associate (CCNA);Technical-Network-Network Security-Cisco ISE;Technical-Microsoft 365-Office Productivity-Microsoft Visio;Technical-Netw,2027-03-01,2027-04-01,FY27,FY_END_PLAN,Rolling off 7-12m,9.0,,,,,,,,,,,,,,,
UNMATCHED RESOURCE,,,,,,,"no line with compatible position/skill, grade and start date in window",PROJ-00010817,QL-0000005978,COMPETITION AND CONSUMER COMMISSION OF SINGAPORE,[ATFM] Year 8 Renewal - CCCS,Generic Resource 7,ITSO,IT Security Officer,mapping_sheet,MAPPED,,7.0,SECURITY,"Technical-Cybersecurity-Governance, Risk & Compliance-NIST CSF;Technical-Security-Infrastructure Security-Penetration Testing;Certified Information Security Man",2027-03-01,2027-04-01,FY27,FY_END_PLAN,Rolling off 7-12m,4.5,,,,,,,,,,,,,,,
UNMATCHED RESOURCE,,,,,,,"no line with compatible position/skill, grade and start date in window",PROJ-00010817,QL-0000005978,COMPETITION AND CONSUMER COMMISSION OF SINGAPORE,[ATFM] Year 8 Renewal - CCCS,Generic Resource 7,DBA,DBA L2,rule,MAPPED - level inferred from grade,,7.0,DATABASE,Azure Administrator Associate;Oracle Cloud Infrastructure 2021 Foundations Associate;Government on Commercial Cloud (GCC) Foundation Certification;Oracle Databa,2027-03-01,2027-04-01,FY27,FY_END_PLAN,Rolling off 7-12m,4.5,,,,,,,,,,,,,,,
UNMATCHED RESOURCE,,,,,,,"no line with compatible position/skill, grade and start date in window",PROJ-00011210,QL-0000006339,"AGENCY FOR SCIENCE, TECHNOLOGY AND RESEARCH",[Non-ATFM]: WOA CV extension for 3 month,Generic 4,Service Desk L1 - 1,Service Desk Agent,rule,MAPPED,,4.0,SERVICE_MGMT,BMC Certified Associate: Remedy AR System 9_0;Project Management Professional (PMP);BMC Certified Associate: Helix ITSM for Administrators;BMC Certified Associa,2026-08-01,2026-09-01,FY26,CONFIRMED_END,Available now,8.2,,,,,,,,,,,,,,,
UNMATCHED RESOURCE,,,,,,,"no line with compatible position/skill, grade and start date in window",PROJ-00011210,QL-0000006339,"AGENCY FOR SCIENCE, TECHNOLOGY AND RESEARCH",[Non-ATFM]: WOA CV extension for 3 month,Generic Resource 5,Desktop L2,Mobile/Desktop Engineer,rule,MAPPED,,5.0,WORKPLACE,Technical-Hardware-Computer Hardware-Desktop & Laptop Troubleshooting,2026-08-01,2026-09-01,FY26,CONFIRMED_END,Available now,18.0,,,,,,,,,,,,,,,
UNMATCHED RESOURCE,,,,,,,"no line with compatible position/skill, grade and start date in window",PROJ-00011210,QL-0000006339,"AGENCY FOR SCIENCE, TECHNOLOGY AND RESEARCH",[Non-ATFM]: WOA CV extension for 3 month,Generic Resource 12,Service Desk,Service Desk Agent,rule,MAPPED,,3.0,CLOUD,Technical-Cloud-Cloud operation-Disaster Recovery,2026-08-01,2026-09-01,FY26,CONFIRMED_END,Available now,18.0,,,,,,,,,,,,,,,
UNMATCHED RESOURCE,,,,,,,"no line with compatible position/skill, grade and start date in window",PROJ-00011210,QL-0000006339,"AGENCY FOR SCIENCE, TECHNOLOGY AND RESEARCH",[Non-ATFM]: WOA CV extension for 3 month,Generic Resource 12,Service Desk,Service Desk Agent,rule,MAPPED,,3.0,SECURITY,Functional-Development & operation-Security & Privacy-Information Security,2026-08-01,2026-09-01,FY26,CONFIRMED_END,Available now,18.0,,,,,,,,,,,,,,,
UNMATCHED RESOURCE,,,,,,,"no line with compatible position/skill, grade and start date in window",PROJ-00011210,QL-0000006339,"AGENCY FOR SCIENCE, TECHNOLOGY AND RESEARCH",[Non-ATFM]: WOA CV extension for 3 month,Generic 4,Desktop L2,Mobile/Desktop Engineer,rule,MAPPED,,4.0,WORKPLACE,Technical-Data Center Management-AD Administration-MS Active Directory;Technical-Digital Workplace-Persona based config & Experience-SCCM ;Technical-Data Center,2026-08-01,2026-09-01,FY26,CONFIRMED_END,Available now,18.0,,,,,,,,,,,,,,,
UNMATCHED RESOURCE,,,,,,,"no line with compatible position/skill, grade and start date in window",PROJ-00011210,QL-0000006339,"AGENCY FOR SCIENCE, TECHNOLOGY AND RESEARCH",[Non-ATFM]: WOA CV extension for 3 month,Generic Resource 5,Desktop L2 - team lead,Mobile/Desktop Engineer,rule,MAPPED,,5.0,CLOUD,Functional-Business Acumen-Leadership skills-Team & People management ;Technical-Cloud-Compute-Windows OS;Solutions Architect Associate,2026-08-01,2026-09-01,FY26,CONFIRMED_END,Available now,18.0,,,,,,,,,,,,,,,
UNMATCHED RESOURCE,,,,,,,"no line with compatible position/skill, grade and start date in window",PROJ-00011210,QL-0000006339,"AGENCY FOR SCIENCE, TECHNOLOGY AND RESEARCH",[Non-ATFM]: WOA CV extension for 3 month,Generic Resource 7,ITSM Engineer,IT Service Mgt Engineer,rule,MAPPED,,7.0,SERVICE_MGMT,ServiceNow Implementation Specialist - Customer Service Management (CSM) Certification;ServiceNow Certified Implementation Specialist - IT Service Management Ce,2026-06-01,2026-07-01,FY26,CONFIRMED_END,Available now,5.0,,,,,,,,,,,,,,,
UNMATCHED RESOURCE,,,,,,,"no line with compatible position/skill, grade and start date in window",PROJ-00011210,QL-0000006339,"AGENCY FOR SCIENCE, TECHNOLOGY AND RESEARCH",[Non-ATFM]: WOA CV extension for 3 month,Generic Resource 12,Desktop L2 - 4,Mobile/Desktop Engineer,rule,MAPPED,,3.0,CLOUD,Technical-Cloud-Compute-Windows OS,2026-08-01,2026-09-01,FY26,CONFIRMED_END,Available now,18.0,,,,,,,,,,,,,,,
UNMATCHED RESOURCE,,,,,,,"no line with compatible position/skill, grade and start date in window",PROJ-00011210,QL-0000006339,"AGENCY FOR SCIENCE, TECHNOLOGY AND RESEARCH",[Non-ATFM]: WOA CV extension for 3 month,Generic Resource 5,Desktop L2 - 5,Mobile/Desktop Engineer,rule,MAPPED,,5.0,WORKPLACE,Technical-Hardware-Computer Hardware-System Diagnostics;Technical-Microsoft 365-Office Productivity-Microsoft Outlook;Technical-Microsoft 365-Office Productivit,2026-08-01,2026-09-01,FY26,CONFIRMED_END,Available now,18.0,,,,,,,,,,,,,,,
UNMATCHED RESOURCE,,,,,,,"no line with compatible position/skill, grade and start date in window",PROJ-00011210,QL-0000006339,"AGENCY FOR SCIENCE, TECHNOLOGY AND RESEARCH",[Non-ATFM]: WOA CV extension for 3 month,Generic Resource 12,Desktop L1,Mobile/Desktop Engineer,rule,MAPPED,,3.0,WORKPLACE,Technical-Microsoft 365-Office Productivity-Microsoft Excel;Technical-Microsoft 365-Office Productivity-Microsoft Word;Technical-Microsoft 365-Office Productivi,2026-08-01,2026-09-01,FY26,CONFIRMED_END,Available now,18.0,,,,,,,,,,,,,,,
UNMATCHED RESOURCE,FOR REVIEW - position name unmapped,,,,,,"no line with compatible position/skill, grade and start date in window",PROJ-00011160,QL-0000006347,HOME TEAM SCIENCE AND TECHNOLOGY AGENCY,[ATFM] xEDI Operation for HTX,Generic Resource 8,Project Director,UNMAPPED - FOR REVIEW,unmapped,FOR REVIEW,Project Manager,8.0,PROJECT_MGMT,ITIL 4 Foundation Certificate in IT Service Management;AWS Certified Solutions Architect – Associate;Functional-Delivery Management-Business operation-Operation,2027-03-01,2027-04-01,FY27,FY_END_PLAN,Rolling off 7-12m,11.7,,,,,,,,,,,,,,,
UNMATCHED RESOURCE,,,,,,,"no line with compatible position/skill, grade and start date in window",PROJ-00011160,QL-0000006347,HOME TEAM SCIENCE AND TECHNOLOGY AGENCY,[ATFM] xEDI Operation for HTX,Generic Resource 7,Network Engineer (2),Network Engineer L2,rule,MAPPED - level inferred from grade,,7.0,NETWORK,Certified Internet Associate (JNCIA-Junos);Machine Learning Specialization;Azure Fundamentals;Technical-Cloud-Multi-cloud Networking-Cisco ACI;Technical-Applica,2027-03-01,2027-04-01,FY27,FY_END_PLAN,Rolling off 7-12m,18.0,,,,,,,,,,,,,,,
UNMATCHED RESOURCE,,,,,,,"no line with compatible position/skill, grade and start date in window",PROJ-00011160,QL-0000006347,HOME TEAM SCIENCE AND TECHNOLOGY AGENCY,[ATFM] xEDI Operation for HTX,Generic Resource 7,Wintel Engineer,Server Engineer L2,rule,MAPPED - level inferred from grade,,7.0,SECURITY,ITIL Foundation Certificate in IT Service Management;Certified Security Analyst Certification;IT Certification(WDA)Support & Maintain IT infrastructure;Certifie,2027-03-01,2027-04-01,FY27,FY_END_PLAN,Rolling off 7-12m,18.0,,,,,,,,,,,,,,,
UNMATCHED RESOURCE,FOR REVIEW - position name unmapped,,,,,,"no line with compatible position/skill, grade and start date in window",PROJ-00011160,QL-0000006347,HOME TEAM SCIENCE AND TECHNOLOGY AGENCY,[ATFM] xEDI Operation for HTX,Generic Resource 8,System Lead,UNMAPPED - FOR REVIEW,unmapped,FOR REVIEW,Server Engineer L2,8.0,INFRA_OS,"Specialist - Implementation Engineer, Dell EMC Unity Solutions Version 2.0 certificate;Oracle Certified Expert, Oracle Solaris 10 Network Administrator;Technica",2026-10-01,2026-11-01,FY26,CONFIRMED_END,Rolling off 0-6m,18.0,,,,,,,,,,,,,,,
UNMATCHED RESOURCE,,,,,,,"no line with compatible position/skill, grade and start date in window",PROJ-00011160,QL-0000006347,HOME TEAM SCIENCE AND TECHNOLOGY AGENCY,[ATFM] xEDI Operation for HTX,Generic Resource 7,DBA,DBA L2,rule,MAPPED - level inferred from grade,,7.0,CLOUD,PRINCE2 Practitioner;ITIL Foundation;AWS Certified Solutions Architect – Associate;Project Management Professional (PMP);Azure Solutions Architect Expert,2027-03-01,2027-04-01,FY27,FY_END_PLAN,Rolling off 7-12m,9.0,,,,,,,,,,,,,,,
UNMATCHED RESOURCE,,,,,,,"no line with compatible position/skill, grade and start date in window",PROJ-00011160,QL-0000006347,HOME TEAM SCIENCE AND TECHNOLOGY AGENCY,[ATFM] xEDI Operation for HTX,Generic Resource 8,Project Manager,Project Manager,mapping_sheet,MAPPED,,8.0,NETWORK,Technical-Network-Network Products-SD-WAN;Technical-Network-Network Security-Aruba Clearpass;Technical-Security-Infrastructure Security-Vulnerability Assessment,2027-03-01,2027-04-01,FY27,FY_END_PLAN,Rolling off 7-12m,18.0,,,,,,,,,,,,,,,
UNMATCHED RESOURCE,,,,,,,"no line with compatible position/skill, grade and start date in window",PROJ-00011160,QL-0000006347,HOME TEAM SCIENCE AND TECHNOLOGY AGENCY,[ATFM] xEDI Operation for HTX,Generic Resource 8,Operation Manager,SDM,mapping_sheet,MAPPED,,8.0,NETWORK,Cisco Certified Network Associate (CCNA);ITIL Foundation;Technical-Network-Network Security-Cisco ASA;Cisco Certified Network Professional (CCNP);Check Point Ce,2027-03-01,2027-04-01,FY27,FY_END_PLAN,Rolling off 7-12m,18.0,,,,,,,,,,,,,,,
UNMATCHED RESOURCE,,,,,,,"no line with compatible position/skill, grade and start date in window",PROJ-00011160,QL-0000006347,HOME TEAM SCIENCE AND TECHNOLOGY AGENCY,[ATFM] xEDI Operation for HTX,Generic Resource 8,Network Lead,Network Engineer L3,rule,MAPPED - level inferred from grade,,8.0,NETWORK,Cisco Certified Network Professional (CCNP) Security;Technical-Network-Network Products-Cisco switch;Technical-Network-Engineering-Wireless network design and o,2027-03-01,2027-04-01,FY27,FY_END_PLAN,Rolling off 7-12m,18.0,,,,,,,,,,,,,,,
UNMATCHED RESOURCE,,,,,,,"no line with compatible position/skill, grade and start date in window",PROJ-00010825,QL-0000006027,YELLOW RIBBON SINGAPORE,[ATFM] Year 8 Renewal - YRSG,Generic 4,Server (Wintel)-2,Server Engineer L1,rule,MAPPED - level inferred from grade,,4.0,INFRA_OS,Solutions Architect Associate;Technical-Cloud-Compute-Windows OS;Technical-Microsoft-Operating System-Microsoft Windows Server;Technical-Microsoft-Operating Sys,2027-03-01,2027-04-01,FY27,FY_END_PLAN,Rolling off 7-12m,18.0,,,,,,,,,,,,,,,
UNMATCHED RESOURCE,,,,,,,"no line with compatible position/skill, grade and start date in window",PROJ-00010825,QL-0000006027,YELLOW RIBBON SINGAPORE,[ATFM] Year 8 Renewal - YRSG,Generic Resource 7,Server (Unix) - 2,Server Engineer L2,rule,MAPPED - level inferred from grade,,7.0,DATABASE,Certified Ethical Hacker;Technical-Data Center Management-Backup Management-EMC NetWorker;Technical-Data Management-Databases-Oracle DB;Technical-Oracle-Oracle ,2027-03-01,2027-04-01,FY27,FY_END_PLAN,Rolling off 7-12m,4.5,,,,,,,,,,,,,,,
UNMATCHED RESOURCE,,,,,,,"no line with compatible position/skill, grade and start date in window",PROJ-00010825,QL-0000006027,YELLOW RIBBON SINGAPORE,[ATFM] Year 8 Renewal - YRSG,Generic Resource 7,DBA - L2 - 2,DBA L2,rule,MAPPED,,7.0,DATABASE,"Microsoft Certified Technology Specialist (MCTS): SQL Server 2008, Implementation and Maintenance;Microsoft Certified Solutions Associate (MCSA): SQL 2016 Datab",2027-03-01,2027-04-01,FY27,FY_END_PLAN,Rolling off 7-12m,18.0,,,,,,,,,,,,,,,
UNMATCHED RESOURCE,,,,,,,"no line with compatible position/skill, grade and start date in window",PROJ-00010825,QL-0000006027,YELLOW RIBBON SINGAPORE,[ATFM] Year 8 Renewal - YRSG,Generic Resource 7,SDM,SDM,rule,MAPPED,,7.0,NETWORK,Technical-Network-Physical Network (L1)-Topology;ITIL Foundation;Azure Network Engineer Associate;Cisco Certified Network Associate (CCNA);Technical-Infrastruct,2027-03-01,2027-04-01,FY27,FY_END_PLAN,Rolling off 7-12m,9.0,,,,,,,,,,,,,,,
UNMATCHED RESOURCE,FOR REVIEW - position name unmapped,,,,,,"no line with compatible position/skill, grade and start date in window",PROJ-00007010,QL-0000003501,DESIGNSINGAPORE COUNCIL PTE. LTD.,[Non-ATFM] IT Managed Services_DSC,Generic Resource 12,Year 1 and Year 2 - BAU -2,UNMAPPED - FOR REVIEW,unmapped,FOR REVIEW,IT Security Officer,3.0,SECURITY,Technical-Cybersecurity-Identity & Access Management-CyberArk PAM;Functional-Development & operation-Security & Privacy-Information Security;Technical-Adobe-Ado,2027-03-01,2027-04-01,FY27,FY_END_PLAN,Rolling off 7-12m,9.0,,,,,,,,,,,,,,,
UNMATCHED RESOURCE,FOR REVIEW - position name unmapped,,,,,,"no line with compatible position/skill, grade and start date in window",PROJ-00007010,QL-0000003501,DESIGNSINGAPORE COUNCIL PTE. LTD.,[Non-ATFM] IT Managed Services_DSC,Generic Resource 7,Year 1 and Year 2 - BAU -4,UNMAPPED - FOR REVIEW,unmapped,FOR REVIEW,Mobile/Desktop Engineer,7.0,WORKPLACE,Technical-Infrastructure Management-Asset Management-Asset Management;ITIL Foundation;Technical-Infrastructure Management-End User Support-Technical Support;Tec,2027-03-01,2027-04-01,FY27,FY_END_PLAN,Rolling off 7-12m,2.0,,,,,,,,,,,,,,,
UNMATCHED RESOURCE,,,,,,,"no line with compatible position/skill, grade and start date in window",PROJ-00010709,QL-0000006082,ISEAS - YUSOF ISHAK INSTITUTE,[ATFM] Year 8 Renewal - ISEAS -AFM,Generic Resource 7,Network Engineer,Network Engineer L2,rule,MAPPED - level inferred from grade,,7.0,NETWORK,Cisco Certified Network Associate (CCNA);Technical-Network-Network Security-Cisco ISE;Technical-Microsoft 365-Office Productivity-Microsoft Visio;Technical-Netw,2026-06-01,2026-07-01,FY26,CONFIRMED_END,Available now,1.8,,,,,,,,,,,,,,,
UNMATCHED RESOURCE,,,,,,,"no line with compatible position/skill, grade and start date in window",PROJ-00007326,QL-0000003691,MARITIME AND PORT AUTHORITY OF SINGAPORE,[Non-ATFM] IT Infrastructure Managed Services,Generic Resource 7,Cloud DBA,Cloud DBA L2,rule,MAPPED - level inferred from grade,,7.0,DATABASE,Azure Administrator Associate;Technical-Data Management-Databases-PostgreSQL DB;Azure Database Administrator Associate;Oracle Database Administrator Certified P,2027-03-01,2027-04-01,FY27,CONFIRMED_END,Rolling off 7-12m,18.0,,,,,,,,,,,,,,,
UNMATCHED RESOURCE,,,,,,,"no line with compatible position/skill, grade and start date in window",PROJ-00007326,QL-0000003691,MARITIME AND PORT AUTHORITY OF SINGAPORE,[Non-ATFM] IT Infrastructure Managed Services,Generic Resource 7,Cloud DBA -2,Cloud DBA L2,rule,MAPPED - level inferred from grade,,7.0,WORKPLACE,Technical-Microsoft 365-Sharepoint-SP On-premise Administration;Technical-Microsoft 365-Office Productivity-Microsoft OneDrive;Technical-Microsoft 365-Office Pr,2027-03-01,2027-04-01,FY27,CONFIRMED_END,Rolling off 7-12m,18.0,,,,,,,,,,,,,,,
UNMATCHED RESOURCE,,,,,,,"no line with compatible position/skill, grade and start date in window",PROJ-00007326,QL-0000003691,MARITIME AND PORT AUTHORITY OF SINGAPORE,[Non-ATFM] IT Infrastructure Managed Services,Generic Resource 7,System Engineer (Windows) L2,Server Engineer L2,rule,MAPPED,,7.0,CLOUD,Nutanix Certified Professional - Multicloud Infrastructure (NCP-MCI);Microsoft Certified Systems Engineer (MCSE);Project Management Professional (PMP);Solutions,2027-03-01,2027-04-01,FY27,CONFIRMED_END,Rolling off 7-12m,18.0,,,,,,,,,,,,,,,
UNMATCHED RESOURCE,,,,,,,"no line with compatible position/skill, grade and start date in window",PROJ-00011519,QL-0000006614,MINISTRY OF TRADE AND INDUSTRY,[ATFM] Additional PSS works & System Restoration project,Generic Resource 6,NETWORK - L2 - BAU (0.5 HC),Network Engineer L2,rule,MAPPED,,6.0,NETWORK,Technical-Network-Network Data Management-F5 Load balancers;Technical-Network-Network Monitoring-Packet Analysis;Technical-Network-Network WiFi Services-Cisco W,2027-03-01,2027-04-01,FY27,FY_END_PLAN,Rolling off 7-12m,9.0,,,,,,,,,,,,,,,
UNMATCHED RESOURCE,FOR REVIEW - position name unmapped,,,,,,"no line with compatible position/skill, grade and start date in window",PROJ-00011519,QL-0000006614,MINISTRY OF TRADE AND INDUSTRY,[ATFM] Additional PSS works & System Restoration project,Generic Resource 7,Day 1 Team,UNMAPPED - FOR REVIEW,unmapped,FOR REVIEW,Cloud Engineer L2,7.0,CLOUD,AWS Certified CloudOps Engineer - Associate;Technical-DevOps-Container Management-Kubernetes;Technical-Cloud-Cloud Administration-MS Azure-Administration;Techni,2027-03-01,2027-04-01,FY27,FY_END_PLAN,Rolling off 7-12m,18.0,,,,,,,,,,,,,,,
UNMATCHED RESOURCE,FOR REVIEW - position name unmapped,,,,,,"no line with compatible position/skill, grade and start date in window",PROJ-00011519,QL-0000006614,MINISTRY OF TRADE AND INDUSTRY,[ATFM] Additional PSS works & System Restoration project,Generic Resource 8,Day 1 Team,UNMAPPED - FOR REVIEW,unmapped,FOR REVIEW,Cloud Engineer L2,8.0,CLOUD,ITIL Foundation;Technical-Cloud-Cloud DB-SQL Server Operation;Technical-Cloud-Cloud Governance-AWS Control Tower;Technical-Cloud-Cloud DB-Redis Operation;Techni,2027-03-01,2027-04-01,FY27,FY_END_PLAN,Rolling off 7-12m,3.6,,,,,,,,,,,,,,,
UNMATCHED RESOURCE,FOR REVIEW - position name unmapped,,,,,,"no line with compatible position/skill, grade and start date in window",PROJ-00011519,QL-0000006614,MINISTRY OF TRADE AND INDUSTRY,[ATFM] Additional PSS works & System Restoration project,Generic Resource 9,Day 1 Team,UNMAPPED - FOR REVIEW,unmapped,FOR REVIEW,,9.0,,Technical-AI & ML-GenAI Platform-IBM Watson,2026-12-01,2027-01-01,FY26,CONFIRMED_END,Rolling off 0-6m,3.6,,,,,,,,,,,,,,,
UNMATCHED RESOURCE,FOR REVIEW - position name unmapped,,,,,,"no line with compatible position/skill, grade and start date in window",PROJ-00011519,QL-0000006614,MINISTRY OF TRADE AND INDUSTRY,[ATFM] Additional PSS works & System Restoration project,Generic Resource 7,Day 1 Team,UNMAPPED - FOR REVIEW,unmapped,FOR REVIEW,Cloud Engineer L2,7.0,CLOUD,Technical-Cloud-Cloud Administration-MS Azure-Administration;Technical-Digital Workplace-Digital Workplace & Advisory-ITIL Framework;Functional-Business Acumen-,2027-03-01,2027-04-01,FY27,FY_END_PLAN,Rolling off 7-12m,3.6,,,,,,,,,,,,,,,
UNMATCHED RESOURCE,,,,,,,"no line with compatible position/skill, grade and start date in window",PROJ-00009495,QL-0000005286,MINISTRY OF HOME AFFAIRS,[ATFM] Provision of MHQ ATFM engineer support,Generic 4,Network Engineer,Network Engineer L1,rule,MAPPED - level inferred from grade,,4.0,NETWORK,Functional-Language skills-Understand & Speak-English;Functional-Language skills-Read-Chinese;Functional-Language skills-Write-English;Technical-Microsoft 365-O,2027-03-01,2027-04-01,FY27,FY_END_PLAN,Rolling off 7-12m,3.5,,,,,,,,,,,,,,,
UNMATCHED RESOURCE,,,,,,,"no line with compatible position/skill, grade and start date in window",PROJ-00006699,QL-0000003052,HOME TEAM SCIENCE AND TECHNOLOGY AGENCY,[Non-ATFM] MHA SFTP Data Exchange - Mandatory Base,Generic Resource 8,Project Manager,Project Manager,mapping_sheet,MAPPED,,8.0,CLOUD,Government on Commercial Cloud (GCC) Foundation Certification;ACE Multicloud Network Associate;Azure Administrator Associate;SAFe Practitioner Certification;Fun,2026-11-01,2026-12-01,FY26,CONFIRMED_END,Rolling off 0-6m,18.0,,,,,,,,,,,,,,,
UNMATCHED RESOURCE,,,,,,,"no line with compatible position/skill, grade and start date in window",PROJ-00010777,QL-0000006080,OSSC,[ATFM] Year 8 Options,Generic Resource 9,01. Cloud Shared Services CSP (Day 1),Cloud Engineer L2,rule,MAPPED - level inferred from grade,,9.0,CLOUD,Technical-AI & ML-GenAI Platform-IBM Watson,2027-03-01,2027-04-01,FY27,FY_END_PLAN,Rolling off 7-12m,2.25,,,,,,,,,,,,,,,
UNMATCHED RESOURCE,FOR REVIEW - position name unmapped,,,,,,"no line with compatible position/skill, grade and start date in window",PROJ-00011519,QL-0000006614,MINISTRY OF TRADE AND INDUSTRY,[ATFM] Additional PSS works & System Restoration project,Generic Resource 6,Day 1 Team,UNMAPPED - FOR REVIEW,unmapped,FOR REVIEW,Project Manager,6.0,PROJECT_MGMT,Functional-Development & operation-Project Management-Project Management Principles & Awareness,2027-03-01,2027-04-01,FY27,FY_END_PLAN,Rolling off 7-12m,3.6,,,,,,,,,,,,,,,
UNMATCHED RESOURCE,FOR REVIEW - position name unmapped,,,,,,"no line with compatible position/skill, grade and start date in window",PROJ-00011519,QL-0000006614,MINISTRY OF TRADE AND INDUSTRY,[ATFM] Additional PSS works & System Restoration project,Generic Resource 8,Day 1 Team,UNMAPPED - FOR REVIEW,unmapped,FOR REVIEW,Cloud Engineer L2,8.0,CLOUD,Technical-Data Center Management-Operating System-Linux - Redhat;Technical-DevOps-CI/CD Platform-AWS-DevOps;Technical-Data Center operation-IT operation-ITIL St,2027-03-01,2027-04-01,FY27,FY_END_PLAN,Rolling off 7-12m,3.6,,,,,,,,,,,,,,,
UNMATCHED RESOURCE,FOR REVIEW - position name unmapped,,,,,,"no line with compatible position/skill, grade and start date in window",PROJ-00011519,QL-0000006614,MINISTRY OF TRADE AND INDUSTRY,[ATFM] Additional PSS works & System Restoration project,Generic Resource 7,Day 1 Team,UNMAPPED - FOR REVIEW,unmapped,FOR REVIEW,Data Analyst,7.0,DATA_ANALYTICS,Certified SCRUM Master;Technical-Delivery Management-Agile team practices-Scrum Framework;Technical-Business Process Automation-Robotic Process Automation (RPA),2027-03-01,2027-04-01,FY27,FY_END_PLAN,Rolling off 7-12m,1.8,,,,,,,,,,,,,,,
UNMATCHED RESOURCE,FOR REVIEW - position name unmapped,,,,,,"no line with compatible position/skill, grade and start date in window",PROJ-00011519,QL-0000006614,MINISTRY OF TRADE AND INDUSTRY,[ATFM] Additional PSS works & System Restoration project,Generic Resource 7,Day 1 Team,UNMAPPED - FOR REVIEW,unmapped,FOR REVIEW,DBA L2,7.0,DATABASE,"Technical-Infrastructure Management-Production Support-Database;Solutions Architect Associate;Microsoft Certified Technology Specialist (MCTS): SQL Server 2008,",2027-03-01,2027-04-01,FY27,FY_END_PLAN,Rolling off 7-12m,1.8,,,,,,,,,,,,,,,
UNMATCHED RESOURCE,FOR REVIEW - position name unmapped,,,,,,"no line with compatible position/skill, grade and start date in window",PROJ-00011150,QL-0000006338,ENERGY MARKET AUTHORITY,[ATFM]: CyberArk Onboarding/RAS & Additional PSS for On-Prem to GCC2.0 migration,Generic Resource 7,Day 1 Tools Team (CyberArk Onboard),UNMAPPED - FOR REVIEW,unmapped,FOR REVIEW,DBA L2,7.0,DATABASE,"Technical-Infrastructure Management-Production Support-Database;Solutions Architect Associate;Microsoft Certified Technology Specialist (MCTS): SQL Server 2008,",2027-03-01,2027-04-01,FY27,FY_END_PLAN,Rolling off 7-12m,1.8,,,,,,,,,,,,,,,
UNMATCHED RESOURCE,,,,,,,"no line with compatible position/skill, grade and start date in window",PROJ-00011150,QL-0000006338,ENERGY MARKET AUTHORITY,[ATFM]: CyberArk Onboarding/RAS & Additional PSS for On-Prem to GCC2.0 migration,Generic Resource 6,Day 1 - Project Manager,Project Manager,rule,MAPPED,,6.0,PROJECT_MGMT,Functional-Development & operation-Project Management-Project Management Principles & Awareness,2027-03-01,2027-04-01,FY27,FY_END_PLAN,Rolling off 7-12m,3.6,,,,,,,,,,,,,,,
UNMATCHED RESOURCE,,,,,,,"no line with compatible position/skill, grade and start date in window",PROJ-00011150,QL-0000006338,ENERGY MARKET AUTHORITY,[ATFM]: CyberArk Onboarding/RAS & Additional PSS for On-Prem to GCC2.0 migration,Generic Resource 8,Cloud L2 (4 Apps Migration) - 1,Cloud Engineer L2,rule,MAPPED,,8.0,CLOUD,Technical-Data Center Management-Operating System-Linux - Redhat;Technical-DevOps-CI/CD Platform-AWS-DevOps;Technical-Data Center operation-IT operation-ITIL St,2027-03-01,2027-04-01,FY27,FY_END_PLAN,Rolling off 7-12m,3.6,,,,,,,,,,,,,,,
UNMATCHED RESOURCE,,,,,,,"no line with compatible position/skill, grade and start date in window",PROJ-00011150,QL-0000006338,ENERGY MARKET AUTHORITY,[ATFM]: CyberArk Onboarding/RAS & Additional PSS for On-Prem to GCC2.0 migration,Generic Resource 7,Cloud L2 (4 Apps Migration) - 4,Cloud Engineer L2,rule,MAPPED,,7.0,CLOUD,Technical-Cloud-Analytics Tools-Azure Cognitive Services;Technical-Cloud-Databases-AWS RDS;Technical-Cloud-Storage Management-Azure Blob storage;Technical-Cloud,2027-03-01,2027-04-01,FY27,FY_END_PLAN,Rolling off 7-12m,18.0,,,,,,,,,,,,,,,
UNMATCHED RESOURCE,,,,,,,"no line with compatible position/skill, grade and start date in window",PROJ-00010775,QL-0000005887,MINISTRY OF TRADE AND INDUSTRY,[ATFM] Year 8 Renewal - MTI,Generic Resource 7,STORAGE - L2 - BAU,Backup/Storage Engineer L2,rule,MAPPED,,7.0,INFRA_OS,VMware Certified Professional - Data Center Virtualization (VCP-DCV);VMWARE Foundations;Nutanix Certified Professional - Multicloud Infrastructure (NCP-MCI);Tec,2026-07-01,2026-08-01,FY26,CONFIRMED_END,Available now,5.4,,,,,,,,,,,,,,,
UNMATCHED RESOURCE,,,,,,,"no line with compatible position/skill, grade and start date in window",PROJ-00010707,QL-0000005957,MINISTRY OF FOREIGN AFFAIRS (MFA),[ATFM] Year 8 Renewal - MFA,Generic Resource 7,03. GCC AWS Windows Cloud Engineer,Cloud Engineer L2,rule,MAPPED - level inferred from grade,,7.0,CLOUD,Functional-Development & operation-Technology Management-IT Infrastructure;Technical-Infrastructure Management-Technical Support-Server Administration;Technical,2027-03-01,2027-04-01,FY27,FY_END_PLAN,Rolling off 7-12m,18.0,,,,,,,,,,,,,,,
UNMATCHED RESOURCE,,,,,,,"no line with compatible position/skill, grade and start date in window",PROJ-00010584,QL-0000005408,SINGAPORE FOOD AGENCY,[ATFM] Year 8 Renewal - SFA,Generic Resource 7,Storage,Backup/Storage Engineer L2,rule,MAPPED - level inferred from grade,,7.0,INFRA_OS,VMware Certified Professional - Data Center Virtualization (VCP-DCV);VMWARE Foundations;Nutanix Certified Professional - Multicloud Infrastructure (NCP-MCI);Tec,2027-03-01,2027-04-01,FY27,FY_END_PLAN,Rolling off 7-12m,5.4,,,,,,,,,,,,,,,
UNMATCHED RESOURCE,,,,,,,"no line with compatible position/skill, grade and start date in window",PROJ-00009633,QL-0000005436,CENTRAL PROVIDENT FUND BOARD,[ATFM] Year 8 Renewal - CPFB - AFM,Generic 4,DC Ops - IT Admin,DCOps,rule,MAPPED,,4.0,INFRA_OS,Functional-Development & operation-Customer Experience-Customer service;Functional-Personal and interpersonal skills-Communication-Verbal Communication;Function,2026-08-01,2026-09-01,FY26,CONFIRMED_END,Available now,7.0,,,,,,,,,,,,,,,
UNMATCHED RESOURCE,,,,,,,"no line with compatible position/skill, grade and start date in window",PROJ-00010681,QL-0000006005,CIVIL SERVICE COLLEGE,[ATFM] Year 8 Renewal - CSC - TFM,Generic Resource 7,06. GCC AWS Database Engineer,DBA L2,rule,MAPPED - level inferred from grade,,7.0,CLOUD,Solutions Architect Associate;Project Management Fundamentals;Nutanix Certified Associate (NCA);Functional-Product Management-Product Requirements Analysis-Cust,2027-03-01,2027-04-01,FY27,FY_END_PLAN,Rolling off 7-12m,18.0,,,,,,,,,,,,,,,
UNMATCHED RESOURCE,FOR REVIEW - position name unmapped,,,,,,"no line with compatible position/skill, grade and start date in window",PROJ-00010706,QL-0000005971,OSSC,[ATFM] Year 8 Renewal - Judiciary,Generic Resource 7,38. TFM State Courts/FJC Lead,UNMAPPED - FOR REVIEW,unmapped,FOR REVIEW,Cloud Engineer L2,7.0,CLOUD,Certified Kubernetes Administrator;Nutanix Certified Professional 5.5 (NCP-5);AWS Certified Solutions Architect – Associate;Nutanix Certified Expert - Multiclou,2026-07-01,2026-08-01,FY26,CONFIRMED_END,Available now,18.0,,,,,,,,,,,,,,,
UNMATCHED RESOURCE,FOR REVIEW - position name unmapped,,,,,,"no line with compatible position/skill, grade and start date in window",PROJ-00010706,QL-0000005971,OSSC,[ATFM] Year 8 Renewal - Judiciary,Generic Resource 6,35. TFM Supreme Court Engineer L1,UNMAPPED - FOR REVIEW,unmapped,FOR REVIEW,DBA L2,6.0,DATABASE,Functional-Business Acumen-Strategic thinking-Goal orientation;Functional-Business Acumen-Problem-solving-Root Cause Analysis;Functional-Business Acumen-Strateg,2027-03-01,2027-04-01,FY27,FY_END_PLAN,Rolling off 7-12m,18.0,,,,,,,,,,,,,,,
UNMATCHED RESOURCE,,,,,,,"no line with compatible position/skill, grade and start date in window",PROJ-00010706,QL-0000005971,OSSC,[ATFM] Year 8 Renewal - Judiciary,Generic Resource 7,29. ATFM Supreme Court Linux Engineer #1,Server Engineer L2,rule,MAPPED - level inferred from grade,,7.0,CLOUD,Azure Solutions Architect Expert;Government on Commercial Cloud (GCC) Foundation Certification;Azure Fundamentals;ITIL 4 Foundation;AWS Certified AI Practitione,2027-03-01,2027-04-01,FY27,FY_END_PLAN,Rolling off 7-12m,18.0,,,,,,,,,,,,,,,
UNMATCHED RESOURCE,,,,,,,"no line with compatible position/skill, grade and start date in window",PROJ-00010706,QL-0000005971,OSSC,[ATFM] Year 8 Renewal - Judiciary,Generic Resource 7,26. ATFM DBA #2 (50% at Parliament),DBA L2,rule,MAPPED - level inferred from grade,,7.0,DATABASE,Technical-Data Center Management-Database Management-MySQL DB Administration;Technical-Data Management-Databases-Oracle DB;Technical-Data Center operation-IT op,2027-03-01,2027-04-01,FY27,FY_END_PLAN,Rolling off 7-12m,9.0,,,,,,,,,,,,,,,
UNMATCHED RESOURCE,,,,,,,"no line with compatible position/skill, grade and start date in window",PROJ-00010706,QL-0000005971,OSSC,[ATFM] Year 8 Renewal - Judiciary,Generic Resource 7,11.  AFM Supreme Court Storage Engineer,Backup/Storage Engineer L2,rule,MAPPED - level inferred from grade,,7.0,INFRA_OS,Technical-Data Center Management-Backup Management-Acronis Backup;Technical-Infrastructure Management-Tools administration-HP OpenView;Technical-Data Center Man,2027-03-01,2027-04-01,FY27,FY_END_PLAN,Rolling off 7-12m,18.0,,,,,,,,,,,,,,,
UNMATCHED RESOURCE,,,,,,,"no line with compatible position/skill, grade and start date in window",PROJ-00010706,QL-0000005971,OSSC,[ATFM] Year 8 Renewal - Judiciary,Generic Resource 7,37. TFM Supreme Court Wintel Engineer L2,Server Engineer L2,rule,MAPPED,,7.0,CLOUD,Azure Administrator Associate;Solutions Architect Associate;Technical-Data Center Management-AD Administration-MS Active Directory;Technical-Cloud-Solution Arch,2027-03-01,2027-04-01,FY27,FY_END_PLAN,Rolling off 7-12m,18.0,,,,,,,,,,,,,,,
UNMATCHED RESOURCE,,,,,,,"no line with compatible position/skill, grade and start date in window",PROJ-00010706,QL-0000005971,OSSC,[ATFM] Year 8 Renewal - Judiciary,Generic Resource 8,00. ATFM SDD/CSP,SDD,rule,MAPPED,,8.0,CLOUD,AWS Certified Solutions Architect – Associate;Functional-Business Acumen-Leadership skills-Team & People management ;Functional-Business Acumen-Transformation-D,2027-03-01,2027-04-01,FY27,FY_END_PLAN,Rolling off 7-12m,3.6,,,,,,,,,,,,,,,
UNMATCHED RESOURCE,,,,,,,"no line with compatible position/skill, grade and start date in window",PROJ-00010706,QL-0000005971,OSSC,[ATFM] Year 8 Renewal - Judiciary,Generic Resource 7,04. Cloud Technical Manager,SDM,rule,MAPPED,,7.0,CLOUD,Technical-Data & Analytics-Analytics Tools-Elastic Stack;Technical-Cloud-DevSecOps-AWS-DevSecOps;Technical-Cloud-Infrastructure-as-a-Code-AWS-IaC;Technical-Clou,2026-06-01,2026-07-01,FY26,CONFIRMED_END,Available now,18.0,,,,,,,,,,,,,,,
UNMATCHED RESOURCE,,,,,,,"no line with compatible position/skill, grade and start date in window",PROJ-00010698,QL-0000005481,ENERGY MARKET AUTHORITY,[ATFM] Year 8 Renewal [CV]_EMA,Generic Resource 7,Cloud Engineer,Cloud Engineer L2,rule,MAPPED - level inferred from grade,,7.0,CLOUD,Technical-Cloud-Analytics Tools-Azure Cognitive Services;Technical-Cloud-Databases-AWS RDS;Technical-Cloud-Storage Management-Azure Blob storage;Technical-Cloud,2026-05-01,2026-06-01,FY26,CONFIRMED_END,Available now,4.62,,,,,,,,,,,,,,,
UNMATCHED RESOURCE,,,,,,,"no line with compatible position/skill, grade and start date in window",PROJ-00010698,QL-0000005481,ENERGY MARKET AUTHORITY,[ATFM] Year 8 Renewal [CV]_EMA,Generic Resource 7,BAU AFM+GCC-6,Cloud Engineer L2,rule,MAPPED - level inferred from grade,,7.0,DATA_ANALYTICS,Certified SCRUM Master;Technical-Delivery Management-Agile team practices-Scrum Framework;Technical-Business Process Automation-Robotic Process Automation (RPA),2026-05-01,2026-06-01,FY26,CONFIRMED_END,Available now,1.6,,,,,,,,,,,,,,,
UNMATCHED RESOURCE,,,,,,,"no line with compatible position/skill, grade and start date in window",PROJ-00010698,QL-0000005481,ENERGY MARKET AUTHORITY,[ATFM] Year 8 Renewal [CV]_EMA,Generic Resource 6,Project Manager,Project Manager,mapping_sheet,MAPPED,,6.0,PROJECT_MGMT,Functional-Development & operation-Project Management-Project Management Principles & Awareness,2026-05-01,2026-06-01,FY26,CONFIRMED_END,Available now,1.6,,,,,,,,,,,,,,,
UNMATCHED RESOURCE,,,,,,,"no line with compatible position/skill, grade and start date in window",PROJ-00010777,QL-0000006080,OSSC,[ATFM] Year 8 Options,Generic Resource 7,08. Cloud Shared Services Engineer,Cloud Engineer L2,rule,MAPPED - level inferred from grade,,7.0,CLOUD,Google Cloud Professional Cloud Architect;Solutions Architect Associate;Red Hat Certified System Administrator (RHCSA);Solutions Architect Professional;Advanced,2027-03-01,2027-04-01,FY27,FY_END_PLAN,Rolling off 7-12m,18.0,,,,,,,,,,,,,,,
UNMATCHED RESOURCE,,,,,,,"no line with compatible position/skill, grade and start date in window",PROJ-00010777,QL-0000006080,OSSC,[ATFM] Year 8 Options,Generic Resource 8,02. Cloud Shared Services PM Lead,Project Manager,rule,MAPPED,,8.0,CLOUD,Technical-Data Center Management-Operating System-Linux - Redhat;Technical-DevOps-CI/CD Platform-AWS-DevOps;Technical-Data Center operation-IT operation-ITIL St,2027-03-01,2027-04-01,FY27,FY_END_PLAN,Rolling off 7-12m,3.6,,,,,,,,,,,,,,,
UNMATCHED RESOURCE,,,,,,,"no line with compatible position/skill, grade and start date in window",PROJ-00010777,QL-0000006080,OSSC,[ATFM] Year 8 Options,Generic Resource 8,03. Cloud Shared Services L3,Cloud Engineer L3,rule,MAPPED - level kept from name (not in Standard Role sheet),,8.0,CLOUD,ITIL Foundation;Technical-Cloud-Cloud DB-SQL Server Operation;Technical-Cloud-Cloud Governance-AWS Control Tower;Technical-Cloud-Cloud DB-Redis Operation;Techni,2027-03-01,2027-04-01,FY27,FY_END_PLAN,Rolling off 7-12m,3.6,,,,,,,,,,,,,,,
UNMATCHED RESOURCE,,,,,,,"no line with compatible position/skill, grade and start date in window",PROJ-00010777,QL-0000006080,OSSC,[ATFM] Year 8 Options,Generic Resource 7,04. Cloud Shared Services PM for PARL and Judiciary,Project Manager,rule,MAPPED,,7.0,DATA_ANALYTICS,Certified SCRUM Master;Technical-Delivery Management-Agile team practices-Scrum Framework;Technical-Business Process Automation-Robotic Process Automation (RPA),2027-03-01,2027-04-01,FY27,FY_END_PLAN,Rolling off 7-12m,3.6,,,,,,,,,,,,,,,
UNMATCHED RESOURCE,,,,,,,"no line with compatible position/skill, grade and start date in window",PROJ-00010777,QL-0000006080,OSSC,[ATFM] Year 8 Options,Generic Resource 6,05. Cloud Shared Services PM,Project Manager,rule,MAPPED,,6.0,PROJECT_MGMT,Functional-Development & operation-Project Management-Project Management Principles & Awareness,2027-03-01,2027-04-01,FY27,FY_END_PLAN,Rolling off 7-12m,1.8,,,,,,,,,,,,,,,
UNMATCHED RESOURCE,,,,,,,"no line with compatible position/skill, grade and start date in window",PROJ-00010777,QL-0000006080,OSSC,[ATFM] Year 8 Options,Generic Resource 7,06. Cloud Shared Services PM for PARL & Judiciary,Project Manager,rule,MAPPED,,7.0,DATABASE,"Technical-Infrastructure Management-Production Support-Database;Solutions Architect Associate;Microsoft Certified Technology Specialist (MCTS): SQL Server 2008,",2027-03-01,2027-04-01,FY27,FY_END_PLAN,Rolling off 7-12m,3.6,,,,,,,,,,,,,,,
UNMATCHED RESOURCE,,,,,,,"no line with compatible position/skill, grade and start date in window",PROJ-00011006,QL-0000006148,SINGAPORE POLICE FORCE,[ATFM] Year 8 Options - 200 PSS Man Day,Generic Resource 7,System Engineer PSS Man Days,Server Engineer L2,rule,MAPPED - level inferred from grade,,7.0,INFRA_OS,System Engineer,2027-03-01,2027-04-01,FY27,FY_END_PLAN,Rolling off 7-12m,17.0,,,,,,,,,,,,,,,
UNMATCHED RESOURCE,FOR REVIEW - position name unmapped,,,,,,"no line with compatible position/skill, grade and start date in window",PROJ-00007133,QL-0000003673,CENTRAL NARCOTICS BUREAU,[ATFM] Provision for Cisco Application Performance Monitoring Services for CNB,Generic Resource 8,L3 Engineer,UNMAPPED - FOR REVIEW,unmapped,FOR REVIEW,,8.0,,APM Engineer,2027-03-01,2027-04-01,FY27,FY_END_PLAN,Rolling off 7-12m,9.25,,,,,,,,,,,,,,,
UNMATCHED RESOURCE,FOR REVIEW - position name unmapped,,,,,,"no line with compatible position/skill, grade and start date in window",PROJ-00007133,QL-0000003673,CENTRAL NARCOTICS BUREAU,[ATFM] Provision for Cisco Application Performance Monitoring Services for CNB,Generic Resource 7,L2 Engineer,UNMAPPED - FOR REVIEW,unmapped,FOR REVIEW,,7.0,,APM Engineer,2027-03-01,2027-04-01,FY27,FY_END_PLAN,Rolling off 7-12m,9.25,,,,,,,,,,,,,,,
UNMATCHED RESOURCE,,,,,,,"no line with compatible position/skill, grade and start date in window",PROJ-00010774,QL-0000006079,SINGAPORE CIVIL DEFENCE FORCE,[ATFM] SCDF Maintenance of USP Network Equipment - PSS,Generic Resource 7,System Engineer -1,Server Engineer L2,rule,MAPPED - level inferred from grade,,7.0,INFRA_OS,System Engineer,2027-03-01,2027-04-01,FY27,FY_END_PLAN,Rolling off 7-12m,1.5,,,,,,,,,,,,,,,
UNMATCHED RESOURCE,,,,,,,"no line with compatible position/skill, grade and start date in window",PROJ-00010831,QL-0000006157,PARLIAMENT OF SINGAPORE,[ATFM] PARL Options - Increase of EC2,Generic Resource 7,System Engineer PSS Man Days,Server Engineer L2,rule,MAPPED - level inferred from grade,,7.0,INFRA_OS,System Engineer,2027-03-01,2027-04-01,FY27,FY_END_PLAN,Rolling off 7-12m,3.0,,,,,,,,,,,,,,,
UNMATCHED RESOURCE,FOR REVIEW - position name unmapped,,,,,,"no line with compatible position/skill, grade and start date in window",PROJ-00010325,QL-0000005442,The ASEAN+3 MACROECONOMIC RESEARCH OFFICE,Lenovo Device Orchestrator (LDI+),Generic Resource 7,LPS delivery POC,UNMAPPED - FOR REVIEW,unmapped,FOR REVIEW,,7.0,,LPS delivery POC,2026-12-01,2027-01-01,FY26,CONFIRMED_END,Rolling off 0-6m,1.8,,,,,,,,,,,,,,,
UNMATCHED RESOURCE,,,,,,,"no line with compatible position/skill, grade and start date in window",PROJ-00010816,QL-0000006029,INSTITUTE OF TECHNICAL EDUCATION,[ATFM] Year 8 Renewal - Procurement of GCC Services for ITE iStudent App,Generic Resource 7,Cloud Engineer,Cloud Engineer L2,rule,MAPPED - level inferred from grade,,7.0,CLOUD,Cloud Linux,2027-03-01,2027-04-01,FY27,FY_END_PLAN,Rolling off 7-12m,10.8,,,,,,,,,,,,,,,
UNMATCHED RESOURCE,FOR REVIEW - position name unmapped,,,,,,"no line with compatible position/skill, grade and start date in window",PROJ-00007010,QL-0000003501,DESIGNSINGAPORE COUNCIL PTE. LTD.,[Non-ATFM] IT Managed Services_DSC,Generic 4,Year 1 and Year 2 - BAU -3,UNMAPPED - FOR REVIEW,unmapped,FOR REVIEW,IT Service Mgt Engineer,4.0,SERVICE_MGMT,Service Desk - Lead,2027-03-01,2027-04-01,FY27,FY_END_PLAN,Rolling off 7-12m,18.0,,,,,,,,,,,,,,,
UNMATCHED RESOURCE,,,,,,,"no line with compatible position/skill, grade and start date in window",PROJ-00010663,QL-0000006022,SINGAPORE SPORTS COUNCIL,SportSG Year8 Addn PSS for PM & NE FY26,Generic Resource 7,Project Manager - on hold,Project Manager,rule,MAPPED,,7.0,PROJECT_MGMT,Project Manager,2027-03-01,2027-04-01,FY27,FY_END_PLAN,Rolling off 7-12m,18.0,,,,,,,,,,,,,,,
UNMATCHED RESOURCE,,,,,,,"no line with compatible position/skill, grade and start date in window",PROJ-00011497,QL-0000006553,SINGAPORE FOOD AGENCY,[ATFM] SharePoint Migration 2026,Generic Resource 7,Sharepoint Admin,DCOps,rule,MAPPED,,7.0,INFRA_OS,Sharepoint Admin,2027-01-01,2027-02-01,FY26,CONFIRMED_END,Rolling off 0-6m,7.58,,,,,,,,,,,,,,,
UNMATCHED RESOURCE,,,,,,,"no line with compatible position/skill, grade and start date in window",PROJ-00011497,QL-0000006553,SINGAPORE FOOD AGENCY,[ATFM] SharePoint Migration 2026,Generic Resource 7,Application PM,Application PM,rule,MAPPED,,7.0,PROJECT_MGMT,Application PM,2027-01-01,2027-02-01,FY26,CONFIRMED_END,Rolling off 0-6m,0.43,,,,,,,,,,,,,,,
UNMATCHED RESOURCE,,,,,,,"no line with compatible position/skill, grade and start date in window",PROJ-00011011,QL-0000006243,TOTE BOARD,[ATFM] Professional Support Services for Project Works - 87 Mandays,Generic Resource 8,Cloud Engineer,Cloud Engineer L2,rule,MAPPED - level inferred from grade,,8.0,CLOUD,Cloud Engineer,2026-05-01,2026-06-01,FY26,CONFIRMED_END,Available now,18.0,,,,,,,,,,,,,,,
UNMATCHED RESOURCE,,,,,,,"no line with compatible position/skill, grade and start date in window",PROJ-00011011,QL-0000006243,TOTE BOARD,[ATFM] Professional Support Services for Project Works - 87 Mandays,Generic Resource 8,Cloud Engineer 2,Cloud Engineer L2,rule,MAPPED,,8.0,CLOUD,Cloud Engineer,2026-05-01,2026-06-01,FY26,CONFIRMED_END,Available now,18.0,,,,,,,,,,,,,,,
UNMATCHED RESOURCE,,,,,,,"no line with compatible position/skill, grade and start date in window",PROJ-00011011,QL-0000006243,TOTE BOARD,[ATFM] Professional Support Services for Project Works - 87 Mandays,Generic Resource 8,Project Manager,Project Manager,mapping_sheet,MAPPED,,8.0,PROJECT_MGMT,Project Manager,2026-05-01,2026-06-01,FY26,CONFIRMED_END,Available now,3.6,,,,,,,,,,,,,,,
UNMATCHED RESOURCE,,,,,,,"no line with compatible position/skill, grade and start date in window",PROJ-00011786,QL-0000006987,SINGAPORE POLICE FORCE,[ATFM] eGIS ONE OS Migration/Upgrade,Generic Resource 7,DBA,DBA L2,rule,MAPPED - level inferred from grade,,7.0,DATABASE,DBA,2027-01-01,2027-02-01,FY26,CONFIRMED_END,Rolling off 0-6m,16.0,,,,,,,,,,,,,,,
UNMATCHED RESOURCE,,,,,,,"no line with compatible position/skill, grade and start date in window",PROJ-00011786,QL-0000006987,SINGAPORE POLICE FORCE,[ATFM] eGIS ONE OS Migration/Upgrade,Generic Resource 7,Server Engineer,Server Engineer L2,rule,MAPPED - level inferred from grade,,7.0,INFRA_OS,Server Engineer,2027-01-01,2027-02-01,FY26,CONFIRMED_END,Rolling off 0-6m,18.0,,,,,,,,,,,,,,,
UNMATCHED RESOURCE,,,,,,,"no line with compatible position/skill, grade and start date in window",PROJ-00011786,QL-0000006987,SINGAPORE POLICE FORCE,[ATFM] eGIS ONE OS Migration/Upgrade,Generic Resource 7,Server Engineer - 1,Server Engineer L2,rule,MAPPED - level inferred from grade,,7.0,INFRA_OS,Server Engineer,2027-01-01,2027-02-01,FY26,CONFIRMED_END,Rolling off 0-6m,18.0,,,,,,,,,,,,,,,
UNMATCHED RESOURCE,,,,,,,"no line with compatible position/skill, grade and start date in window",PROJ-00011786,QL-0000006987,SINGAPORE POLICE FORCE,[ATFM] eGIS ONE OS Migration/Upgrade,Generic Resource 7,Server Engineer - 2,Server Engineer L2,rule,MAPPED - level inferred from grade,,7.0,INFRA_OS,Server Engineer,2027-01-01,2027-02-01,FY26,CONFIRMED_END,Rolling off 0-6m,18.0,,,,,,,,,,,,,,,
UNMATCHED RESOURCE,,,,,,,"no line with compatible position/skill, grade and start date in window",PROJ-00011785,QL-0000006641,SINGAPORE POLICE FORCE,[ATFM] SEMS2 - Windows upgrade for 8 servers,Generic Resource 7,Server Engineer,Server Engineer L2,rule,MAPPED - level inferred from grade,,7.0,INFRA_OS,Wintel,2026-12-01,2027-01-01,FY26,CONFIRMED_END,Rolling off 0-6m,6.25,,,,,,,,,,,,,,,
UNMATCHED RESOURCE,,,,,,,"no line with compatible position/skill, grade and start date in window",PROJ-00011785,QL-0000006641,SINGAPORE POLICE FORCE,[ATFM] SEMS2 - Windows upgrade for 8 servers,Generic Resource 7,PM,Project Manager,rule,MAPPED,,7.0,PROJECT_MGMT,Project Manager,2026-11-01,2026-12-01,FY26,CONFIRMED_END,Rolling off 0-6m,1.0,,,,,,,,,,,,,,,
UNMATCHED RESOURCE,,,,,,,"no line with compatible position/skill, grade and start date in window",PROJ-00011781,QL-0000006952,SINGAPORE POLICE FORCE,[ATFM] SPF_Win2019_Upgrade_Dataiku,Generic Resource 7,DBA,DBA L2,rule,MAPPED - level inferred from grade,,7.0,DATABASE,DBA,2026-11-01,2026-12-01,FY26,CONFIRMED_END,Rolling off 0-6m,4.0,,,,,,,,,,,,,,,
UNMATCHED RESOURCE,,,,,,,"no line with compatible position/skill, grade and start date in window",PROJ-00011575,QL-0000006708,URBAN REDEVELOPMENT AUTHORITY,[ATFM] Year 8 Procurement for Additional Servers,Generic Resource 6,Cloud Engineer L2,Cloud Engineer L2,mapping_sheet,MAPPED,,6.0,CLOUD,Cloud Engineer L2,2027-03-01,2027-04-01,FY27,FY_END_PLAN,Rolling off 7-12m,18.0,,,,,,,,,,,,,,,
UNMATCHED RESOURCE,,,,,,,"no line with compatible position/skill, grade and start date in window",PROJ-00009588,QL-0000005501,TOTE BOARD,Opportunity [ATFM] Procurement of PSS for Data Transfer/Data Lake project - TFM,Generic Resource 7,Project Manager,Project Manager,mapping_sheet,MAPPED,,7.0,PROJECT_MGMT,Project Manager,2026-06-01,2026-07-01,FY26,CONFIRMED_END,Available now,5.0,,,,,,,,,,,,,,,
UNMATCHED RESOURCE,,,,,,,"no line with compatible position/skill, grade and start date in window",PROJ-00009588,QL-0000005501,TOTE BOARD,Opportunity [ATFM] Procurement of PSS for Data Transfer/Data Lake project - TFM,Generic Resource 8,Solution Architect,Technical Architect,mapping_sheet,MAPPED,,8.0,,Solution Architect,2026-06-01,2026-07-01,FY26,CONFIRMED_END,Available now,5.0,,,,,,,,,,,,,,,
UNMATCHED RESOURCE,,,,,,,"no line with compatible position/skill, grade and start date in window",PROJ-00010590,QL-0000005883,SINGAPORE CIVIL DEFENCE FORCE,SCDF Sharepoint Admin Year8 FY26,Generic 4,Sharepoint Admin,DCOps,rule,MAPPED,,4.0,WORKPLACE,Technical-Microsoft 365-Sharepoint-SharePoint Admin Center,2027-03-01,2027-04-01,FY27,FY_END_PLAN,Rolling off 7-12m,18.0,,,,,,,,,,,,,,,
UNMATCHED RESOURCE,,,,,,,"no line with compatible position/skill, grade and start date in window",PROJ-00007232,QL-0000003445,SINGAPORE CIVIL DEFENCE FORCE,SCDF Base Year8 FY26,Generic 4,DC Ops - Louis,DCOps,rule,MAPPED,,4.0,SECURITY,Technical-Cybersecurity-Advanced Threat Management-Crowdstrike EDR;Technical-Cybersecurity-Advanced Threat Management-Microsoft Defender for Office 365;Technica,2027-03-01,2027-04-01,FY27,FY_END_PLAN,Rolling off 7-12m,18.0,,,,,,,,,,,,,,,
UNMATCHED RESOURCE,,,,,,,"no line with compatible position/skill, grade and start date in window",PROJ-00007232,QL-0000003445,SINGAPORE CIVIL DEFENCE FORCE,SCDF Base Year8 FY26,Generic Resource 6,System Engineer - Esmond,Server Engineer L1,rule,MAPPED - level inferred from grade,,6.0,INFRA_OS,Functional-Language skills-Read-Chinese;Technical-Data Center Management-Operating System-Linux administration;Technical-Data Center Management-Server Virtualiz,2027-03-01,2027-04-01,FY27,FY_END_PLAN,Rolling off 7-12m,18.0,,,,,,,,,,,,,,,
UNMATCHED RESOURCE,,,,,,,"no line with compatible position/skill, grade and start date in window",PROJ-00007232,QL-0000003445,SINGAPORE CIVIL DEFENCE FORCE,SCDF Base Year8 FY26,Generic Resource 6,Network Engineer - Karthick,Network Engineer L1,rule,MAPPED - level inferred from grade,,6.0,NETWORK,"Identity and Access Administrator Associate;Cisco Certified Network Associate (CCNA);Endpoint Administrative Associate;Enterprise Administrator Expert

* On Jul",2027-03-01,2027-04-01,FY27,FY_END_PLAN,Rolling off 7-12m,18.0,,,,,,,,,,,,,,,
UNMATCHED RESOURCE,,,,,,,"no line with compatible position/skill, grade and start date in window",PROJ-00007232,QL-0000003445,SINGAPORE CIVIL DEFENCE FORCE,SCDF Base Year8 FY26,Generic Resource 6,Network Engineer - Abhay,Network Engineer L1,rule,MAPPED - level inferred from grade,,6.0,NETWORK,Technical-Electrical and Electronics system-EE-UPS-A-UPS Maintenance;Functional-Development & operation-Project Management-Change Management;Technical-Network-P,2027-03-01,2027-04-01,FY27,FY_END_PLAN,Rolling off 7-12m,18.0,,,,,,,,,,,,,,,
UNMATCHED RESOURCE,,,,,,,"no line with compatible position/skill, grade and start date in window",PROJ-00007232,QL-0000003445,SINGAPORE CIVIL DEFENCE FORCE,SCDF Base Year8 FY26,Generic Resource 8,Project Manager - Kim Seng,Project Manager,rule,MAPPED,,8.0,PROJECT_MGMT,Functional-Development & operation-Project Management-Meeting facilitation;Functional-Language skills-Understand & Speak-English;Functional-Language skills-Read,2027-03-01,2027-04-01,FY27,FY_END_PLAN,Rolling off 7-12m,18.0,,,,,,,,,,,,,,,
UNMATCHED RESOURCE,,,,,,,"no line with compatible position/skill, grade and start date in window",PROJ-00007232,QL-0000003445,SINGAPORE CIVIL DEFENCE FORCE,SCDF Base Year8 FY26,Generic Resource 8,Project Manager - Anthony,Project Manager,rule,MAPPED,,8.0,INFRA_OS,ITIL Foundation;ITIL 3 Foundation;Avaya Aura Communication Manager Administrator;Technical-Microsoft 365-Office Productivity-Microsoft Outlook;Technical-Data Ce,2027-03-01,2027-04-01,FY27,FY_END_PLAN,Rolling off 7-12m,18.0,,,,,,,,,,,,,,,
UNMATCHED RESOURCE,,,,,,,"no line with compatible position/skill, grade and start date in window",PROJ-00007232,QL-0000003445,SINGAPORE CIVIL DEFENCE FORCE,SCDF Base Year8 FY26,Generic Resource 8,Project Manager - Megha,Project Manager,rule,MAPPED,,8.0,PROJECT_MGMT,PRINCE2 Practitioner;PRINCE2 Foundation;Certified ScrumMaster (CSM);Technical-Delivery Management-Agile team practices-Agile delivery;Technical-Delivery Managem,2027-03-01,2027-04-01,FY27,FY_END_PLAN,Rolling off 7-12m,18.0,,,,,,,,,,,,,,,
UNMATCHED RESOURCE,,,,,,,"no line with compatible position/skill, grade and start date in window",PROJ-00007232,QL-0000003445,SINGAPORE CIVIL DEFENCE FORCE,SCDF Base Year8 FY26,Generic Resource 6,Project Manager - Stanley,Project Manager,rule,MAPPED,,6.0,WORKPLACE,Functional-Development & operation-Procurement-Billing Process;Functional-Personal and interpersonal skills-Teamwork-Collaboration;Functional-Personal and inter,2027-03-01,2027-04-01,FY27,FY_END_PLAN,Rolling off 7-12m,18.0,,,,,,,,,,,,,,,
UNMATCHED RESOURCE,,,,,,,"no line with compatible position/skill, grade and start date in window",PROJ-00007232,QL-0000003445,SINGAPORE CIVIL DEFENCE FORCE,SCDF Base Year8 FY26,Generic Resource 6,Project Manager - Cassandra,Project Manager,rule,MAPPED,,6.0,WORKPLACE,Functional-Personal and interpersonal skills-Communication-Writing;Technical-Application Development-Mobile Development-Android;Technical-Adobe-Adobe Products-A,2027-03-01,2027-04-01,FY27,FY_END_PLAN,Rolling off 7-12m,18.0,,,,,,,,,,,,,,,
UNMATCHED RESOURCE,,,,,,,"no line with compatible position/skill, grade and start date in window",PROJ-00007232,QL-0000003445,SINGAPORE CIVIL DEFENCE FORCE,SCDF Base Year8 FY26,Generic Resource 8,NETWORK LEAD - L3 Giby,Network Engineer L3,rule,MAPPED,,8.0,NETWORK,Functional-Business Acumen-Leadership skills-Team & People management ;Technical-Network-Engineering-Wireless network design and optimization;Technical-Network-,2027-03-01,2027-04-01,FY27,FY_END_PLAN,Rolling off 7-12m,18.0,,,,,,,,,,,,,,,
UNMATCHED RESOURCE,,,,,,,"no line with compatible position/skill, grade and start date in window",PROJ-00007232,QL-0000003445,SINGAPORE CIVIL DEFENCE FORCE,SCDF Base Year8 FY26,Generic Resource 8,SDD - Liaw,SDD,rule,MAPPED,,8.0,WORKPLACE,Technical-Microsoft 365-Office Productivity-Microsoft Excel;Technical-Microsoft 365-Office Productivity-Microsoft Outlook,2027-03-01,2027-04-01,FY27,FY_END_PLAN,Rolling off 7-12m,11.7,,,,,,,,,,,,,,,
UNMATCHED RESOURCE,,,,,,,"no line with compatible position/skill, grade and start date in window",PROJ-00010834,QL-0000006152,NATIONAL COUNCIL OF SOCIAL SERVICES,NCSS Options Year8 FY26 - PSS MDdays,Generic Resource 8,Cloud Wintel,Cloud Engineer L2,rule,MAPPED - level inferred from grade,,8.0,CLOUD,ITIL Foundation;Technical-Cloud-Cloud DB-SQL Server Operation;Technical-Cloud-Cloud Governance-AWS Control Tower;Technical-Cloud-Cloud DB-Redis Operation;Techni,2027-03-01,2027-04-01,FY27,FY_END_PLAN,Rolling off 7-12m,1.8,,,,,,,,,,,,,,,
UNMATCHED RESOURCE,,,,,,,"no line with compatible position/skill, grade and start date in window",PROJ-00010674,QL-0000006001,MINISTRY OF SUSTAINABILITY AND THE ENVIRONMENT,[ATFM] Year 8 Renewal - MSE,Generic Resource 12,DC Ops L2,DCOps,rule,MAPPED,,3.0,INFRA_OS,DC Ops L2,2027-03-01,2027-04-01,FY27,FY_END_PLAN,Rolling off 7-12m,18.0,,,,,,,,,,,,,,,
UNMATCHED RESOURCE,,,,,,,"no line with compatible position/skill, grade and start date in window",PROJ-00007231,QL-0000003468,HOME TEAM SCIENCE AND TECHNOLOGY AGENCY,[ATFM] Year 8 Renewal [CV]_HTX,Generic 4,Project officer / DC operator,DCOps,rule,MAPPED,,4.0,INFRA_OS,Functional-Language skills-Read-English;Functional-Language skills-Write-English;Functional-Language skills-Write-Chinese;Functional-Language skills-Understand ,2027-03-01,2027-04-01,FY27,FY_END_PLAN,Rolling off 7-12m,18.0,,,,,,,,,,,,,,,
UNMATCHED RESOURCE,,,,,,,"no line with compatible position/skill, grade and start date in window",PROJ-00007231,QL-0000003468,HOME TEAM SCIENCE AND TECHNOLOGY AGENCY,[ATFM] Year 8 Renewal [CV]_HTX,Generic Resource 8,Project Manager,Project Manager,mapping_sheet,MAPPED,,8.0,PROJECT_MGMT,Functional-Development & operation-Post-sales/Delivery-*BASD Use only - Project Management - GTM Role;Technical-Infrastructure Management-End User Services-Tech,2027-03-01,2027-04-01,FY27,FY_END_PLAN,Rolling off 7-12m,18.0,,,,,,,,,,,,,,,
UNMATCHED RESOURCE,,,,,,,"no line with compatible position/skill, grade and start date in window",PROJ-00010584,QL-0000005408,SINGAPORE FOOD AGENCY,[ATFM] Year 8 Renewal - SFA,Generic 4,IT Admin -1,DCOps,rule,MAPPED,,4.0,SERVICE_MGMT,Technical-Application Development-Frontend Development-JavaScript;Technical-Application Development-Frontend Development-HTML;Technical-Application Development-,2027-03-01,2027-04-01,FY27,FY_END_PLAN,Rolling off 7-12m,18.0,,,,,,,,,,,,,,,
UNMATCHED RESOURCE,,,,,,,"no line with compatible position/skill, grade and start date in window",PROJ-00010584,QL-0000005408,SINGAPORE FOOD AGENCY,[ATFM] Year 8 Renewal - SFA,Generic Resource 6,"Backfill for DBA, Network",DBA L2,rule,MAPPED - level inferred from grade,,6.0,INFRA_OS,Microsoft Certified Solutions Associate (MCSA): Windows Server 2012;Splunk Enterprise 8.1 System Administration;Certified Ethical Hacker;Administering Windows S,2027-03-01,2027-04-01,FY27,FY_END_PLAN,Rolling off 7-12m,9.0,,,,,,,,,,,,,,,
UNMATCHED RESOURCE,,,,,,,"no line with compatible position/skill, grade and start date in window",PROJ-00007234,QL-0000003470,CENTRAL NARCOTICS BUREAU,[ATFM] Year 8 Renewal [CV]_CNB,Generic Resource 6,08. Wintel Engineer #3,Server Engineer L1,rule,MAPPED - level inferred from grade,,6.0,INFRA_OS,Technical-Digital Workplace-Unified Endpoint Management-VMware-ESX;Functional-Language skills-Understand & Speak-English;Technical-Digital Workplace-Digital Wor,2027-03-01,2027-04-01,FY27,FY_END_PLAN,Rolling off 7-12m,18.0,,,,,,,,,,,,,,,
UNMATCHED RESOURCE,,,,,,,"no line with compatible position/skill, grade and start date in window",PROJ-00007234,QL-0000003470,CENTRAL NARCOTICS BUREAU,[ATFM] Year 8 Renewal [CV]_CNB,Generic Resource 6,06. Wintel Engineer #1,Server Engineer L1,rule,MAPPED - level inferred from grade,,6.0,INFRA_OS,VMWARE Foundations;Technical-Cloud-Compute-Windows OS;Microsoft Certified Systems Engineer (MCSE);Technical-Data Center Management-Operating System-Unix;Technic,2027-03-01,2027-04-01,FY27,FY_END_PLAN,Rolling off 7-12m,18.0,,,,,,,,,,,,,,,
UNMATCHED RESOURCE,FOR REVIEW - position name unmapped,,,,,,"no line with compatible position/skill, grade and start date in window",PROJ-00010639,QL-0000004874,THE ACCOUNTING AND CORPORATE REGULATORY AUTHORITY,[ATFM] Year 8 - GCC and GCC+ Day 2 support [RFQ],Generic Resource 8,TS Lead - BAU,UNMAPPED - FOR REVIEW,unmapped,FOR REVIEW,,8.0,,TS Lead - BAU,2027-03-01,2027-04-01,FY27,FY_END_PLAN,Rolling off 7-12m,18.0,,,,,,,,,,,,,,,
UNMATCHED RESOURCE,,,,,,,"no line with compatible position/skill, grade and start date in window",PROJ-00010663,QL-0000006022,SINGAPORE SPORTS COUNCIL,SportSG Year8 Addn PSS for PM & NE FY26,Generic Resource 6,Network Engineer,Network Engineer L1,rule,MAPPED - level inferred from grade,,6.0,NETWORK,Technical-Data Center operation-Infrastructure troubleshooting and Resolution-Connectivity troubleshooting and resolution (Physical Layer);Technical-Data Center,2027-03-01,2027-04-01,FY27,FY_END_PLAN,Rolling off 7-12m,18.0,,,,,,,,,,,,,,,
UNMATCHED RESOURCE,,,,,,,"no line with compatible position/skill, grade and start date in window",PROJ-00010717,QL-0000006081,HEALTH PROMOTION BOARD,HPB Base Year8 FY26,Generic Resource 6,Network Engineer,Network Engineer L1,rule,MAPPED - level inferred from grade,,6.0,NETWORK,"Technical-Cloud-Cloud Administration-AWS-Administration;Technical-Network-Logical network (L2, L3)-Switching & Routing Protocols;Technical-Infrastructure Manage",2026-09-01,2026-10-01,FY26,CONFIRMED_END,Rolling off 0-6m,9.0,,,,,,,,,,,,,,,
UNMATCHED RESOURCE,,,,,,,"no line with compatible position/skill, grade and start date in window",PROJ-00010780,QL-0000006125,INTELLECTUAL PROPERTY OFFICE OF SINGAPORE,[ATFM] Year 8 Renewal - IPOS - AFM - HQ,Generic Resource 5,02. AFM Wintel Engineer,Server Engineer L1,rule,MAPPED - level inferred from grade,,5.0,INFRA_OS,Cloud Practitioner;Functional-Business Acumen-Leadership skills-Team & People management ;Technical-Infrastructure Management-Technical Support-Server Administr,2027-03-01,2027-04-01,FY27,FY_END_PLAN,Rolling off 7-12m,18.0,,,,,,,,,,,,,,,
UNMATCHED RESOURCE,,,,,,,"no line with compatible position/skill, grade and start date in window",PROJ-00010780,QL-0000006125,INTELLECTUAL PROPERTY OFFICE OF SINGAPORE,[ATFM] Year 8 Renewal - IPOS - AFM - HQ,Generic 4,05. AFM IT Admin #1,DCOps,rule,MAPPED,,4.0,CLOUD,Technical-Infrastructure Management-Automation (Infrastructure-as-Code)-Terraform;Technical-Cloud-Analytics Tools-Azure Databricks;Technical-Cloud-Cloud Adminis,2027-03-01,2027-04-01,FY27,FY_END_PLAN,Rolling off 7-12m,18.0,,,,,,,,,,,,,,,
UNMATCHED RESOURCE,,,,,,,"no line with compatible position/skill, grade and start date in window",PROJ-00007232,QL-0000003445,SINGAPORE CIVIL DEFENCE FORCE,SCDF Base Year8 FY26,Generic Resource 7,Project Manager -Sofia,Project Manager,rule,MAPPED,,7.0,WORKPLACE,Technical-Microsoft 365-Office Productivity-Microsoft Access;Technical-Microsoft 365-Office Productivity-Microsoft Excel;Functional-Development & operation-Proj,2027-03-01,2027-04-01,FY27,FY_END_PLAN,Rolling off 7-12m,18.0,,,,,,,,,,,,,,,
UNMATCHED RESOURCE,,,,,,,"no line with compatible position/skill, grade and start date in window",PROJ-00007232,QL-0000003445,SINGAPORE CIVIL DEFENCE FORCE,SCDF Base Year8 FY26,Generic Resource 7,IT Security Officer - Jimmy,IT Security Officer,rule,MAPPED,,7.0,SECURITY,Certified Ethical Hacker;IBM Certified Cognos 10 BI Author;Technical-Digital Workplace-Field Service-Project Management;Technical-Cybersecurity-Advanced Threat ,2027-03-01,2027-04-01,FY27,FY_END_PLAN,Rolling off 7-12m,18.0,,,,,,,,,,,,,,,
UNMATCHED RESOURCE,,,,,,,"no line with compatible position/skill, grade and start date in window",PROJ-00007232,QL-0000003445,SINGAPORE CIVIL DEFENCE FORCE,SCDF Base Year8 FY26,Generic Resource 7,IT Security Officer - Yong Hao,IT Security Officer,rule,MAPPED,,7.0,SECURITY,Technical-Cybersecurity-Advanced Threat Management-Endpoint Detection and Response (EDR);Technical-Cybersecurity-Advanced Threat Management-Tenable;Technical-Cy,2027-03-01,2027-04-01,FY27,FY_END_PLAN,Rolling off 7-12m,18.0,,,,,,,,,,,,,,,
UNMATCHED RESOURCE,,,,,,,"no line with compatible position/skill, grade and start date in window",PROJ-00007232,QL-0000003445,SINGAPORE CIVIL DEFENCE FORCE,SCDF Base Year8 FY26,Generic Resource 7,Network Engineer - Krishnan,Network Engineer L2,rule,MAPPED - level inferred from grade,,7.0,SECURITY,Azure Security Engineer Associate;AWS Security Specialty - Dive Deep;Technical-Cybersecurity-Application Security -AWS WAF;Technical-Network-Network Security-Ch,2027-03-01,2027-04-01,FY27,FY_END_PLAN,Rolling off 7-12m,18.0,,,,,,,,,,,,,,,
UNMATCHED RESOURCE,,,,,,,"no line with compatible position/skill, grade and start date in window",PROJ-00007232,QL-0000003445,SINGAPORE CIVIL DEFENCE FORCE,SCDF Base Year8 FY26,Generic Resource 7,Network Engineer - Sarath,Network Engineer L2,rule,MAPPED - level inferred from grade,,7.0,NETWORK,Cisco Certified Specialist - Enterprise Advanced Infrastructure Implementation;Cisco Certified Network Professional (CCNP) Enterprise;Cisco Certified Specialist,2027-03-01,2027-04-01,FY27,FY_END_PLAN,Rolling off 7-12m,18.0,,,,,,,,,,,,,,,
UNMATCHED RESOURCE,,,,,,,"no line with compatible position/skill, grade and start date in window",PROJ-00007232,QL-0000003445,SINGAPORE CIVIL DEFENCE FORCE,SCDF Base Year8 FY26,Generic Resource 7,Network Engineer - Suresh,Network Engineer L2,rule,MAPPED - level inferred from grade,,7.0,NETWORK,Fortinet NSE 7: Network Security Architect;Technical-Network-Network Products-F5 DNS;Technical-Network-Network Security-Palo Alto Firewalls;Technical-Data Cente,2027-03-01,2027-04-01,FY27,FY_END_PLAN,Rolling off 7-12m,18.0,,,,,,,,,,,,,,,
UNMATCHED RESOURCE,,,,,,,"no line with compatible position/skill, grade and start date in window",PROJ-00007232,QL-0000003445,SINGAPORE CIVIL DEFENCE FORCE,SCDF Base Year8 FY26,Generic Resource 7,DBA - Raja,DBA L2,rule,MAPPED - level inferred from grade,,7.0,DATABASE,Oracle Database 10g Administrator Certified Professional (OCP);Technical-Data Management-Databases-DB2;Technical-Data Management-Databases-Oracle DB;Technical-O,2027-03-01,2027-04-01,FY27,FY_END_PLAN,Rolling off 7-12m,18.0,,,,,,,,,,,,,,,
UNMATCHED RESOURCE,,,,,,,"no line with compatible position/skill, grade and start date in window",PROJ-00007232,QL-0000003445,SINGAPORE CIVIL DEFENCE FORCE,SCDF Base Year8 FY26,Generic Resource 7,Storage Engineer - Michael,Backup/Storage Engineer L2,rule,MAPPED - level inferred from grade,,7.0,INFRA_OS,Cloud Practitioner;Functional-Development & operation-Services operation-Reporting;Functional-Development & operation-Service Management-Information Technology ,2027-03-01,2027-04-01,FY27,FY_END_PLAN,Rolling off 7-12m,9.0,,,,,,,,,,,,,,,
UNMATCHED RESOURCE,,,,,,,"no line with compatible position/skill, grade and start date in window",PROJ-00007232,QL-0000003445,SINGAPORE CIVIL DEFENCE FORCE,SCDF Base Year8 FY26,Generic Resource 7,Project Manager - Naq Fong,Project Manager,rule,MAPPED,,7.0,SECURITY,Certified Information Security Manager (CISM);Technical-Security-Risk & compliance-Audit and Compliance methodology;Technical-Cybersecurity-Identity & Access Ma,2027-03-01,2027-04-01,FY27,FY_END_PLAN,Rolling off 7-12m,18.0,,,,,,,,,,,,,,,
UNMATCHED RESOURCE,,,,,,,"no line with compatible position/skill, grade and start date in window",PROJ-00007232,QL-0000003445,SINGAPORE CIVIL DEFENCE FORCE,SCDF Base Year8 FY26,Generic Resource 7,Project Manager - Steve,Project Manager,mapping_sheet,MAPPED,,7.0,PROJECT_MGMT,Technical-Application Development-Backend Development-.NET;Functional-Development & operation-Procurement-Contract Management - CSOW (Contract SOW),2027-03-01,2027-04-01,FY27,FY_END_PLAN,Rolling off 7-12m,18.0,,,,,,,,,,,,,,,
UNMATCHED RESOURCE,,,,,,,"no line with compatible position/skill, grade and start date in window",PROJ-00007232,QL-0000003445,SINGAPORE CIVIL DEFENCE FORCE,SCDF Base Year8 FY26,Generic Resource 7,Service Delivery Manager - Beant,SDM,rule,MAPPED,,7.0,SERVICE_MGMT,ITIL Foundation Certificate in IT Service Management;Functional-Language skills-Read-English;Functional-Language skills-Understand & Speak-English;Technical-Har,2027-03-01,2027-04-01,FY27,FY_END_PLAN,Rolling off 7-12m,18.0,,,,,,,,,,,,,,,
UNMATCHED RESOURCE,,,,,,,"no line with compatible position/skill, grade and start date in window",PROJ-00007232,QL-0000003445,SINGAPORE CIVIL DEFENCE FORCE,SCDF Base Year8 FY26,Generic Resource 7,SERVER - Lead - L3 Naveen,Server Engineer L3,rule,MAPPED,,7.0,INFRA_OS,Azure Administrator Associate;VMware Certified Technical Associate - Cloud Management and Automation (VCTA-CM);VMware Certified Technical Associate - Data Cente,2027-03-01,2027-04-01,FY27,FY_END_PLAN,Rolling off 7-12m,18.0,,,,,,,,,,,,,,,
UNMATCHED RESOURCE,,,,,,,"no line with compatible position/skill, grade and start date in window",PROJ-00010674,QL-0000006001,MINISTRY OF SUSTAINABILITY AND THE ENVIRONMENT,[ATFM] Year 8 Renewal - MSE,Generic Resource 7,Operation Manager,SDM,mapping_sheet,MAPPED,,7.0,SERVICE_MGMT,Operation Manager,2027-03-01,2027-04-01,FY27,FY_END_PLAN,Rolling off 7-12m,18.0,,,,,,,,,,,,,,,
UNMATCHED RESOURCE,,,,,,,"no line with compatible position/skill, grade and start date in window",PROJ-00010674,QL-0000006001,MINISTRY OF SUSTAINABILITY AND THE ENVIRONMENT,[ATFM] Year 8 Renewal - MSE,Generic Resource 7,Wintel L2 [BAU],Server Engineer L2,rule,MAPPED,,7.0,INFRA_OS,Wintel L2 [BAU],2027-03-01,2027-04-01,FY27,FY_END_PLAN,Rolling off 7-12m,18.0,,,,,,,,,,,,,,,
UNMATCHED RESOURCE,,,,,,,"no line with compatible position/skill, grade and start date in window",PROJ-00010674,QL-0000006001,MINISTRY OF SUSTAINABILITY AND THE ENVIRONMENT,[ATFM] Year 8 Renewal - MSE,Generic Resource 7,Linux Engineer [ADDN REQN],Server Engineer L2,rule,MAPPED - level inferred from grade,,7.0,INFRA_OS,Linux Engineer [ADDN REQN],2026-05-01,2026-06-01,FY26,CONFIRMED_END,Available now,3.0,,,,,,,,,,,,,,,
UNMATCHED RESOURCE,,,,,,,"no line with compatible position/skill, grade and start date in window",PROJ-00007231,QL-0000003468,HOME TEAM SCIENCE AND TECHNOLOGY AGENCY,[ATFM] Year 8 Renewal [CV]_HTX,Generic Resource 7,Network Engineer - Naw-Hsar/Jeff,Network Engineer L2,rule,MAPPED - level inferred from grade,,7.0,NETWORK,ITIL 4 Foundation Certificate in IT Service Management;Technical-Network-Network Security-Impreva WAF;Technical-Network-Network Security-Proxy Server;Technical-,2027-03-01,2027-04-01,FY27,FY_END_PLAN,Rolling off 7-12m,18.0,,,,,,,,,,,,,,,
UNMATCHED RESOURCE,,,,,,,"no line with compatible position/skill, grade and start date in window",PROJ-00007231,QL-0000003468,HOME TEAM SCIENCE AND TECHNOLOGY AGENCY,[ATFM] Year 8 Renewal [CV]_HTX,Generic Resource 7,Network Engineer,Network Engineer L2,rule,MAPPED - level inferred from grade,,7.0,NETWORK,Technical-Network-Network Security-Palo Alto Firewalls;Technical-Network-Network Data Management-Application Load Balancers;Technical-Microsoft 365-Office Produ,2027-03-01,2027-04-01,FY27,FY_END_PLAN,Rolling off 7-12m,18.0,,,,,,,,,,,,,,,
UNMATCHED RESOURCE,,,,,,,"no line with compatible position/skill, grade and start date in window",PROJ-00007231,QL-0000003468,HOME TEAM SCIENCE AND TECHNOLOGY AGENCY,[ATFM] Year 8 Renewal [CV]_HTX,Generic Resource 7,Network Engineer,Network Engineer L2,rule,MAPPED - level inferred from grade,,7.0,NETWORK,Cisco Certified Network Associate (CCNA);Huawei Certified ICT Associate-Routing & Switching;Huawei Certified ICT Professional-Datacom;Technical-Network-Network ,2027-03-01,2027-04-01,FY27,FY_END_PLAN,Rolling off 7-12m,18.0,,,,,,,,,,,,,,,
UNMATCHED RESOURCE,,,,,,,"no line with compatible position/skill, grade and start date in window",PROJ-00007231,QL-0000003468,HOME TEAM SCIENCE AND TECHNOLOGY AGENCY,[ATFM] Year 8 Renewal [CV]_HTX,Generic Resource 7,Operations Manager,SDM,rule,MAPPED,,7.0,WORKPLACE,Technical-Infrastructure Management-End User Services-VMware;Functional-Language skills-Understand & Speak-English;Functional-Personal and interpersonal skills-,2027-03-01,2027-04-01,FY27,FY_END_PLAN,Rolling off 7-12m,18.0,,,,,,,,,,,,,,,
UNMATCHED RESOURCE,,,,,,,"no line with compatible position/skill, grade and start date in window",PROJ-00010584,QL-0000005408,SINGAPORE FOOD AGENCY,[ATFM] Year 8 Renewal - SFA,Generic Resource 7,Wintel L2 (AFM + TFM) - 2,Server Engineer L2,rule,MAPPED,,7.0,CLOUD,VMware Certified Professional - Data Center Virtualization (VCP-DCV);ITIL Foundation;Technical-Infrastructure Management-End User Services-VMware;Azure Administ,2027-03-01,2027-04-01,FY27,FY_END_PLAN,Rolling off 7-12m,18.0,,,,,,,,,,,,,,,
UNMATCHED RESOURCE,,,,,,,"no line with compatible position/skill, grade and start date in window",PROJ-00010584,QL-0000005408,SINGAPORE FOOD AGENCY,[ATFM] Year 8 Renewal - SFA,Generic Resource 7,Linux,Server Engineer L2,rule,MAPPED - level inferred from grade,,7.0,INFRA_OS,Technical-Infrastructure Management-Tools administration-Nagios;Technical-Data Center Management-Operating System-Solaris;Functional-Development & operation-App,2027-03-01,2027-04-01,FY27,FY_END_PLAN,Rolling off 7-12m,18.0,,,,,,,,,,,,,,,
UNMATCHED RESOURCE,,,,,,,"no line with compatible position/skill, grade and start date in window",PROJ-00010584,QL-0000005408,SINGAPORE FOOD AGENCY,[ATFM] Year 8 Renewal - SFA,Generic Resource 7,DBA,DBA L2,rule,MAPPED - level inferred from grade,,7.0,CLOUD,Azure Administrator Associate;Technical-Data Management-Databases-MySQL;Azure Solutions Architect Expert;Database Specialty;Functional-Business Acumen-Leadershi,2027-03-01,2027-04-01,FY27,FY_END_PLAN,Rolling off 7-12m,18.0,,,,,,,,,,,,,,,
UNMATCHED RESOURCE,,,,,,,"no line with compatible position/skill, grade and start date in window",PROJ-00010584,QL-0000005408,SINGAPORE FOOD AGENCY,[ATFM] Year 8 Renewal - SFA,Generic Resource 7,ITSO -2,IT Security Officer,mapping_sheet,MAPPED,,7.0,SECURITY,"Technical-Cybersecurity-Governance, Risk & Compliance-NIST CSF;Technical-Security-Infrastructure Security-Penetration Testing;Certified Information Security Man",2027-03-01,2027-04-01,FY27,FY_END_PLAN,Rolling off 7-12m,9.0,,,,,,,,,,,,,,,
UNMATCHED RESOURCE,,,,,,,"no line with compatible position/skill, grade and start date in window",PROJ-00010584,QL-0000005408,SINGAPORE FOOD AGENCY,[ATFM] Year 8 Renewal - SFA,Generic Resource 7,Sharepoint Admin,DCOps,rule,MAPPED,,7.0,WORKPLACE,Technical-Cloud-Cloud Administration-MS Azure-Administration;Technical-Microsoft 365-Sharepoint-SharePoint Admin Center;Technical-Microsoft 365-Sharepoint-SP On,2027-03-01,2027-04-01,FY27,FY_END_PLAN,Rolling off 7-12m,9.0,,,,,,,,,,,,,,,
UNMATCHED RESOURCE,,,,,,,"no line with compatible position/skill, grade and start date in window",PROJ-00010584,QL-0000005408,SINGAPORE FOOD AGENCY,[ATFM] Year 8 Renewal - SFA,Generic Resource 7,Cloud L2 (GCC+),Cloud Engineer L2,rule,MAPPED,,7.0,INFRA_OS,Technical-Cloud-Analytics Tools-AWS EC2;Technical-Microsoft-Operating System-Microsoft Windows 10/11;Technical-Microsoft-Operating System-Microsoft Windows Serv,2027-03-01,2027-04-01,FY27,FY_END_PLAN,Rolling off 7-12m,18.0,,,,,,,,,,,,,,,
UNMATCHED RESOURCE,FOR REVIEW - position name unmapped,,,,,,"no line with compatible position/skill, grade and start date in window",PROJ-00010584,QL-0000005408,SINGAPORE FOOD AGENCY,[ATFM] Year 8 Renewal - SFA,Generic Resource 7,PSS Mandays -1,UNMAPPED - FOR REVIEW,unmapped,FOR REVIEW,IT Security Officer,7.0,SECURITY,Solutions Architect Associate;SysOps Administrator Associate;Security Specialty,2027-03-01,2027-04-01,FY27,FY_END_PLAN,Rolling off 7-12m,18.0,,,,,,,,,,,,,,,
UNMATCHED RESOURCE,,,,,,,"no line with compatible position/skill, grade and start date in window",PROJ-00007234,QL-0000003470,CENTRAL NARCOTICS BUREAU,[ATFM] Year 8 Renewal [CV]_CNB,Generic Resource 7,13. Shared Storage Engineer,Backup/Storage Engineer L2,rule,MAPPED - level inferred from grade,,7.0,INFRA_OS,Cloud Practitioner;Functional-Development & operation-Services operation-Reporting;Functional-Development & operation-Service Management-Information Technology ,2027-03-01,2027-04-01,FY27,FY_END_PLAN,Rolling off 7-12m,3.7,,,,,,,,,,,,,,,
UNMATCHED RESOURCE,,,,,,,"no line with compatible position/skill, grade and start date in window",PROJ-00007234,QL-0000003470,CENTRAL NARCOTICS BUREAU,[ATFM] Year 8 Renewal [CV]_CNB,Generic Resource 7,09. Database Admin,DBA L2,rule,MAPPED - level inferred from grade,,7.0,DATABASE,Technical-Data Center Management-Database Management-MS SQL Administration;Technical-Data Center Management-Database Management-Oracle DB Administration;Technic,2027-03-01,2027-04-01,FY27,FY_END_PLAN,Rolling off 7-12m,18.0,,,,,,,,,,,,,,,
UNMATCHED RESOURCE,,,,,,,"no line with compatible position/skill, grade and start date in window",PROJ-00007234,QL-0000003470,CENTRAL NARCOTICS BUREAU,[ATFM] Year 8 Renewal [CV]_CNB,Generic Resource 7,04. Network Engineer,Network Engineer L2,rule,MAPPED - level inferred from grade,,7.0,NETWORK,"Technical-Network-Standards-Wireless Standards;Technical-Network-Logical network (L2, L3)-Virtual LAN (VLAN);Technical-Network-Network Products-Aruba swtich;Tec",2027-03-01,2027-04-01,FY27,FY_END_PLAN,Rolling off 7-12m,18.0,,,,,,,,,,,,,,,
UNMATCHED RESOURCE,,,,,,,"no line with compatible position/skill, grade and start date in window",PROJ-00007234,QL-0000003470,CENTRAL NARCOTICS BUREAU,[ATFM] Year 8 Renewal [CV]_CNB,Generic Resource 7,03. Network Lead,Network Engineer L2,rule,MAPPED - level inferred from grade,,7.0,NETWORK,Cisco Certified Network Professional (CCNP);Technical-Network-Network Products-Cisco router;Certified Security Specialist Certification;Check Point Certified Se,2027-03-01,2027-04-01,FY27,FY_END_PLAN,Rolling off 7-12m,18.0,,,,,,,,,,,,,,,
UNMATCHED RESOURCE,,,,,,,"no line with compatible position/skill, grade and start date in window",PROJ-00007234,QL-0000003470,CENTRAL NARCOTICS BUREAU,[ATFM] Year 8 Renewal [CV]_CNB,Generic Resource 7,09. Linux Engineer,Server Engineer L2,rule,MAPPED - level inferred from grade,,7.0,INFRA_OS,Technical-Data Center Management-Operating System-Windows Server;Technical-Digital Workplace-Unified Endpoint Management-VMware vSphere;Technical-Data Center Ma,2027-03-01,2027-04-01,FY27,FY_END_PLAN,Rolling off 7-12m,18.0,,,,,,,,,,,,,,,
UNMATCHED RESOURCE,,,,,,,"no line with compatible position/skill, grade and start date in window",PROJ-00007234,QL-0000003470,CENTRAL NARCOTICS BUREAU,[ATFM] Year 8 Renewal [CV]_CNB,Generic Resource 7,07. Wintel Engineer #2,Server Engineer L2,rule,MAPPED - level inferred from grade,,7.0,INFRA_OS,Technical-Data Center Management-Storage Management-Hitachi Entry-Level Storage Admin;Technical-Data Center Management-Operating System-Linux - Redhat;Technical,2027-03-01,2027-04-01,FY27,FY_END_PLAN,Rolling off 7-12m,18.0,,,,,,,,,,,,,,,
UNMATCHED RESOURCE,,,,,,,"no line with compatible position/skill, grade and start date in window",PROJ-00010639,QL-0000004874,THE ACCOUNTING AND CORPORATE REGULATORY AUTHORITY,[ATFM] Year 8 - GCC and GCC+ Day 2 support [RFQ],Generic Resource 7,Cloud Engineer - BAU,Cloud Engineer L2,rule,MAPPED - level inferred from grade,,7.0,CLOUD,Cloud Engineer - BAU,2027-03-01,2027-04-01,FY27,FY_END_PLAN,Rolling off 7-12m,18.0,,,,,,,,,,,,,,,
UNMATCHED RESOURCE,,,,,,,"no line with compatible position/skill, grade and start date in window",PROJ-00010639,QL-0000004874,THE ACCOUNTING AND CORPORATE REGULATORY AUTHORITY,[ATFM] Year 8 - GCC and GCC+ Day 2 support [RFQ],Generic Resource 7,DBA Backfill,DBA L2,rule,MAPPED - level inferred from grade,,7.0,DATABASE,DBA Backfill,2027-03-01,2027-04-01,FY27,FY_END_PLAN,Rolling off 7-12m,1.8,,,,,,,,,,,,,,,
UNMATCHED RESOURCE,,,,,,,"no line with compatible position/skill, grade and start date in window",PROJ-00010679,QL-0000006002,COUNCIL FOR ESTATE AGENCIES,CEA Base Year8 FY26,Generic Resource 7,Wintel L2 (BAU),Server Engineer L2,rule,MAPPED,,7.0,INFRA_OS,VMware Certified Professional - Data Center Virtualization (VCP-DCV);Microsoft Certified Solutions Associate (MCSA): Windows Server 2012;Technical-Data Center M,2027-03-01,2027-04-01,FY27,FY_END_PLAN,Rolling off 7-12m,9.0,,,,,,,,,,,,,,,
UNMATCHED RESOURCE,FOR REVIEW - position name unmapped,,,,,,"no line with compatible position/skill, grade and start date in window",PROJ-00010773,QL-0000006126,SINGAPORE POLICE FORCE,[ATFM] Cisco AppDynamics APM Services for Year 8 Renewal,Generic Resource 7,Day 1 - (2),UNMAPPED - FOR REVIEW,unmapped,FOR REVIEW,Cloud Engineer L2,7.0,CLOUD,Technical-Application Development-Observability-Open Telemetry;Technical-Application Development-Backend Development-Linux Shell Scripting;Technical-Application,2027-03-01,2027-04-01,FY27,FY_END_PLAN,Rolling off 7-12m,18.0,,,,,,,,,,,,,,,
UNMATCHED RESOURCE,,,,,,,"no line with compatible position/skill, grade and start date in window",PROJ-00009701,QL-0000005316,URBAN REDEVELOPMENT AUTHORITY,[ATFM] Year 8 Renewal [CV]_URA,Generic Resource 7,Wintel Engineer L2 - AFM -1,Server Engineer L2,rule,MAPPED,,7.0,CLOUD,VMware Certified Professional - Data Center Virtualization (VCP-DCV);Technical-Cloud-Cloud Administration-AWS-Support & Management;Technical-Cloud-Cloud Adminis,2027-03-01,2027-04-01,FY27,FY_END_PLAN,Rolling off 7-12m,18.0,,,,,,,,,,,,,,,
UNMATCHED RESOURCE,,,,,,,"no line with compatible position/skill, grade and start date in window",PROJ-00009701,QL-0000005316,URBAN REDEVELOPMENT AUTHORITY,[ATFM] Year 8 Renewal [CV]_URA,Generic Resource 7,Wintel Engineer L2 - AFM- 2,Server Engineer L2,rule,MAPPED,,7.0,INFRA_OS,Technical-Infrastructure Management-End User Services-VMware;Technical-Hardware-Computer Hardware-Virtualization;Technical-Data Center Management-Server Managem,2027-03-01,2027-04-01,FY27,FY_END_PLAN,Rolling off 7-12m,18.0,,,,,,,,,,,,,,,
UNMATCHED RESOURCE,,,,,,,"no line with compatible position/skill, grade and start date in window",PROJ-00009701,QL-0000005316,URBAN REDEVELOPMENT AUTHORITY,[ATFM] Year 8 Renewal [CV]_URA,Generic Resource 7,Unix L2 - AFM,Server Engineer L2,rule,MAPPED,,7.0,CLOUD,Functional-Development & operation-Project Management-Change Management;Government on Commercial Cloud (GCC) Certification;Technical-Application Development-Bac,2027-03-01,2027-04-01,FY27,FY_END_PLAN,Rolling off 7-12m,9.0,,,,,,,,,,,,,,,
UNMATCHED RESOURCE,,,,,,,"no line with compatible position/skill, grade and start date in window",PROJ-00009701,QL-0000005316,URBAN REDEVELOPMENT AUTHORITY,[ATFM] Year 8 Renewal [CV]_URA,Generic Resource 7,Middleware L2 - ADDITIONAL + AFM - 1,Server Engineer L2,rule,MAPPED,,7.0,DATABASE,Technical-Infrastructure Management-Integration Management-IBM Websphere;Technical-Data Center Management-Operating System-Solaris;Technical-Middleware-EDI-Axwa,2027-03-01,2027-04-01,FY27,FY_END_PLAN,Rolling off 7-12m,18.0,,,,,,,,,,,,,,,
UNMATCHED RESOURCE,FOR REVIEW - position name unmapped,,,,,,"no line with compatible position/skill, grade and start date in window",PROJ-00009701,QL-0000005316,URBAN REDEVELOPMENT AUTHORITY,[ATFM] Year 8 Renewal [CV]_URA,Generic Resource 7,TSM/ OM L2- AFM,UNMAPPED - FOR REVIEW,unmapped,FOR REVIEW,Cloud Engineer L2,7.0,CLOUD,Functional-Business Acumen-Leadership skills-Team & People management ;Technical-Data Center Management-Server Virtualization-Microsoft Hyper V;Technical-Data C,2027-03-01,2027-04-01,FY27,FY_END_PLAN,Rolling off 7-12m,18.0,,,,,,,,,,,,,,,
UNMATCHED RESOURCE,,,,,,,"no line with compatible position/skill, grade and start date in window",PROJ-00009701,QL-0000005316,URBAN REDEVELOPMENT AUTHORITY,[ATFM] Year 8 Renewal [CV]_URA,Generic Resource 7,DBA L2- AFM,DBA L2,mapping_sheet,MAPPED,,7.0,DATABASE,Technical-Data Management-Databases-Oracle DB;Technical-Data Center Management-Operating System-Unix;Technical-Cloud-Cloud Administration-AWS-Administration;Ora,2027-03-01,2027-04-01,FY27,FY_END_PLAN,Rolling off 7-12m,18.0,,,,,,,,,,,,,,,
UNMATCHED RESOURCE,,,,,,,"no line with compatible position/skill, grade and start date in window",PROJ-00009701,QL-0000005316,URBAN REDEVELOPMENT AUTHORITY,[ATFM] Year 8 Renewal [CV]_URA,Generic Resource 7,DBA L2 (Contract Variation) - ADDITIONAL,DBA L2,mapping_sheet,MAPPED,,7.0,DATABASE,Solutions Architect Associate;Technical-Microsoft-Microsoft Products-Microsoft SQL Server Management Studio;Technical-Data Center Management-Database Management,2027-03-01,2027-04-01,FY27,FY_END_PLAN,Rolling off 7-12m,18.0,,,,,,,,,,,,,,,
UNMATCHED RESOURCE,,,,,,,"no line with compatible position/skill, grade and start date in window",PROJ-00009701,QL-0000005316,URBAN REDEVELOPMENT AUTHORITY,[ATFM] Year 8 Renewal [CV]_URA,Generic Resource 7,Middleware L2 (Contract variation)  - ADDITIONAL,Server Engineer L2,rule,MAPPED,,7.0,CLOUD,Technical-Application Development-Deployment Platform-Tomcat;Technical-Middleware-Integration Platform Administration-Weblogic;Technical-Application Development,2027-03-01,2027-04-01,FY27,FY_END_PLAN,Rolling off 7-12m,18.0,,,,,,,,,,,,,,,
UNMATCHED RESOURCE,,,,,,,"no line with compatible position/skill, grade and start date in window",PROJ-00009701,QL-0000005316,URBAN REDEVELOPMENT AUTHORITY,[ATFM] Year 8 Renewal [CV]_URA,Generic Resource 7,Cloud Wintel L2 - GCC,Cloud Engineer L2,rule,MAPPED,,7.0,INFRA_OS,"Microsoft Certified Technology Specialist (MCTS);Microsoft Certified Technology Specialist (MCTS): Windows Server 2008 Application Infrastructure, Configuration",2027-03-01,2027-04-01,FY27,FY_END_PLAN,Rolling off 7-12m,18.0,,,,,,,,,,,,,,,
UNMATCHED RESOURCE,FOR REVIEW - position name unmapped,,,,,,"no line with compatible position/skill, grade and start date in window",PROJ-00007010,QL-0000003501,DESIGNSINGAPORE COUNCIL PTE. LTD.,[Non-ATFM] IT Managed Services_DSC,Generic Resource 7,Year 1 and Year 2 - BAU -6,UNMAPPED - FOR REVIEW,unmapped,FOR REVIEW,Server Engineer L2,7.0,INFRA_OS,Technical-Cloud-Platform as a Service-Internet of Things (IoT);Technical-Data Center Management-Server Virtualization-Microsoft Hyper V;Technical-Data Center Ma,2027-03-01,2027-04-01,FY27,FY_END_PLAN,Rolling off 7-12m,4.62,,,,,,,,,,,,,,,
UNMATCHED RESOURCE,,,,,,,"no line with compatible position/skill, grade and start date in window",PROJ-00010663,QL-0000006022,SINGAPORE SPORTS COUNCIL,SportSG Year8 Addn PSS for PM & NE FY26,Generic Resource 7,Project Manager,Project Manager,mapping_sheet,MAPPED,,7.0,INFRA_OS,ITIL Foundation;Certified in Cybersecurity (CC);Azure Fundamentals;Functional-Development & operation-Service Management-Service Level Agreement (SLA) Managemen,2027-03-01,2027-04-01,FY27,FY_END_PLAN,Rolling off 7-12m,18.0,,,,,,,,,,,,,,,
UNMATCHED RESOURCE,,,,,,,"no line with compatible position/skill, grade and start date in window",PROJ-00010663,QL-0000006022,SINGAPORE SPORTS COUNCIL,SportSG Year8 Addn PSS for PM & NE FY26,Generic Resource 7,Network Engineer,Network Engineer L2,rule,MAPPED - level inferred from grade,,7.0,NETWORK,Technical-Network-Network Architecture-Campus network;Cisco Certified Network Professional (CCNP);Cisco Certified Network Associate (CCNA),2027-03-01,2027-04-01,FY27,FY_END_PLAN,Rolling off 7-12m,18.0,,,,,,,,,,,,,,,
UNMATCHED RESOURCE,,,,,,,"no line with compatible position/skill, grade and start date in window",PROJ-00010662,QL-0000006023,SINGAPORE SPORTS COUNCIL,SportSG Year8 FY26,Generic Resource 7,Wintel,Server Engineer L2,rule,MAPPED - level inferred from grade,,7.0,INFRA_OS,Technical-Data Center Management-Operating System-Windows Server;CISA (Certified Information Systems Auditor);AWS Cloud Foundation;Technical-Microsoft-Operating,2027-03-01,2027-04-01,FY27,FY_END_PLAN,Rolling off 7-12m,18.0,,,,,,,,,,,,,,,
UNMATCHED RESOURCE,,,,,,,"no line with compatible position/skill, grade and start date in window",PROJ-00010662,QL-0000006023,SINGAPORE SPORTS COUNCIL,SportSG Year8 FY26,Generic Resource 7,DBA,DBA L2,rule,MAPPED - level inferred from grade,,7.0,DATABASE,Certified Generative AI Engineer Associate;Azure Database Administrator Associate;Microsoft Certified Solutions Associate (MCSA): SQL Server 2012/2014;Microsoft,2027-03-01,2027-04-01,FY27,FY_END_PLAN,Rolling off 7-12m,9.0,,,,,,,,,,,,,,,
UNMATCHED RESOURCE,,,,,,,"no line with compatible position/skill, grade and start date in window",PROJ-00010662,QL-0000006023,SINGAPORE SPORTS COUNCIL,SportSG Year8 FY26,Generic Resource 7,Network Engineer,Network Engineer L2,rule,MAPPED - level inferred from grade,,7.0,NETWORK,Technical-Network-Network Security-F5 WAF;Technical-Network-Network Products-Cisco wireless;Technical-Network-Network Products-Cisco router;Technical-Network-Ne,2027-03-01,2027-04-01,FY27,FY_END_PLAN,Rolling off 7-12m,18.0,,,,,,,,,,,,,,,
UNMATCHED RESOURCE,,,,,,,"no line with compatible position/skill, grade and start date in window",PROJ-00010662,QL-0000006023,SINGAPORE SPORTS COUNCIL,SportSG Year8 FY26,Generic Resource 7,Storage,Backup/Storage Engineer L2,rule,MAPPED - level inferred from grade,,7.0,INFRA_OS,Cloud Practitioner;Functional-Development & operation-Services operation-Reporting;Functional-Development & operation-Service Management-Information Technology ,2027-03-01,2027-04-01,FY27,FY_END_PLAN,Rolling off 7-12m,1.8,,,,,,,,,,,,,,,
UNMATCHED RESOURCE,,,,,,,"no line with compatible position/skill, grade and start date in window",PROJ-00010710,QL-0000006004,NATIONAL COUNCIL OF SOCIAL SERVICES,NCSS Base Year8 FY26,Generic Resource 7,Service Delivery Manager,SDM,mapping_sheet,MAPPED,,7.0,SERVICE_MGMT,Functional-Development & operation-Service Management-Asset Management;Functional-Development & operation-Service Management-Problem Management;Functional-Devel,2027-03-01,2027-04-01,FY27,FY_END_PLAN,Rolling off 7-12m,18.0,,,,,,,,,,,,,,,
UNMATCHED RESOURCE,,,,,,,"no line with compatible position/skill, grade and start date in window",PROJ-00010710,QL-0000006004,NATIONAL COUNCIL OF SOCIAL SERVICES,NCSS Base Year8 FY26,Generic Resource 7,Cloud Wintel,Cloud Engineer L2,rule,MAPPED - level inferred from grade,,7.0,INFRA_OS,VMware Certified Technical Associate - Data Center Virtualization (VCTA-DCV);Solutions Architect Associate;Technical-Data Center Management-Server Virtualizatio,2027-03-01,2027-04-01,FY27,FY_END_PLAN,Rolling off 7-12m,18.0,,,,,,,,,,,,,,,
UNMATCHED RESOURCE,,,,,,,"no line with compatible position/skill, grade and start date in window",PROJ-00010710,QL-0000006004,NATIONAL COUNCIL OF SOCIAL SERVICES,NCSS Base Year8 FY26,Generic Resource 7,ITSO L2,IT Security Officer,mapping_sheet,MAPPED,,7.0,SECURITY,Technical-Security-Cybersecurity-Security Incident and Event Management;Databricks Accredited Generative AI Fundamentals;Functional-Development & operation-Proj,2027-03-01,2027-04-01,FY27,FY_END_PLAN,Rolling off 7-12m,18.0,,,,,,,,,,,,,,,
UNMATCHED RESOURCE,,,,,,,"no line with compatible position/skill, grade and start date in window",PROJ-00010710,QL-0000006004,NATIONAL COUNCIL OF SOCIAL SERVICES,NCSS Base Year8 FY26,Generic Resource 7,DBA,DBA L2,rule,MAPPED - level inferred from grade,,7.0,DATABASE,Certified Generative AI Engineer Associate;Azure Database Administrator Associate;Microsoft Certified Solutions Associate (MCSA): SQL Server 2012/2014;Microsoft,2027-03-01,2027-04-01,FY27,FY_END_PLAN,Rolling off 7-12m,9.0,,,,,,,,,,,,,,,
UNMATCHED RESOURCE,,,,,,,"no line with compatible position/skill, grade and start date in window",PROJ-00010710,QL-0000006004,NATIONAL COUNCIL OF SOCIAL SERVICES,NCSS Base Year8 FY26,Generic Resource 7,Cloud Wintel L2,Cloud Engineer L2,rule,MAPPED,,7.0,INFRA_OS,VMware Certified Professional - Data Center Virtualization (VCP-DCV);Microsoft Certified Solutions Associate (MCSA): Windows Server 2012;Technical-Data Center M,2027-03-01,2027-04-01,FY27,FY_END_PLAN,Rolling off 7-12m,9.0,,,,,,,,,,,,,,,
UNMATCHED RESOURCE,,,,,,,"no line with compatible position/skill, grade and start date in window",PROJ-00010780,QL-0000006125,INTELLECTUAL PROPERTY OFFICE OF SINGAPORE,[ATFM] Year 8 Renewal - IPOS - AFM - HQ,Generic Resource 7,08. ATFM DBA #1,DBA L2,rule,MAPPED - level inferred from grade,,7.0,DATABASE,Technical-Data Management-Database Design & Development-Administration;Technical-Data Center Management-Database Management-MS SQL Administration;Technical-Data,2027-03-01,2027-04-01,FY27,FY_END_PLAN,Rolling off 7-12m,18.0,,,,,,,,,,,,,,,
UNMATCHED RESOURCE,,,,,,,"no line with compatible position/skill, grade and start date in window",PROJ-00010780,QL-0000006125,INTELLECTUAL PROPERTY OFFICE OF SINGAPORE,[ATFM] Year 8 Renewal - IPOS - AFM - HQ,Generic Resource 7,01. ATFM SDM,SDM,rule,MAPPED,,7.0,PROJECT_MGMT,Technical-Infrastructure Management-IT Network & Unified Communication-Asset Management;Certified Information Security Manager (CISM);Government on Commercial C,2027-03-01,2027-04-01,FY27,FY_END_PLAN,Rolling off 7-12m,18.0,,,,,,,,,,,,,,,
UNMATCHED RESOURCE,,,,,,,"no line with compatible position/skill, grade and start date in window",PROJ-00010780,QL-0000006125,INTELLECTUAL PROPERTY OFFICE OF SINGAPORE,[ATFM] Year 8 Renewal - IPOS - AFM - HQ,Generic Resource 7,04. AFM HQ WIntel Engineer,Server Engineer L2,rule,MAPPED - level inferred from grade,,7.0,WORKPLACE,Technical-Microsoft-Microsoft O.S. Management-Microsoft Services Console;Technical-Hardware-Computer Hardware-Storage Devices Troubleshooting;Technical-Infrastr,2027-03-01,2027-04-01,FY27,FY_END_PLAN,Rolling off 7-12m,18.0,,,,,,,,,,,,,,,
UNMATCHED RESOURCE,FOR REVIEW - position name unmapped,,,,,,"no line with compatible position/skill, grade and start date in window",PRJFF4702ED,,"AGENCY FOR SCIENCE, TECHNOLOGY AND RESEARCH","OECM2211009_WC_a - IT Service Desk (Helpdesk, Desktop Support and Services)_Base",Generic Resource 8,Client Success Partner,UNMAPPED - FOR REVIEW,unmapped,FOR REVIEW,Project Manager,8.0,PROJECT_MGMT,Functional-Business Acumen-Problem-solving-Data Analysis;Functional-Personal and interpersonal skills-Communication-Presentations;Certified SCRUM Master;Managem,2026-06-01,2026-07-01,FY26,CONFIRMED_END,Available now,2.0,,,,,,,,,,,,,,,
UNMATCHED RESOURCE,,,,,,,"no line with compatible position/skill, grade and start date in window",PRJFF4702ED,,"AGENCY FOR SCIENCE, TECHNOLOGY AND RESEARCH","OECM2211009_WC_a - IT Service Desk (Helpdesk, Desktop Support and Services)_Base",Generic Resource 7,Operation Manager,SDM,mapping_sheet,MAPPED,,7.0,WORKPLACE,Technical-Infrastructure Management-Asset Management-Asset Management;ITIL Foundation;Technical-Infrastructure Management-End User Support-Technical Support;Tec,2026-05-01,2026-06-01,FY26,CONFIRMED_END,Available now,18.0,,,,,,,,,,,,,,,
UNMATCHED RESOURCE,,,,,,,"no line with compatible position/skill, grade and start date in window",PRJ47FC2ACE,,HOME TEAM SCIENCE AND TECHNOLOGY AGENCY,OECM2210006_WC_a - MHA Enterprise SharePoint Platform (MESP)_ Base,Generic Resource 12,Cloud L1,Cloud Engineer L1,mapping_sheet,MAPPED,,3.0,CLOUD,Cloud L1,2027-03-01,2027-04-01,FY27,FY_END_PLAN,Rolling off 7-12m,18.0,,,,,,,,,,,,,,,
UNMATCHED RESOURCE,,,,,,,"no line with compatible position/skill, grade and start date in window",PRJFAF28C81,,SINGAPORE CIVIL DEFENCE FORCE,SCDF Additional 16HCs,Generic Resource 8,Project Manager,Project Manager,mapping_sheet,MAPPED,,8.0,DATA_ANALYTICS,Project Management Professional (PMP);Technical-Application Development-Backend Development-Python;Certified Information Systems Security Professional (CISSP) ;,2027-03-01,2027-04-01,FY27,FY_END_PLAN,Rolling off 7-12m,18.0,,,,,,,,,,,,,,,
UNMATCHED RESOURCE,,,,,,,"no line with compatible position/skill, grade and start date in window",PRJFAF28C81,,SINGAPORE CIVIL DEFENCE FORCE,SCDF Additional 16HCs,Generic Resource 8,Network Engineer,Network Engineer L3,rule,MAPPED - level inferred from grade,,8.0,NETWORK,Palo Alto Networks Certified Network Security Engineer (PCNSE);ITIL Foundation;Certified Generative AI Engineer Associate;Functional-Development & operation-Pro,2026-06-01,2026-07-01,FY26,CONFIRMED_END,Available now,18.0,,,,,,,,,,,,,,,
UNMATCHED RESOURCE,,,,,,,"no line with compatible position/skill, grade and start date in window",PRJ7FF55244,,SMRT CORPORATION LTD,"ECMO2010014_EL_v2a - TAMS for CCL, Depot, BPLPT, TEL (TAMS 2 only)",Generic Resource 5,Tester,Tester/QA,rule,MAPPED,,5.0,,Technical-Testing-Test Automation-TOSCA;Technical-Testing-Performance Testing-Apache JMeter;Functional-Language skills-Understand & Speak-English;Functional-Per,2027-03-01,2027-04-01,FY27,FY_END_PLAN,Rolling off 7-12m,18.0,,,,,,,,,,,,,,,
UNMATCHED RESOURCE,,,,,,,"no line with compatible position/skill, grade and start date in window",PRJ7FF55244,,SMRT CORPORATION LTD,"ECMO2010014_EL_v2a - TAMS for CCL, Depot, BPLPT, TEL (TAMS 2 only)",Generic Resource 6,Java Developer,Full Stack Engineer,rule,MAPPED,,6.0,DATABASE,Technical-Application Development-Programming Language-Java;Technical-Application Development-Backend Development-J2EE;Technical-Microsoft-Microsoft Products-Mi,2027-03-01,2027-04-01,FY27,FY_END_PLAN,Rolling off 7-12m,18.0,,,,,,,,,,,,,,,
UNMATCHED RESOURCE,,,,,,,"no line with compatible position/skill, grade and start date in window",PRJ7FF55244,,SMRT CORPORATION LTD,"ECMO2010014_EL_v2a - TAMS for CCL, Depot, BPLPT, TEL (TAMS 2 only)",Generic Resource 6,Java Developer,Full Stack Engineer,rule,MAPPED,,6.0,CLOUD,Technical-Application Development-Development Framework-Spring;Technical-Data Management-Blockchain-Development;Technical-DevOps-Container Management-Kubernetes,2027-03-01,2027-04-01,FY27,FY_END_PLAN,Rolling off 7-12m,18.0,,,,,,,,,,,,,,,
UNMATCHED RESOURCE,,,,,,,"no line with compatible position/skill, grade and start date in window",PRJ7FF55244,,SMRT CORPORATION LTD,"ECMO2010014_EL_v2a - TAMS for CCL, Depot, BPLPT, TEL (TAMS 2 only)",Generic Resource 6,Java Developer,Full Stack Engineer,rule,MAPPED,,6.0,DATABASE,Technical-Application Development-Development Framework-Spring Boot;Technical-DevOps-DevOps Administration Tools-Jenkins;Technical-Microsoft-Microsoft Products-,2027-03-01,2027-04-01,FY27,FY_END_PLAN,Rolling off 7-12m,18.0,,,,,,,,,,,,,,,
UNMATCHED RESOURCE,,,,,,,"no line with compatible position/skill, grade and start date in window",PRJ7FF55244,,SMRT CORPORATION LTD,"ECMO2010014_EL_v2a - TAMS for CCL, Depot, BPLPT, TEL (TAMS 2 only)",Generic Resource 5,Java Developer,Full Stack Engineer,rule,MAPPED,,5.0,DATABASE,Technical-Cloud Native Platform-Microservice -Spring Cloud;Technical-Application Development-Frontend Development-React JS;Technical-Data Management-Databases-M,2027-03-01,2027-04-01,FY27,FY_END_PLAN,Rolling off 7-12m,18.0,,,,,,,,,,,,,,,
UNMATCHED RESOURCE,,,,,,,"no line with compatible position/skill, grade and start date in window",PRJ7FF55244,,SMRT CORPORATION LTD,"ECMO2010014_EL_v2a - TAMS for CCL, Depot, BPLPT, TEL (TAMS 2 only)",Generic Resource 6,Java Developer,Full Stack Engineer,rule,MAPPED,,6.0,,Technical-Application Development-Deployment Platform-Tomcat;Technical-Application Development-Backend Development-J2EE;Functional-Development & operation-UI de,2027-03-01,2027-04-01,FY27,FY_END_PLAN,Rolling off 7-12m,18.0,,,,,,,,,,,,,,,
UNMATCHED RESOURCE,FOR REVIEW - position name unmapped,,,,,,"no line with compatible position/skill, grade and start date in window",PRJ7FF55244,,SMRT CORPORATION LTD,"ECMO2010014_EL_v2a - TAMS for CCL, Depot, BPLPT, TEL (TAMS 2 only)",Generic Resource 8,Project Director,UNMAPPED - FOR REVIEW,unmapped,FOR REVIEW,Project Manager,8.0,PROJECT_MGMT,Functional-Business Acumen-Problem-solving-Data Analysis;Functional-Personal and interpersonal skills-Communication-Presentations;Certified SCRUM Master;Managem,2027-03-01,2027-04-01,FY27,FY_END_PLAN,Rolling off 7-12m,6.0,,,,,,,,,,,,,,,
UNMATCHED RESOURCE,,,,,,,"no line with compatible position/skill, grade and start date in window",PRJ7FF55244,,SMRT CORPORATION LTD,"ECMO2010014_EL_v2a - TAMS for CCL, Depot, BPLPT, TEL (TAMS 2 only)",Generic Resource 7,Business Analyst,Business Analyst,rule,MAPPED,,7.0,CLOUD,Technical-Application Development-Programming Language-Java;Technical-Application Development-Backend Development-J2EE;Technical-Cloud Native Platform-DevOps To,2027-03-01,2027-04-01,FY27,FY_END_PLAN,Rolling off 7-12m,18.0,,,,,,,,,,,,,,,
UNMATCHED RESOURCE,,,,,,,"no line with compatible position/skill, grade and start date in window",PRJ7FF55244,,SMRT CORPORATION LTD,"ECMO2010014_EL_v2a - TAMS for CCL, Depot, BPLPT, TEL (TAMS 2 only)",Generic Resource 7,Tester,Tester/QA,rule,MAPPED,,7.0,DATA_ANALYTICS,Functional-Business Acumen-Problem-solving-Brainstorming;Functional-Business Acumen-Problem-solving-Root Cause Analysis;Functional-Data-Data & Analytics-Data Ma,2026-10-01,2026-11-01,FY26,CONFIRMED_END,Rolling off 0-6m,18.0,,,,,,,,,,,,,,,
UNMATCHED RESOURCE,,,,,,,"no line with compatible position/skill, grade and start date in window",PRJ7FF55244,,SMRT CORPORATION LTD,"ECMO2010014_EL_v2a - TAMS for CCL, Depot, BPLPT, TEL (TAMS 2 only)",Generic Resource 7,Tester,Tester/QA,rule,MAPPED,,7.0,CLOUD,Technical-Testing-Compatibility Testing-Web Compatibility Testing;Technical-Testing-Testing Framework-RobotFramework;Technical-AI & ML-AI Governance-AI Ethics;T,2027-02-01,2027-03-01,FY26,CONFIRMED_END,Rolling off 7-12m,18.0,,,,,,,,,,,,,,,
UNMATCHED RESOURCE,,,,,,,"no line with compatible position/skill, grade and start date in window",PRJ7FF55244,,SMRT CORPORATION LTD,"ECMO2010014_EL_v2a - TAMS for CCL, Depot, BPLPT, TEL (TAMS 2 only)",Generic Resource 8,Project Manager,Project Manager,mapping_sheet,MAPPED,,8.0,PROJECT_MGMT,Project Management Professional (PMP);Functional-Development & operation-Project Management-Quality Assurance;Functional-Development & operation-Project Managem,2027-03-01,2027-04-01,FY27,FY_END_PLAN,Rolling off 7-12m,12.0,,,,,,,,,,,,,,,
UNMATCHED RESOURCE,,,,,,,"no line with compatible position/skill, grade and start date in window",PRJ7FF55244,,SMRT CORPORATION LTD,"ECMO2010014_EL_v2a - TAMS for CCL, Depot, BPLPT, TEL (TAMS 2 only)",Generic Resource 5,Developer,Full Stack Engineer,rule,MAPPED,,5.0,,Technical-Application Development-UI Development-Mobile App;Technical-Application Development-Programming Language-Java;Technical-Application Development-Mobile,2027-02-01,2027-03-01,FY26,CONFIRMED_END,Rolling off 7-12m,18.0,,,,,,,,,,,,,,,
UNMATCHED RESOURCE,,,,,,,"no line with compatible position/skill, grade and start date in window",PRJ7FF55244,,SMRT CORPORATION LTD,"ECMO2010014_EL_v2a - TAMS for CCL, Depot, BPLPT, TEL (TAMS 2 only)",Generic Resource 5,Tester,Tester/QA,rule,MAPPED,,5.0,DATA_ANALYTICS,Functional-Data-Data & Analytics-Data Science;Technical-Microsoft 365-Office Productivity-Microsoft Excel;Technical-Data Management-Data Visualization-QlikView;,2027-01-01,2027-02-01,FY26,CONFIRMED_END,Rolling off 0-6m,18.0,,,,,,,,,,,,,,,
UNMATCHED RESOURCE,FOR REVIEW - position name unmapped,,,,,,"no line with compatible position/skill, grade and start date in window",PRJ7FF55244,,SMRT CORPORATION LTD,"ECMO2010014_EL_v2a - TAMS for CCL, Depot, BPLPT, TEL (TAMS 2 only)",Generic Resource 8,Tech Lead,UNMAPPED - FOR REVIEW,unmapped,FOR REVIEW,Project Manager,8.0,PROJECT_MGMT,Technical-Application Development-Development Framework-Spring MVC;Functional-Business Acumen-Leadership skills-Team & People management ;Functional-Development,2027-03-01,2027-04-01,FY27,FY_END_PLAN,Rolling off 7-12m,18.0,,,,,,,,,,,,,,,
UNMATCHED RESOURCE,FOR REVIEW - position name unmapped,,,,,,"no line with compatible position/skill, grade and start date in window",PRJFAF28C81,,SINGAPORE CIVIL DEFENCE FORCE,SCDF Additional 16HCs,Generic Resource 5,Project Coordinator - Suranjini,UNMAPPED - FOR REVIEW,unmapped,FOR REVIEW,,5.0,,,2027-03-01,2027-04-01,FY27,FY_END_PLAN,Rolling off 7-12m,18.0,,,,,,,,,,,,,,,
UNMATCHED RESOURCE,,,,,,,"no line with compatible position/skill, grade and start date in window",PRJFF4702ED,,"AGENCY FOR SCIENCE, TECHNOLOGY AND RESEARCH","OECM2211009_WC_a - IT Service Desk (Helpdesk, Desktop Support and Services)_Base",Generic Resource 12,Service Desk Engineer,Service Desk Agent,rule,MAPPED,,3.0,SERVICE_MGMT,,2026-06-01,2026-07-01,FY26,CONFIRMED_END,Available now,18.0,,,,,,,,,,,,,,,
UNMATCHED RESOURCE,,,,,,,"no line with compatible position/skill, grade and start date in window",PRJFF4702ED,,"AGENCY FOR SCIENCE, TECHNOLOGY AND RESEARCH","OECM2211009_WC_a - IT Service Desk (Helpdesk, Desktop Support and Services)_Base",Generic Resource 12,Service Desk Engineer,Service Desk Agent,rule,MAPPED,,3.0,SERVICE_MGMT,,2026-06-01,2026-07-01,FY26,CONFIRMED_END,Available now,9.2,,,,,,,,,,,,,,,
UNMATCHED RESOURCE,,,,,,,"no line with compatible position/skill, grade and start date in window",PRJFF4702ED,,"AGENCY FOR SCIENCE, TECHNOLOGY AND RESEARCH","OECM2211009_WC_a - IT Service Desk (Helpdesk, Desktop Support and Services)_Base",Generic Resource 7,ITSM Tools Engineer,Tools Engineer L2 (Observability),rule,MAPPED - level inferred from grade,,7.0,,,2026-06-01,2026-07-01,FY26,CONFIRMED_END,Available now,5.0,,,,,,,,,,,,,,,
UNMATCHED RESOURCE,,,,,,,"no line with compatible position/skill, grade and start date in window",PRJFF4702ED,,"AGENCY FOR SCIENCE, TECHNOLOGY AND RESEARCH","OECM2211009_WC_a - IT Service Desk (Helpdesk, Desktop Support and Services)_Base",Generic Resource 12,Desktop Engineer,Mobile/Desktop Engineer,rule,MAPPED,,3.0,WORKPLACE,,2026-05-01,2026-06-01,FY26,CONFIRMED_END,Available now,18.0,,,,,,,,,,,,,,,
UNMATCHED RESOURCE,,,,,,,"no line with compatible position/skill, grade and start date in window",PRJFF4702ED,,"AGENCY FOR SCIENCE, TECHNOLOGY AND RESEARCH","OECM2211009_WC_a - IT Service Desk (Helpdesk, Desktop Support and Services)_Base",Generic Resource 12,Service Desk Engineer,Service Desk Agent,rule,MAPPED,,3.0,SERVICE_MGMT,,2026-05-01,2026-06-01,FY26,CONFIRMED_END,Available now,18.0,,,,,,,,,,,,,,,
UNMATCHED RESOURCE,,,,,,,"no line with compatible position/skill, grade and start date in window",PRJFF4702ED,,"AGENCY FOR SCIENCE, TECHNOLOGY AND RESEARCH","OECM2211009_WC_a - IT Service Desk (Helpdesk, Desktop Support and Services)_Base",Generic 4,Service Desk Engineer,Service Desk Agent,rule,MAPPED,,4.0,SERVICE_MGMT,,2026-05-01,2026-06-01,FY26,CONFIRMED_END,Available now,18.0,,,,,,,,,,,,,,,
UNMATCHED RESOURCE,,,,,,,"no line with compatible position/skill, grade and start date in window",PRJFF4702ED,,"AGENCY FOR SCIENCE, TECHNOLOGY AND RESEARCH","OECM2211009_WC_a - IT Service Desk (Helpdesk, Desktop Support and Services)_Base",Generic Resource 12,Service Desk Engineer,Service Desk Agent,rule,MAPPED,,3.0,SERVICE_MGMT,,2026-05-01,2026-06-01,FY26,CONFIRMED_END,Available now,18.0,,,,,,,,,,,,,,,
UNMATCHED RESOURCE,,,,,,,"no line with compatible position/skill, grade and start date in window",PRJFF4702ED,,"AGENCY FOR SCIENCE, TECHNOLOGY AND RESEARCH","OECM2211009_WC_a - IT Service Desk (Helpdesk, Desktop Support and Services)_Base",Generic 4,Service Desk Engineer,Service Desk Agent,rule,MAPPED,,4.0,SERVICE_MGMT,,2026-05-01,2026-06-01,FY26,CONFIRMED_END,Available now,18.0,,,,,,,,,,,,,,,
UNMATCHED RESOURCE,,,,,,,"no line with compatible position/skill, grade and start date in window",PRJFF4702ED,,"AGENCY FOR SCIENCE, TECHNOLOGY AND RESEARCH","OECM2211009_WC_a - IT Service Desk (Helpdesk, Desktop Support and Services)_Base",Generic Resource 8,Service Delivery Director,SDD,rule,MAPPED,,8.0,PROJECT_MGMT,,2026-06-01,2026-07-01,FY26,CONFIRMED_END,Available now,13.0,,,,,,,,,,,,,,,
UNMATCHED RESOURCE,,,,,,,"no line with compatible position/skill, grade and start date in window",PRJFF4702ED,,"AGENCY FOR SCIENCE, TECHNOLOGY AND RESEARCH","OECM2211009_WC_a - IT Service Desk (Helpdesk, Desktop Support and Services)_Base",Generic Resource 12,Service Desk Engineer,Service Desk Agent,rule,MAPPED,,3.0,SERVICE_MGMT,,2026-06-01,2026-07-01,FY26,CONFIRMED_END,Available now,18.0,,,,,,,,,,,,,,,
UNMATCHED RESOURCE,,,,,,,"no line with compatible position/skill, grade and start date in window",PRJFF4702ED,,"AGENCY FOR SCIENCE, TECHNOLOGY AND RESEARCH","OECM2211009_WC_a - IT Service Desk (Helpdesk, Desktop Support and Services)_Base",Generic Resource 12,Desktop Engineer,Mobile/Desktop Engineer,rule,MAPPED,,3.0,WORKPLACE,,2026-06-01,2026-07-01,FY26,CONFIRMED_END,Available now,18.0,,,,,,,,,,,,,,,
UNMATCHED RESOURCE,,,,,,,"no line with compatible position/skill, grade and start date in window",PRJFF4702ED,,"AGENCY FOR SCIENCE, TECHNOLOGY AND RESEARCH","OECM2211009_WC_a - IT Service Desk (Helpdesk, Desktop Support and Services)_Base",Generic Resource 12,Service Desk Engineer,Service Desk Agent,rule,MAPPED,,3.0,SERVICE_MGMT,,2026-06-01,2026-07-01,FY26,CONFIRMED_END,Available now,18.0,,,,,,,,,,,,,,,
UNMATCHED RESOURCE,,,,,,,"no line with compatible position/skill, grade and start date in window",PRJFF4702ED,,"AGENCY FOR SCIENCE, TECHNOLOGY AND RESEARCH","OECM2211009_WC_a - IT Service Desk (Helpdesk, Desktop Support and Services)_Base",Generic Resource 5,Desktop Engineer,Mobile/Desktop Engineer,rule,MAPPED,,5.0,WORKPLACE,,2026-06-01,2026-07-01,FY26,CONFIRMED_END,Available now,18.0,,,,,,,,,,,,,,,
UNMATCHED RESOURCE,,,,,,,"no line with compatible position/skill, grade and start date in window",PRJFF4702ED,,"AGENCY FOR SCIENCE, TECHNOLOGY AND RESEARCH","OECM2211009_WC_a - IT Service Desk (Helpdesk, Desktop Support and Services)_Base",Generic Resource 12,Service Desk Engineer,Service Desk Agent,rule,MAPPED,,3.0,SERVICE_MGMT,,2026-06-01,2026-07-01,FY26,CONFIRMED_END,Available now,18.0,,,,,,,,,,,,,,,
UNMATCHED RESOURCE,,,,,,,"no line with compatible position/skill, grade and start date in window",PRJFF4702ED,,"AGENCY FOR SCIENCE, TECHNOLOGY AND RESEARCH","OECM2211009_WC_a - IT Service Desk (Helpdesk, Desktop Support and Services)_Base",Generic Resource 5,Desktop Engineer,Mobile/Desktop Engineer,rule,MAPPED,,5.0,WORKPLACE,,2026-06-01,2026-07-01,FY26,CONFIRMED_END,Available now,18.0,,,,,,,,,,,,,,,
UNMATCHED RESOURCE,,,,,,,"no line with compatible position/skill, grade and start date in window",PRJFF4702ED,,"AGENCY FOR SCIENCE, TECHNOLOGY AND RESEARCH","OECM2211009_WC_a - IT Service Desk (Helpdesk, Desktop Support and Services)_Base",Generic Resource 12,Desktop Engineer,Mobile/Desktop Engineer,rule,MAPPED,,3.0,WORKPLACE,,2026-06-01,2026-07-01,FY26,CONFIRMED_END,Available now,18.0,,,,,,,,,,,,,,,
UNMATCHED RESOURCE,,,,,,,"no line with compatible position/skill, grade and start date in window",PRJFF4702ED,,"AGENCY FOR SCIENCE, TECHNOLOGY AND RESEARCH","OECM2211009_WC_a - IT Service Desk (Helpdesk, Desktop Support and Services)_Base",Generic Resource 12,Desktop Engineer,Mobile/Desktop Engineer,rule,MAPPED,,3.0,WORKPLACE,,2026-06-01,2026-07-01,FY26,CONFIRMED_END,Available now,18.0,,,,,,,,,,,,,,,
UNMATCHED RESOURCE,,,,,,,"no line with compatible position/skill, grade and start date in window",PRJFF4702ED,,"AGENCY FOR SCIENCE, TECHNOLOGY AND RESEARCH","OECM2211009_WC_a - IT Service Desk (Helpdesk, Desktop Support and Services)_Base",Generic Resource 12,Desktop Engineer,Mobile/Desktop Engineer,rule,MAPPED,,3.0,WORKPLACE,,2026-05-01,2026-06-01,FY26,CONFIRMED_END,Available now,18.0,,,,,,,,,,,,,,,
UNMATCHED RESOURCE,,,,,,,"no line with compatible position/skill, grade and start date in window",PRJFF4702ED,,"AGENCY FOR SCIENCE, TECHNOLOGY AND RESEARCH","OECM2211009_WC_a - IT Service Desk (Helpdesk, Desktop Support and Services)_Base",Generic 4,Desktop Engineer,Mobile/Desktop Engineer,rule,MAPPED,,4.0,WORKPLACE,,2026-05-01,2026-06-01,FY26,CONFIRMED_END,Available now,18.0,,,,,,,,,,,,,,,
UNMATCHED RESOURCE,,,,,,,"no line with compatible position/skill, grade and start date in window",PRJFF4702ED,,"AGENCY FOR SCIENCE, TECHNOLOGY AND RESEARCH","OECM2211009_WC_a - IT Service Desk (Helpdesk, Desktop Support and Services)_Base",Generic 4,Desktop Engineer,Mobile/Desktop Engineer,rule,MAPPED,,4.0,WORKPLACE,,2026-05-01,2026-06-01,FY26,CONFIRMED_END,Available now,18.0,,,,,,,,,,,,,,,
UNMATCHED RESOURCE,,,,,,,"no line with compatible position/skill, grade and start date in window",PRJFF4702ED,,"AGENCY FOR SCIENCE, TECHNOLOGY AND RESEARCH","OECM2211009_WC_a - IT Service Desk (Helpdesk, Desktop Support and Services)_Base",Generic 4,Desktop Engineer,Mobile/Desktop Engineer,rule,MAPPED,,4.0,WORKPLACE,,2026-05-01,2026-06-01,FY26,CONFIRMED_END,Available now,18.0,,,,,,,,,,,,,,,
UNMATCHED RESOURCE,,,,,,,"no line with compatible position/skill, grade and start date in window",PRJFF4702ED,,"AGENCY FOR SCIENCE, TECHNOLOGY AND RESEARCH","OECM2211009_WC_a - IT Service Desk (Helpdesk, Desktop Support and Services)_Base",Generic 4,Desktop Engineer,Mobile/Desktop Engineer,rule,MAPPED,,4.0,WORKPLACE,,2026-05-01,2026-06-01,FY26,CONFIRMED_END,Available now,18.0,,,,,,,,,,,,,,,
UNMATCHED RESOURCE,FOR REVIEW - position name unmapped,,,,,,"no line with compatible position/skill, grade and start date in window",PRJFF4702ED,,"AGENCY FOR SCIENCE, TECHNOLOGY AND RESEARCH","OECM2211009_WC_a - IT Service Desk (Helpdesk, Desktop Support and Services)_Base",Generic Resource 5,SME,UNMAPPED - FOR REVIEW,unmapped,FOR REVIEW,,5.0,,,2026-06-01,2026-07-01,FY26,CONFIRMED_END,Available now,18.0,,,,,,,,,,,,,,,
UNMATCHED RESOURCE,,,,,,,"no line with compatible position/skill, grade and start date in window",PRJFF4702ED,,"AGENCY FOR SCIENCE, TECHNOLOGY AND RESEARCH","OECM2211009_WC_a - IT Service Desk (Helpdesk, Desktop Support and Services)_Base",Generic 4,Service desk Team Lead,Service Desk Agent,rule,MAPPED,,4.0,SERVICE_MGMT,,2026-06-01,2026-07-01,FY26,CONFIRMED_END,Available now,8.2,,,,,,,,,,,,,,,
UNMATCHED RESOURCE,,,,,,,"no line with compatible position/skill, grade and start date in window",PRJFF4702ED,,"AGENCY FOR SCIENCE, TECHNOLOGY AND RESEARCH","OECM2211009_WC_a - IT Service Desk (Helpdesk, Desktop Support and Services)_Base",Generic Resource 12,Admin Officer,DCOps,rule,MAPPED,,3.0,INFRA_OS,,2026-05-01,2026-06-01,FY26,CONFIRMED_END,Available now,18.0,,,,,,,,,,,,,,,
UNMATCHED RESOURCE,,,,,,,"no line with compatible position/skill, grade and start date in window",PRJFF4702ED,,"AGENCY FOR SCIENCE, TECHNOLOGY AND RESEARCH","OECM2211009_WC_a - IT Service Desk (Helpdesk, Desktop Support and Services)_Base",Generic Resource 12,Desktop Engineer,Mobile/Desktop Engineer,rule,MAPPED,,3.0,WORKPLACE,,2026-05-01,2026-06-01,FY26,CONFIRMED_END,Available now,18.0,,,,,,,,,,,,,,,
UNMATCHED RESOURCE,,,,,,,"no line with compatible position/skill, grade and start date in window",PRJFF4702ED,,"AGENCY FOR SCIENCE, TECHNOLOGY AND RESEARCH","OECM2211009_WC_a - IT Service Desk (Helpdesk, Desktop Support and Services)_Base",Generic 4,Desktop Engineer,Mobile/Desktop Engineer,rule,MAPPED,,4.0,WORKPLACE,,2026-05-01,2026-06-01,FY26,CONFIRMED_END,Available now,18.0,,,,,,,,,,,,,,,
UNMATCHED RESOURCE,,,,,,,"no line with compatible position/skill, grade and start date in window",PRJFF4702ED,,"AGENCY FOR SCIENCE, TECHNOLOGY AND RESEARCH","OECM2211009_WC_a - IT Service Desk (Helpdesk, Desktop Support and Services)_Base",Generic 4,Desktop Engineer,Mobile/Desktop Engineer,rule,MAPPED,,4.0,WORKPLACE,,2026-06-01,2026-07-01,FY26,CONFIRMED_END,Available now,18.0,,,,,,,,,,,,,,,
UNMATCHED RESOURCE,,,,,,,"no line with compatible position/skill, grade and start date in window",PRJFF4702ED,,"AGENCY FOR SCIENCE, TECHNOLOGY AND RESEARCH","OECM2211009_WC_a - IT Service Desk (Helpdesk, Desktop Support and Services)_Base",Generic 4,Service Desk Engineer,Service Desk Agent,rule,MAPPED,,4.0,SERVICE_MGMT,,2026-06-01,2026-07-01,FY26,CONFIRMED_END,Available now,18.0,,,,,,,,,,,,,,,
UNMATCHED RESOURCE,,,,,,,"no line with compatible position/skill, grade and start date in window",PRJFAF28C81,,SINGAPORE CIVIL DEFENCE FORCE,SCDF Additional 16HCs,Generic Resource 8,Network Engineer,Network Engineer L3,rule,MAPPED - level inferred from grade,,8.0,NETWORK,,2027-03-01,2027-04-01,FY27,FY_END_PLAN,Rolling off 7-12m,18.0,,,,,,,,,,,,,,,
UNMATCHED RESOURCE,FOR REVIEW - position name unmapped,,,,,,"no line with compatible position/skill, grade and start date in window",PROJ-00003472,,"AGENCY FOR SCIENCE, TECHNOLOGY AND RESEARCH",[Non-ATFM]: Implementation of SPACE AND INFRASTRUCTURE MANAGEMENT SYSTEM (SIMS),Generic Resource 6,Delivery,UNMAPPED - FOR REVIEW,unmapped,FOR REVIEW,,6.0,,Business Analyst,2026-06-01,2026-07-01,FY26,CONFIRMED_END,Available now,9.25,,,,,,,,,,,,,,,
UNMATCHED RESOURCE,FOR REVIEW - position name unmapped,,,,,,"no line with compatible position/skill, grade and start date in window",PROJ-00003472,,"AGENCY FOR SCIENCE, TECHNOLOGY AND RESEARCH",[Non-ATFM]: Implementation of SPACE AND INFRASTRUCTURE MANAGEMENT SYSTEM (SIMS),Generic Resource 8,Delivery,UNMAPPED - FOR REVIEW,unmapped,FOR REVIEW,Project Manager,8.0,PROJECT_MGMT,Project Management Professional (PMP);PMI Agile Certified Practitioner (PMI-ACP);Functional-Development & operation-Project Management Frameworks-Project Manage,2026-06-01,2026-07-01,FY26,CONFIRMED_END,Available now,9.25,,,,,,,,,,,,,,,
UNMATCHED RESOURCE,FOR REVIEW - position name unmapped,,,,,,"no line with compatible position/skill, grade and start date in window",PROJ-00008783,,HOME TEAM SCIENCE AND TECHNOLOGY AGENCY,[ATFM] xEDI Operation for HTX - Non WOG,Generic Resource 8,Project Delivery,UNMAPPED - FOR REVIEW,unmapped,FOR REVIEW,Project Manager,8.0,PROJECT_MGMT,ITIL 4 Foundation Certificate in IT Service Management;AWS Certified Solutions Architect – Associate;Functional-Delivery Management-Business operation-Operation,2026-05-01,2026-06-01,FY26,CONFIRMED_END,Available now,18.0,,,,,,,,,,,,,,,
UNMATCHED RESOURCE,,,,,,,"no line with compatible position/skill, grade and start date in window",PROJ-00008783,,HOME TEAM SCIENCE AND TECHNOLOGY AGENCY,[ATFM] xEDI Operation for HTX - Non WOG,Generic Resource 8,Network Lead,Network Engineer L3,rule,MAPPED - level inferred from grade,,8.0,NETWORK,Cisco Certified Network Professional (CCNP) Security;Technical-Network-Network Products-Cisco switch;Technical-Network-Engineering-Wireless network design and o,2026-05-01,2026-06-01,FY26,CONFIRMED_END,Available now,18.0,,,,,,,,,,,,,,,
UNMATCHED RESOURCE,FOR REVIEW - position name unmapped,,,,,,"no line with compatible position/skill, grade and start date in window",PROJ-00003190,,"AGENCY FOR SCIENCE, TECHNOLOGY AND RESEARCH",[Non-ATFM]: MVP/Full Phase-Replacement of Grant Mgt System on GCC,Generic Resource 6,Delivery,UNMAPPED - FOR REVIEW,unmapped,FOR REVIEW,Project Manager,6.0,PROJECT_MGMT,Technical-Testing-API Testing-PostMan;Certified SAFe5 Product Owner/Product Manager;Technical-Testing-Test Automation-Selenium;Solutions Architect Associate;Cer,2026-06-01,2026-07-01,FY26,CONFIRMED_END,Available now,9.25,,,,,,,,,,,,,,,
UNMATCHED RESOURCE,FOR REVIEW - position name unmapped,,,,,,"no line with compatible position/skill, grade and start date in window",PROJ-00003190,,"AGENCY FOR SCIENCE, TECHNOLOGY AND RESEARCH",[Non-ATFM]: MVP/Full Phase-Replacement of Grant Mgt System on GCC,Generic Resource 8,Delivery,UNMAPPED - FOR REVIEW,unmapped,FOR REVIEW,Project Manager,8.0,PROJECT_MGMT,Project Management Professional (PMP);PMI Agile Certified Practitioner (PMI-ACP);Functional-Development & operation-Project Management Frameworks-Project Manage,2026-07-01,2026-08-01,FY26,CONFIRMED_END,Available now,14.0,,,,,,,,,,,,,,,
UNMATCHED RESOURCE,,,,,,,"no line with compatible position/skill, grade and start date in window",PROJ-00003190,,"AGENCY FOR SCIENCE, TECHNOLOGY AND RESEARCH",[Non-ATFM]: MVP/Full Phase-Replacement of Grant Mgt System on GCC,Generic Resource 8,Project Manager,Project Manager,mapping_sheet,MAPPED,,8.0,CLOUD,DevOps Foundation;ISO 9001: Quality Management;Certification in IT Project Management (CITPM)-Senior,2026-12-01,2027-01-01,FY26,CONFIRMED_END,Rolling off 0-6m,18.0,,,,,,,,,,,,,,,
UNMATCHED RESOURCE,FOR REVIEW - position name unmapped,,,,,,"no line with compatible position/skill, grade and start date in window",PROJ-00003190,,"AGENCY FOR SCIENCE, TECHNOLOGY AND RESEARCH",[Non-ATFM]: MVP/Full Phase-Replacement of Grant Mgt System on GCC,Generic Resource 8,Quality Manager,UNMAPPED - FOR REVIEW,unmapped,FOR REVIEW,DBA L2,8.0,DATABASE,Oracle Database 11g Administrator Certified Professional (OCP);Functional-Development & operation-Service Management-Information Technology Infrastructure Libra,2026-05-01,2026-06-01,FY26,CONFIRMED_END,Available now,10.0,,,,,,,,,,,,,,,
UNMATCHED RESOURCE,,,,,,,"no line with compatible position/skill, grade and start date in window",PROJ-00011717,,PUBLIC UTILITIES BOARD,[Non-ATFM] PUB AMANDA - Enterprise Activity Monitoring / Alert System for Enhanced Protection of Underground Network,Generic Resource 9,Security Officer,IT Security Officer,rule,MAPPED,,9.0,SECURITY,Security Officer,2026-08-01,2026-09-01,FY26,CONFIRMED_END,Available now,4.0,,,,,,,,,,,,,,,
UNMATCHED RESOURCE,FOR REVIEW - position name unmapped,,,,,,"no line with compatible position/skill, grade and start date in window",PROJ-00011395,,BW DIGITAL PTE. LTD.,[Non ATFM] BWD ITSM/ITOM/AIOps at NDP1 [YR1 & YR2 Implement] + [YR1 to YR5 License + Maintenence] (Firm),Generic Resource 8,Quality Manager,UNMAPPED - FOR REVIEW,unmapped,FOR REVIEW,DBA L2,8.0,DATABASE,Oracle Database 11g Administrator Certified Professional (OCP);Functional-Development & operation-Service Management-Information Technology Infrastructure Libra,2026-08-01,2026-09-01,FY26,CONFIRMED_END,Available now,2.0,,,,,,,,,,,,,,,
UNMATCHED RESOURCE,FOR REVIEW - position name unmapped,,,,,,"no line with compatible position/skill, grade and start date in window",PROJ-00010875,,NATIONAL PARKS BOARD (SINGAPORE BOTANICAL GARDENS),[Non-ATFM] NPARKS - Singapore Poultry Hub - Video Analytics (VR),Generic Resource 8,Technical Writer,UNMAPPED - FOR REVIEW,unmapped,FOR REVIEW,Mobile/Desktop Engineer,8.0,WORKPLACE,Functional-Development & operation-Project Management-Business Processes;Functional-Personal and interpersonal skills-Communication-Presentations;Functional-Per,2026-09-01,2026-10-01,FY26,CONFIRMED_END,Rolling off 0-6m,3.0,,,,,,,,,,,,,,,
UNMATCHED RESOURCE,FOR REVIEW - position name unmapped,,,,,,"no line with compatible position/skill, grade and start date in window",PROJ-00001273,,HOME TEAM SCIENCE AND TECHNOLOGY AGENCY,[Non-ATFM] MHA HTSC NOC - Phase 2A,Generic Resource 7,Delivery Engineer,UNMAPPED - FOR REVIEW,unmapped,FOR REVIEW,,7.0,,,2026-09-01,2026-10-01,FY26,CONFIRMED_END,Rolling off 0-6m,5.0,,,,,,,,,,,,,,,
UNMATCHED RESOURCE,,,,,,,"no line with compatible position/skill, grade and start date in window",PROJ-00001273,,HOME TEAM SCIENCE AND TECHNOLOGY AGENCY,[Non-ATFM] MHA HTSC NOC - Phase 2A,Generic Resource 7,Network Delivery,Network Engineer L2,rule,MAPPED - level inferred from grade,,7.0,CLOUD,Technical-Application Development-Observability-Open Telemetry;Technical-Application Development-Backend Development-Linux Shell Scripting;Technical-Application,2026-09-01,2026-10-01,FY26,CONFIRMED_END,Rolling off 0-6m,5.0,,,,,,,,,,,,,,,
UNMATCHED RESOURCE,,,,,,,"no line with compatible position/skill, grade and start date in window",PROJ-00001273,,HOME TEAM SCIENCE AND TECHNOLOGY AGENCY,[Non-ATFM] MHA HTSC NOC - Phase 2A,Generic Resource 8,ITSM,IT Service Mgt Engineer,rule,MAPPED,,8.0,SERVICE_MGMT,,2026-09-01,2026-10-01,FY26,CONFIRMED_END,Rolling off 0-6m,18.0,,,,,,,,,,,,,,,
UNMATCHED RESOURCE,FOR REVIEW - position name unmapped,,,,,,"no line with compatible position/skill, grade and start date in window",PROJ-00001273,,HOME TEAM SCIENCE AND TECHNOLOGY AGENCY,[Non-ATFM] MHA HTSC NOC - Phase 2A,Generic Resource 8,Delivery,UNMAPPED - FOR REVIEW,unmapped,FOR REVIEW,Server Engineer L2,8.0,INFRA_OS,HDS Qualified Professional - VSP Storage;Brocade Certified Fabric Designer (BCFD);IBM Certified System Administrator - AIX;Brocade Certified Fabric Administrato,2026-09-01,2026-10-01,FY26,CONFIRMED_END,Rolling off 0-6m,18.0,,,,,,,,,,,,,,,
UNMATCHED RESOURCE,,,,,,,"no line with compatible position/skill, grade and start date in window",PROJ-00010617,,JURONG PORT PTE LTD,[Non-ATFM] Managed SOC services,Generic Resource 9,Security Officer,IT Security Officer,rule,MAPPED,,9.0,SECURITY,Machine Learning Specialty;Solutions Architect Professional;Certified Information Security Manager (CISM);Certified Ethical Hacker;Security Operations Analyst A,2026-06-01,2026-07-01,FY26,CONFIRMED_END,Available now,3.0,,,,,,,,,,,,,,,
UNMATCHED RESOURCE,FOR REVIEW - position name unmapped,,,,,,"no line with compatible position/skill, grade and start date in window",PROJ-00009824,,HOME TEAM SCIENCE AND TECHNOLOGY AGENCY,[Non-ATFM] - MHA Sovereign Cloud - xCloud Operation Day1 (HEIDI),Generic Resource 8,Technical Writer,UNMAPPED - FOR REVIEW,unmapped,FOR REVIEW,Mobile/Desktop Engineer,8.0,WORKPLACE,Functional-Development & operation-Project Management-Business Processes;Functional-Personal and interpersonal skills-Communication-Presentations;Functional-Per,2026-06-01,2026-07-01,FY26,CONFIRMED_END,Available now,4.0,,,,,,,,,,,,,,,
UNMATCHED RESOURCE,FOR REVIEW - position name unmapped,,,,,,"no line with compatible position/skill, grade and start date in window",PROJ-00010874,,NATIONAL PARKS BOARD (SINGAPORE BOTANICAL GARDENS),[Non-ATFM] NPARKS Documentation Management System Project (Phase1),Generic Resource 8,Technical Writer,UNMAPPED - FOR REVIEW,unmapped,FOR REVIEW,Mobile/Desktop Engineer,8.0,WORKPLACE,Functional-Development & operation-Project Management-Business Processes;Functional-Personal and interpersonal skills-Communication-Presentations;Functional-Per,2026-09-01,2026-10-01,FY26,CONFIRMED_END,Rolling off 0-6m,4.0,,,,,,,,,,,,,,,
UNMATCHED RESOURCE,FOR REVIEW - position name unmapped,,,,,,"no line with compatible position/skill, grade and start date in window",PROJ-00011518,,THOMSON MEDICAL GROUP LIMITED,[Non-ATFM] L1 Desktop Managed services + call centre + Daas/Leasing  RFQ,Generic Resource 8,Delivery Assurance,UNMAPPED - FOR REVIEW,unmapped,FOR REVIEW,DBA L2,8.0,DATABASE,Oracle Database 11g Administrator Certified Professional (OCP);Functional-Development & operation-Service Management-Information Technology Infrastructure Libra,2026-08-01,2026-09-01,FY26,CONFIRMED_END,Available now,5.0,,,,,,,,,,,,,,,
UNMATCHED RESOURCE,,,,,,,"no line with compatible position/skill, grade and start date in window",PROJ-00011774,,EYE & RETINA SURGEONS,[Non-ATFM] Cybersecurity awareness training session for 2 session,Generic Resource 9,Security Officer,IT Security Officer,rule,MAPPED,,9.0,SECURITY,Machine Learning Specialty;Solutions Architect Professional;Certified Information Security Manager (CISM);Certified Ethical Hacker;Security Operations Analyst A,2026-09-01,2026-10-01,FY26,CONFIRMED_END,Rolling off 0-6m,5.0,,,,,,,,,,,,,,,
UNMATCHED RESOURCE,,,,,,,"no line with compatible position/skill, grade and start date in window",PROJ-00011779,,UNIVERS PTE. LTD.,[Non-ATFM] HDB Integrated Environmental Modeller (IEM) On-Prem to Cloud Migration / BQ,Generic Resource 9,Security Officer,IT Security Officer,rule,MAPPED,,9.0,SECURITY,Machine Learning Specialty;Solutions Architect Professional;Certified Information Security Manager (CISM);Certified Ethical Hacker;Security Operations Analyst A,2026-09-01,2026-10-01,FY26,CONFIRMED_END,Rolling off 0-6m,2.0,,,,,,,,,,,,,,,
UNMATCHED RESOURCE,FOR REVIEW - position name unmapped,,,,,,"no line with compatible position/skill, grade and start date in window",PROJ-00011439,,GOVERNMENT TECHNOLOGY AGENCY,[Non-ATFM] GVT(T)26013 App Dev & Support and ICT Professional Services (PR26-01545) Pre-Qualification Phase 1/2,Generic Resource 8,Technical Writer,UNMAPPED - FOR REVIEW,unmapped,FOR REVIEW,Mobile/Desktop Engineer,8.0,WORKPLACE,Functional-Development & operation-Project Management-Business Processes;Functional-Personal and interpersonal skills-Communication-Presentations;Functional-Per,2026-07-01,2026-08-01,FY26,CONFIRMED_END,Available now,0.5,,,,,,,,,,,,,,,
UNMATCHED RESOURCE,FOR REVIEW - position name unmapped,,,,,,"no line with compatible position/skill, grade and start date in window",PROJ-00011439,,GOVERNMENT TECHNOLOGY AGENCY,[Non-ATFM] GVT(T)26013 App Dev & Support and ICT Professional Services (PR26-01545) Pre-Qualification Phase 1/2,Generic Resource 8,Quality Manager,UNMAPPED - FOR REVIEW,unmapped,FOR REVIEW,DBA L2,8.0,DATABASE,Oracle Database 11g Administrator Certified Professional (OCP);Functional-Development & operation-Service Management-Information Technology Infrastructure Libra,2026-08-01,2026-09-01,FY26,CONFIRMED_END,Available now,2.0,,,,,,,,,,,,,,,
UNMATCHED RESOURCE,FOR REVIEW - position name unmapped,,,,,,"no line with compatible position/skill, grade and start date in window",PROJ-00011841,,PARLIAMENT OF SINGAPORE,[Non-ATFM] SERVER AND STORAGE HARDWARE MAINTENANCE AND SUPPORT,Generic Resource 8,Technical Writer,UNMAPPED - FOR REVIEW,unmapped,FOR REVIEW,Mobile/Desktop Engineer,8.0,WORKPLACE,Functional-Development & operation-Project Management-Business Processes;Functional-Personal and interpersonal skills-Communication-Presentations;Functional-Per,2026-09-01,2026-10-01,FY26,CONFIRMED_END,Rolling off 0-6m,3.0,,,,,,,,,,,,,,,
UNMATCHED RESOURCE,,,,,,,"no line with compatible position/skill, grade and start date in window",PROJ-00011841,,PARLIAMENT OF SINGAPORE,[Non-ATFM] SERVER AND STORAGE HARDWARE MAINTENANCE AND SUPPORT,Generic Resource 9,Security Officer,IT Security Officer,rule,MAPPED,,9.0,SECURITY,Machine Learning Specialty;Solutions Architect Professional;Certified Information Security Manager (CISM);Certified Ethical Hacker;Security Operations Analyst A,2026-09-01,2026-10-01,FY26,CONFIRMED_END,Rolling off 0-6m,1.0,,,,,,,,,,,,,,,
UNMATCHED RESOURCE,FOR REVIEW - position name unmapped,,,,,,"no line with compatible position/skill, grade and start date in window",PROJ-00011245,,CORRUPT PRACTICES INVESTIGATION BUREAU,[Non-ATFM] CPIB (Firm) Agile Application Development and Maintenance Services of IDAAS,Generic Resource 8,Technical Writer,UNMAPPED - FOR REVIEW,unmapped,FOR REVIEW,Mobile/Desktop Engineer,8.0,WORKPLACE,Functional-Development & operation-Project Management-Business Processes;Functional-Personal and interpersonal skills-Communication-Presentations;Functional-Per,2026-09-01,2026-10-01,FY26,CONFIRMED_END,Rolling off 0-6m,1.0,,,,,,,,,,,,,,,
UNMATCHED RESOURCE,FOR REVIEW - position name unmapped,,,,,,"no line with compatible position/skill, grade and start date in window",PROJ-00011245,,CORRUPT PRACTICES INVESTIGATION BUREAU,[Non-ATFM] CPIB (Firm) Agile Application Development and Maintenance Services of IDAAS,Generic Resource 8,Quality Manager,UNMAPPED - FOR REVIEW,unmapped,FOR REVIEW,DBA L2,8.0,DATABASE,Oracle Database 11g Administrator Certified Professional (OCP);Functional-Development & operation-Service Management-Information Technology Infrastructure Libra,2026-07-01,2026-08-01,FY26,CONFIRMED_END,Available now,2.0,,,,,,,,,,,,,,,
UNMATCHED RESOURCE,FOR REVIEW - position name unmapped,,,,,,"no line with compatible position/skill, grade and start date in window",PROJ-00009882,,SINGAPORE INSTITUTE OF TECHNOLOGY,[ATFM] : Manage Services for SD and EUC,Generic Resource 8,Technical Writer,UNMAPPED - FOR REVIEW,unmapped,FOR REVIEW,Mobile/Desktop Engineer,8.0,WORKPLACE,Functional-Development & operation-Project Management-Business Processes;Functional-Personal and interpersonal skills-Communication-Presentations;Functional-Per,2026-05-01,2026-06-01,FY26,CONFIRMED_END,Available now,1.0,,,,,,,,,,,,,,,
UNMATCHED RESOURCE,FOR REVIEW - position name unmapped,,,,,,"no line with compatible position/skill, grade and start date in window",PROJ-00011078,,CENTRAL PROVIDENT FUND BOARD,[Non-ATFM] CPFB - Maintenance of Cisco and Check Point Network Equipment,Generic Resource 8,Technical Writer,UNMAPPED - FOR REVIEW,unmapped,FOR REVIEW,Mobile/Desktop Engineer,8.0,WORKPLACE,Functional-Development & operation-Project Management-Business Processes;Functional-Personal and interpersonal skills-Communication-Presentations;Functional-Per,2026-06-01,2026-07-01,FY26,CONFIRMED_END,Available now,3.0,,,,,,,,,,,,,,,
UNMATCHED RESOURCE,FOR REVIEW - position name unmapped,,,,,,"no line with compatible position/skill, grade and start date in window",PROJ-00011278,,PCCW Digital Solutions Limited,General Presales FY26/27 TIS,Generic Resource 9,Pre-sales,UNMAPPED - FOR REVIEW,unmapped,FOR REVIEW,IT Security Officer,9.0,SECURITY,Machine Learning Specialty;Solutions Architect Professional;Certified Information Security Manager (CISM);Certified Ethical Hacker;Security Operations Analyst A,2027-03-01,2027-04-01,FY27,FY_END_PLAN,Rolling off 7-12m,18.5,,,,,,,,,,,,,,,
UNMATCHED RESOURCE,,,,,,,"no line with compatible position/skill, grade and start date in window",PROJ-00011320,,"AGENCY FOR SCIENCE, TECHNOLOGY AND RESEARCH",[Non-ATFM]: MDR/SecOps Manage Services,Generic Resource 9,Security Officer,IT Security Officer,rule,MAPPED,,9.0,SECURITY,Machine Learning Specialty;Solutions Architect Professional;Certified Information Security Manager (CISM);Certified Ethical Hacker;Security Operations Analyst A,2026-09-01,2026-10-01,FY26,CONFIRMED_END,Rolling off 0-6m,5.0,,,,,,,,,,,,,,,
UNMATCHED RESOURCE,FOR REVIEW - position name unmapped,,,,,,"no line with compatible position/skill, grade and start date in window",PROJ-00011948,,MINISTRY OF LAW,[Non-ATFM] Min Law (ITQ) - Server and storage hardware Maintenance and Support,Generic Resource 8,Technical Writer,UNMAPPED - FOR REVIEW,unmapped,FOR REVIEW,Mobile/Desktop Engineer,8.0,WORKPLACE,Functional-Development & operation-Project Management-Business Processes;Functional-Personal and interpersonal skills-Communication-Presentations;Functional-Per,2026-09-01,2026-10-01,FY26,CONFIRMED_END,Rolling off 0-6m,4.0,,,,,,,,,,,,,,,
UNMATCHED RESOURCE,,,,,,,"no line with compatible position/skill, grade and start date in window",PROJ-00011948,,MINISTRY OF LAW,[Non-ATFM] Min Law (ITQ) - Server and storage hardware Maintenance and Support,Generic Resource 7,Solution Arcihtect,Technical Architect,rule,MAPPED,,7.0,,,2026-09-01,2026-10-01,FY26,CONFIRMED_END,Rolling off 0-6m,4.0,,,,,,,,,,,,,,,
UNMATCHED RESOURCE,,,,,,,"no line with compatible position/skill, grade and start date in window",PROJ-00003472,,"AGENCY FOR SCIENCE, TECHNOLOGY AND RESEARCH",[Non-ATFM]: Implementation of SPACE AND INFRASTRUCTURE MANAGEMENT SYSTEM (SIMS),Generic Resource 8,Solution Architect,Technical Architect,mapping_sheet,MAPPED,,8.0,,,2026-05-01,2026-06-01,FY26,CONFIRMED_END,Available now,2.0,,,,,,,,,,,,,,,
UNMATCHED RESOURCE,,,,,,,"no line with compatible position/skill, grade and start date in window",PROJ-00001287,,HOME TEAM SCIENCE AND TECHNOLOGY AGENCY,[Non-ATFM] Home Team Sustainment Centre (HTSC) - EAP Project,Generic Resource 8,Solution Architect,Technical Architect,mapping_sheet,MAPPED,,8.0,,,2026-05-01,2026-06-01,FY26,CONFIRMED_END,Available now,2.0,,,,,,,,,,,,,,,
UNMATCHED RESOURCE,,,,,,,"no line with compatible position/skill, grade and start date in window",PROJ-00006664,,"AGENCY FOR SCIENCE, TECHNOLOGY AND RESEARCH",[Non-ATFM] : T/ITSS/11/FY25 - IMPLEMENTATION OF INTEGRATED IT END-USER SUPPORT SERVICES FOR A*STAR,Generic Resource 9,Solution Architect,Technical Architect,mapping_sheet,MAPPED,,9.0,,Solution Architect,2026-08-01,2026-09-01,FY26,CONFIRMED_END,Available now,3.0,,,,,,,,,,,,,,,
UNMATCHED RESOURCE,,,,,,,"no line with compatible position/skill, grade and start date in window",PROJ-00008783,,HOME TEAM SCIENCE AND TECHNOLOGY AGENCY,[ATFM] xEDI Operation for HTX - Non WOG,Generic Resource 8,Solution Architect,Technical Architect,mapping_sheet,MAPPED,,8.0,,,2026-05-01,2026-06-01,FY26,CONFIRMED_END,Available now,2.0,,,,,,,,,,,,,,,
UNMATCHED RESOURCE,,,,,,,"no line with compatible position/skill, grade and start date in window",PROJ-00003190,,"AGENCY FOR SCIENCE, TECHNOLOGY AND RESEARCH",[Non-ATFM]: MVP/Full Phase-Replacement of Grant Mgt System on GCC,Generic Resource 9,Solution Architect,Technical Architect,mapping_sheet,MAPPED,,9.0,,Solution Architect,2026-09-01,2026-10-01,FY26,CONFIRMED_END,Rolling off 0-6m,3.0,,,,,,,,,,,,,,,
UNMATCHED RESOURCE,,,,,,,"no line with compatible position/skill, grade and start date in window",PROJ-00011717,,PUBLIC UTILITIES BOARD,[Non-ATFM] PUB AMANDA - Enterprise Activity Monitoring / Alert System for Enhanced Protection of Underground Network,Generic Resource 8,Solution Architect,Technical Architect,mapping_sheet,MAPPED,,8.0,,,2026-09-01,2026-10-01,FY26,CONFIRMED_END,Rolling off 0-6m,5.0,,,,,,,,,,,,,,,
UNMATCHED RESOURCE,,,,,,,"no line with compatible position/skill, grade and start date in window",PROJ-00011717,,PUBLIC UTILITIES BOARD,[Non-ATFM] PUB AMANDA - Enterprise Activity Monitoring / Alert System for Enhanced Protection of Underground Network,Generic Resource 8,Solution Architect,Technical Architect,mapping_sheet,MAPPED,,8.0,,,2026-09-01,2026-10-01,FY26,CONFIRMED_END,Rolling off 0-6m,5.0,,,,,,,,,,,,,,,
UNMATCHED RESOURCE,,,,,,,"no line with compatible position/skill, grade and start date in window",PROJ-00011395,,BW DIGITAL PTE. LTD.,[Non ATFM] BWD ITSM/ITOM/AIOps at NDP1 [YR1 & YR2 Implement] + [YR1 to YR5 License + Maintenence] (Firm),Generic Resource 8,Solution Architect,Technical Architect,mapping_sheet,MAPPED,,8.0,,,2026-09-01,2026-10-01,FY26,CONFIRMED_END,Rolling off 0-6m,5.0,,,,,,,,,,,,,,,
UNMATCHED RESOURCE,,,,,,,"no line with compatible position/skill, grade and start date in window",PROJ-00011395,,BW DIGITAL PTE. LTD.,[Non ATFM] BWD ITSM/ITOM/AIOps at NDP1 [YR1 & YR2 Implement] + [YR1 to YR5 License + Maintenence] (Firm),Generic Resource 8,Solution Architect,Technical Architect,mapping_sheet,MAPPED,,8.0,,,2026-07-01,2026-08-01,FY26,CONFIRMED_END,Available now,5.0,,,,,,,,,,,,,,,
UNMATCHED RESOURCE,,,,,,,"no line with compatible position/skill, grade and start date in window",PROJ-00011723,,KIDNEY DIALYSIS FOUNDATION LIMITED,[Non-ATFM] Managed IT RFQ,Generic Resource 9,Solution Architect,Technical Architect,mapping_sheet,MAPPED,,9.0,INFRA_OS,Azure Administrator Associate;Functional-Development & operation-Procurement-Contract Management - SOW;Technical-Cloud-Cloud Administration-AWS-Administration;T,2026-08-01,2026-09-01,FY26,CONFIRMED_END,Available now,2.0,,,,,,,,,,,,,,,
UNMATCHED RESOURCE,,,,,,,"no line with compatible position/skill, grade and start date in window",PROJ-00011732,,"AGENCY FOR SCIENCE, TECHNOLOGY AND RESEARCH","[Non-ATFM]: RFI for EnterpriseAI Tools, Agentic AI Platform, Cloud Hosting, AI Models, Training and Support Services",Generic Resource 9,Solution Architect,Technical Architect,mapping_sheet,MAPPED,,9.0,INFRA_OS,Azure Administrator Associate;Functional-Development & operation-Procurement-Contract Management - SOW;Technical-Cloud-Cloud Administration-AWS-Administration;T,2026-09-01,2026-10-01,FY26,CONFIRMED_END,Rolling off 0-6m,5.0,,,,,,,,,,,,,,,
UNMATCHED RESOURCE,,,,,,,"no line with compatible position/skill, grade and start date in window",PROJ-00011732,,"AGENCY FOR SCIENCE, TECHNOLOGY AND RESEARCH","[Non-ATFM]: RFI for EnterpriseAI Tools, Agentic AI Platform, Cloud Hosting, AI Models, Training and Support Services",Generic Resource 8,Solution Architect,Technical Architect,mapping_sheet,MAPPED,,8.0,,,2026-09-01,2026-10-01,FY26,CONFIRMED_END,Rolling off 0-6m,6.0,,,,,,,,,,,,,,,
UNMATCHED RESOURCE,,,,,,,"no line with compatible position/skill, grade and start date in window",PROJ-00011143,,HOME TEAM SCIENCE AND TECHNOLOGY AGENCY,[ATFM] PSS Man Days Estimate for HTX Eclipse Network Services,Generic Resource 8,Solution Architect,Technical Architect,mapping_sheet,MAPPED,,8.0,,,2026-09-01,2026-10-01,FY26,CONFIRMED_END,Rolling off 0-6m,2.0,,,,,,,,,,,,,,,
UNMATCHED RESOURCE,,,,,,,"no line with compatible position/skill, grade and start date in window",PROJ-00010875,,NATIONAL PARKS BOARD (SINGAPORE BOTANICAL GARDENS),[Non-ATFM] NPARKS - Singapore Poultry Hub - Video Analytics (VR),Generic Resource 8,Solution Architect,Technical Architect,mapping_sheet,MAPPED,,8.0,,,2026-09-01,2026-10-01,FY26,CONFIRMED_END,Rolling off 0-6m,1.0,,,,,,,,,,,,,,,
UNMATCHED RESOURCE,,,,,,,"no line with compatible position/skill, grade and start date in window",PROJ-00012003,,NATIONAL ENVIRONMENT AGENCY,[Non-ATFM] BPO & AWS Connect,Generic Resource 9,Solution Architect,Technical Architect,mapping_sheet,MAPPED,,9.0,INFRA_OS,Azure Administrator Associate;Functional-Development & operation-Procurement-Contract Management - SOW;Technical-Cloud-Cloud Administration-AWS-Administration;T,2026-10-01,2026-11-01,FY26,CONFIRMED_END,Rolling off 0-6m,5.0,,,,,,,,,,,,,,,
UNMATCHED RESOURCE,,,,,,,"no line with compatible position/skill, grade and start date in window",PROJ-00012003,,NATIONAL ENVIRONMENT AGENCY,[Non-ATFM] BPO & AWS Connect,Generic Resource 8,Solution Architect,Technical Architect,mapping_sheet,MAPPED,,8.0,,,2026-10-01,2026-11-01,FY26,CONFIRMED_END,Rolling off 0-6m,4.0,,,,,,,,,,,,,,,
UNMATCHED RESOURCE,,,,,,,"no line with compatible position/skill, grade and start date in window",PROJ-00001292,,HOME TEAM SCIENCE AND TECHNOLOGY AGENCY,[Non-ATFM] MHA Ops Gate Tech Refresh - IBM MQ,Generic Resource 8,Solution Architect,Technical Architect,mapping_sheet,MAPPED,,8.0,,,2026-07-01,2026-08-01,FY26,CONFIRMED_END,Available now,3.0,,,,,,,,,,,,,,,
UNMATCHED RESOURCE,,,,,,,"no line with compatible position/skill, grade and start date in window",PROJ-00001292,,HOME TEAM SCIENCE AND TECHNOLOGY AGENCY,[Non-ATFM] MHA Ops Gate Tech Refresh - IBM MQ,Generic Resource 8,Solution Architect,Technical Architect,mapping_sheet,MAPPED,,8.0,,,2026-10-01,2026-11-01,FY26,CONFIRMED_END,Rolling off 0-6m,3.0,,,,,,,,,,,,,,,
UNMATCHED RESOURCE,,,,,,,"no line with compatible position/skill, grade and start date in window",PROJ-00001273,,HOME TEAM SCIENCE AND TECHNOLOGY AGENCY,[Non-ATFM] MHA HTSC NOC - Phase 2A,Generic Resource 5,Solution Architect,Technical Architect,mapping_sheet,MAPPED,,5.0,CLOUD,Solutions Architect Associate;Azure Fundamentals;Azure Administrator Associate;Technical-Infrastructure Management-Automation -PowerShell;Technical-Testing-Spec,2026-08-01,2026-09-01,FY26,CONFIRMED_END,Available now,17.0,,,,,,,,,,,,,,,
UNMATCHED RESOURCE,,,,,,,"no line with compatible position/skill, grade and start date in window",PROJ-00001273,,HOME TEAM SCIENCE AND TECHNOLOGY AGENCY,[Non-ATFM] MHA HTSC NOC - Phase 2A,Generic Resource 8,Solution Architect,Technical Architect,mapping_sheet,MAPPED,,8.0,,,2026-07-01,2026-08-01,FY26,CONFIRMED_END,Available now,8.5,,,,,,,,,,,,,,,
UNMATCHED RESOURCE,,,,,,,"no line with compatible position/skill, grade and start date in window",PROJ-00010617,,JURONG PORT PTE LTD,[Non-ATFM] Managed SOC services,Generic Resource 8,Solution Architect,Technical Architect,mapping_sheet,MAPPED,,8.0,,,2026-06-01,2026-07-01,FY26,CONFIRMED_END,Available now,3.0,,,,,,,,,,,,,,,
UNMATCHED RESOURCE,,,,,,,"no line with compatible position/skill, grade and start date in window",PROJ-00007016,,"AGENCY FOR SCIENCE, TECHNOLOGY AND RESEARCH",[Non-ATFM]: Integrated Resource Planning using Archibus,Generic Resource 8,Solution Architect,Technical Architect,mapping_sheet,MAPPED,,8.0,,,2026-05-01,2026-06-01,FY26,CONFIRMED_END,Available now,2.0,,,,,,,,,,,,,,,
UNMATCHED RESOURCE,,,,,,,"no line with compatible position/skill, grade and start date in window",PROJ-00009748,,MINISTRY OF MANPOWER,[Non-ATFM] MOM Contact Centre,Generic Resource 8,Solution Architect,Technical Architect,mapping_sheet,MAPPED,,8.0,,,2026-05-01,2026-06-01,FY26,CONFIRMED_END,Available now,2.0,,,,,,,,,,,,,,,
UNMATCHED RESOURCE,,,,,,,"no line with compatible position/skill, grade and start date in window",PROJ-00009824,,HOME TEAM SCIENCE AND TECHNOLOGY AGENCY,[Non-ATFM] - MHA Sovereign Cloud - xCloud Operation Day1 (HEIDI),Generic Resource 8,Solution Architect,Technical Architect,mapping_sheet,MAPPED,,8.0,,,2026-06-01,2026-07-01,FY26,CONFIRMED_END,Available now,2.0,,,,,,,,,,,,,,,
UNMATCHED RESOURCE,,,,,,,"no line with compatible position/skill, grade and start date in window",PROJ-00009824,,HOME TEAM SCIENCE AND TECHNOLOGY AGENCY,[Non-ATFM] - MHA Sovereign Cloud - xCloud Operation Day1 (HEIDI),Generic Resource 8,Solution Architect,Technical Architect,mapping_sheet,MAPPED,,8.0,,,2026-06-01,2026-07-01,FY26,CONFIRMED_END,Available now,8.0,,,,,,,,,,,,,,,
UNMATCHED RESOURCE,,,,,,,"no line with compatible position/skill, grade and start date in window",PROJ-00010644,,"MUFG BANK, LTD. SINGAPORE BRANCH",[Non-ATFM] APM Implementation & lic  Phase 1 (AppDynamics),Generic Resource 8,Solution Architect,Technical Architect,mapping_sheet,MAPPED,,8.0,,,2026-09-01,2026-10-01,FY26,CONFIRMED_END,Rolling off 0-6m,1.0,,,,,,,,,,,,,,,
UNMATCHED RESOURCE,,,,,,,"no line with compatible position/skill, grade and start date in window",PROJ-00010645,,ISEAS - YUSOF ISHAK INSTITUTE,[Non-ATFM] AI Central Platform for Researchers- MVP1,Generic Resource 8,Solution Architect,Technical Architect,mapping_sheet,MAPPED,,8.0,,Solution Architect,2026-09-01,2026-10-01,FY26,CONFIRMED_END,Rolling off 0-6m,3.0,,,,,,,,,,,,,,,
UNMATCHED RESOURCE,,,,,,,"no line with compatible position/skill, grade and start date in window",PROJ-00010645,,ISEAS - YUSOF ISHAK INSTITUTE,[Non-ATFM] AI Central Platform for Researchers- MVP1,Generic Resource 8,Solution Architect,Technical Architect,mapping_sheet,MAPPED,,8.0,,,2026-05-01,2026-06-01,FY26,CONFIRMED_END,Available now,2.0,,,,,,,,,,,,,,,
UNMATCHED RESOURCE,,,,,,,"no line with compatible position/skill, grade and start date in window",PROJ-00006725,,HOME TEAM SCIENCE AND TECHNOLOGY AGENCY,[Non-ATFM] MESP Migration from OPC to NGINE,Generic Resource 8,Solution Architect,Technical Architect,mapping_sheet,MAPPED,,8.0,,Solution Architect,2026-09-01,2026-10-01,FY26,CONFIRMED_END,Rolling off 0-6m,2.0,,,,,,,,,,,,,,,
UNMATCHED RESOURCE,,,,,,,"no line with compatible position/skill, grade and start date in window",PROJ-00010874,,NATIONAL PARKS BOARD (SINGAPORE BOTANICAL GARDENS),[Non-ATFM] NPARKS Documentation Management System Project (Phase1),Generic Resource 8,Solution Architect,Technical Architect,mapping_sheet,MAPPED,,8.0,,,2026-09-01,2026-10-01,FY26,CONFIRMED_END,Rolling off 0-6m,2.0,,,,,,,,,,,,,,,
UNMATCHED RESOURCE,,,,,,,"no line with compatible position/skill, grade and start date in window",PROJ-00010874,,NATIONAL PARKS BOARD (SINGAPORE BOTANICAL GARDENS),[Non-ATFM] NPARKS Documentation Management System Project (Phase1),Generic Resource 8,Solution Architect,Technical Architect,mapping_sheet,MAPPED,,8.0,,,2026-05-01,2026-06-01,FY26,CONFIRMED_END,Available now,2.0,,,,,,,,,,,,,,,
UNMATCHED RESOURCE,,,,,,,"no line with compatible position/skill, grade and start date in window",PROJ-00010874,,NATIONAL PARKS BOARD (SINGAPORE BOTANICAL GARDENS),[Non-ATFM] NPARKS Documentation Management System Project (Phase1),Generic Resource 8,Solution Architect,Technical Architect,mapping_sheet,MAPPED,,8.0,,Solution Architect,2026-09-01,2026-10-01,FY26,CONFIRMED_END,Rolling off 0-6m,4.0,,,,,,,,,,,,,,,
UNMATCHED RESOURCE,,,,,,,"no line with compatible position/skill, grade and start date in window",PROJ-00011518,,THOMSON MEDICAL GROUP LIMITED,[Non-ATFM] L1 Desktop Managed services + call centre + Daas/Leasing  RFQ,Generic Resource 9,Solution Architect,Technical Architect,mapping_sheet,MAPPED,,9.0,INFRA_OS,Azure Administrator Associate;Functional-Development & operation-Procurement-Contract Management - SOW;Technical-Cloud-Cloud Administration-AWS-Administration;T,2026-08-01,2026-09-01,FY26,CONFIRMED_END,Available now,5.0,,,,,,,,,,,,,,,
UNMATCHED RESOURCE,,,,,,,"no line with compatible position/skill, grade and start date in window",PROJ-00011779,,UNIVERS PTE. LTD.,[Non-ATFM] HDB Integrated Environmental Modeller (IEM) On-Prem to Cloud Migration / BQ,Generic Resource 6,Solution Architect,Technical Architect,mapping_sheet,MAPPED,,6.0,,,2026-10-01,2026-11-01,FY26,CONFIRMED_END,Rolling off 0-6m,1.0,,,,,,,,,,,,,,,
UNMATCHED RESOURCE,,,,,,,"no line with compatible position/skill, grade and start date in window",PROJ-00011775,,SINGAPORE LAND AUTHORITY (SLA),[ATFM] Place Holder : Dev Env for GeoSpace-Sea + Developer + Day2,Generic Resource 8,Solution Architect,Technical Architect,mapping_sheet,MAPPED,,8.0,,,2026-10-01,2026-11-01,FY26,CONFIRMED_END,Rolling off 0-6m,5.0,,,,,,,,,,,,,,,
UNMATCHED RESOURCE,,,,,,,"no line with compatible position/skill, grade and start date in window",PROJ-00011439,,GOVERNMENT TECHNOLOGY AGENCY,[Non-ATFM] GVT(T)26013 App Dev & Support and ICT Professional Services (PR26-01545) Pre-Qualification Phase 1/2,Generic Resource 9,Solution Architect,Technical Architect,mapping_sheet,MAPPED,,9.0,INFRA_OS,Azure Administrator Associate;Functional-Development & operation-Procurement-Contract Management - SOW;Technical-Cloud-Cloud Administration-AWS-Administration;T,2026-07-01,2026-08-01,FY26,CONFIRMED_END,Available now,3.0,,,,,,,,,,,,,,,
UNMATCHED RESOURCE,,,,,,,"no line with compatible position/skill, grade and start date in window",PROJ-00011048,,NATIONAL VOLUNTEER AND PHILANTHROPY CENTRE,[Non-ATFM] Web Defacement and monitoring,Generic Resource 9,Solution Architect,Technical Architect,mapping_sheet,MAPPED,,9.0,SECURITY,Machine Learning Specialty;Solutions Architect Professional;Certified Information Security Manager (CISM);Certified Ethical Hacker;Security Operations Analyst A,2026-08-01,2026-09-01,FY26,CONFIRMED_END,Available now,3.0,,,,,,,,,,,,,,,
UNMATCHED RESOURCE,,,,,,,"no line with compatible position/skill, grade and start date in window",PROJ-00009042,,SINGAPORE LAND AUTHORITY (SLA),[ATFM] PSS for GCC+ IAR Project (To be consolidated),Generic Resource 8,Solution Architect,Technical Architect,mapping_sheet,MAPPED,,8.0,,,2026-05-01,2026-06-01,FY26,CONFIRMED_END,Available now,1.0,,,,,,,,,,,,,,,
UNMATCHED RESOURCE,,,,,,,"no line with compatible position/skill, grade and start date in window",PROJ-00010873,,BW DIGITAL PTE. LTD.,[Non ATFM] Data Centre / Robotics @ Jurong Island,Generic Resource 8,Solution Architect,Technical Architect,mapping_sheet,MAPPED,,8.0,,,2026-07-01,2026-08-01,FY26,CONFIRMED_END,Available now,2.0,,,,,,,,,,,,,,,
UNMATCHED RESOURCE,,,,,,,"no line with compatible position/skill, grade and start date in window",PROJ-00011841,,PARLIAMENT OF SINGAPORE,[Non-ATFM] SERVER AND STORAGE HARDWARE MAINTENANCE AND SUPPORT,Generic Resource 8,Solution Architect,Technical Architect,mapping_sheet,MAPPED,,8.0,,,2026-09-01,2026-10-01,FY26,CONFIRMED_END,Rolling off 0-6m,2.0,,,,,,,,,,,,,,,
UNMATCHED RESOURCE,,,,,,,"no line with compatible position/skill, grade and start date in window",PROJ-00011245,,CORRUPT PRACTICES INVESTIGATION BUREAU,[Non-ATFM] CPIB (Firm) Agile Application Development and Maintenance Services of IDAAS,Generic Resource 8,Solution Architect,Technical Architect,mapping_sheet,MAPPED,,8.0,,,2026-08-01,2026-09-01,FY26,CONFIRMED_END,Available now,3.0,,,,,,,,,,,,,,,
UNMATCHED RESOURCE,,,,,,,"no line with compatible position/skill, grade and start date in window",PROJ-00011245,,CORRUPT PRACTICES INVESTIGATION BUREAU,[Non-ATFM] CPIB (Firm) Agile Application Development and Maintenance Services of IDAAS,Generic Resource 8,Solution Architect,Technical Architect,mapping_sheet,MAPPED,,8.0,,,2026-10-01,2026-11-01,FY26,CONFIRMED_END,Rolling off 0-6m,2.0,,,,,,,,,,,,,,,
UNMATCHED RESOURCE,,,,,,,"no line with compatible position/skill, grade and start date in window",PROJ-00011245,,CORRUPT PRACTICES INVESTIGATION BUREAU,[Non-ATFM] CPIB (Firm) Agile Application Development and Maintenance Services of IDAAS,Generic Resource 8,Solution Architect,Technical Architect,mapping_sheet,MAPPED,,8.0,,,2026-07-01,2026-08-01,FY26,CONFIRMED_END,Available now,8.0,,,,,,,,,,,,,,,
UNMATCHED RESOURCE,,,,,,,"no line with compatible position/skill, grade and start date in window",PROJ-00009882,,SINGAPORE INSTITUTE OF TECHNOLOGY,[ATFM] : Manage Services for SD and EUC,Generic Resource 9,Solution Architect,Technical Architect,mapping_sheet,MAPPED,,9.0,INFRA_OS,Azure Administrator Associate;Functional-Development & operation-Procurement-Contract Management - SOW;Technical-Cloud-Cloud Administration-AWS-Administration;T,2026-09-01,2026-10-01,FY26,CONFIRMED_END,Rolling off 0-6m,4.0,,,,,,,,,,,,,,,
UNMATCHED RESOURCE,,,,,,,"no line with compatible position/skill, grade and start date in window",PROJ-00009882,,SINGAPORE INSTITUTE OF TECHNOLOGY,[ATFM] : Manage Services for SD and EUC,Generic Resource 8,Solution Architect,Technical Architect,mapping_sheet,MAPPED,,8.0,,,2026-07-01,2026-08-01,FY26,CONFIRMED_END,Available now,7.0,,,,,,,,,,,,,,,
UNMATCHED RESOURCE,,,,,,,"no line with compatible position/skill, grade and start date in window",PROJ-00008802,,HOME TEAM SCIENCE AND TECHNOLOGY AGENCY,[Non-ATFM] MHA HTSC Building Operations Command Center (BOC) Project,Generic Resource 8,Solution Architect,Technical Architect,mapping_sheet,MAPPED,,8.0,,,2026-08-01,2026-09-01,FY26,CONFIRMED_END,Available now,4.0,,,,,,,,,,,,,,,
UNMATCHED RESOURCE,,,,,,,"no line with compatible position/skill, grade and start date in window",PROJ-00008802,,HOME TEAM SCIENCE AND TECHNOLOGY AGENCY,[Non-ATFM] MHA HTSC Building Operations Command Center (BOC) Project,Generic Resource 8,Solution Architect,Technical Architect,mapping_sheet,MAPPED,,8.0,,,2026-06-01,2026-07-01,FY26,CONFIRMED_END,Available now,2.0,,,,,,,,,,,,,,,
UNMATCHED RESOURCE,,,,,,,"no line with compatible position/skill, grade and start date in window",PROJ-00008792,,"AGENCY FOR SCIENCE, TECHNOLOGY AND RESEARCH",[Non-ATFM]:  Optional : T/ITSS/11/FY25 - IMPLEMENTATION OF INTEGRATED IT END-USER SUPPORT SERVICES FOR A*STAR,Generic Resource 9,Solution Architect,Technical Architect,mapping_sheet,MAPPED,,9.0,INFRA_OS,Azure Administrator Associate;Functional-Development & operation-Procurement-Contract Management - SOW;Technical-Cloud-Cloud Administration-AWS-Administration;T,2026-07-01,2026-08-01,FY26,CONFIRMED_END,Available now,16.0,,,,,,,,,,,,,,,
UNMATCHED RESOURCE,,,,,,,"no line with compatible position/skill, grade and start date in window",PROJ-00011022,,The ASEAN+3 MACROECONOMIC RESEARCH OFFICE,[Non-ATFM] xIQ  xSpark for economistst,Generic Resource 8,Solution Architect,Technical Architect,mapping_sheet,MAPPED,,8.0,,,2026-05-01,2026-06-01,FY26,CONFIRMED_END,Available now,6.0,,,,,,,,,,,,,,,
UNMATCHED RESOURCE,,,,,,,"no line with compatible position/skill, grade and start date in window",PROJ-00011022,,The ASEAN+3 MACROECONOMIC RESEARCH OFFICE,[Non-ATFM] xIQ  xSpark for economistst,Generic Resource 8,Solution Architect,Technical Architect,mapping_sheet,MAPPED,,8.0,,,2026-09-01,2026-10-01,FY26,CONFIRMED_END,Rolling off 0-6m,4.0,,,,,,,,,,,,,,,
UNMATCHED RESOURCE,,,,,,,"no line with compatible position/skill, grade and start date in window",PROJ-00011078,,CENTRAL PROVIDENT FUND BOARD,[Non-ATFM] CPFB - Maintenance of Cisco and Check Point Network Equipment,Generic Resource 8,Solution Architect,Technical Architect,mapping_sheet,MAPPED,,8.0,,,2026-06-01,2026-07-01,FY26,CONFIRMED_END,Available now,2.0,,,,,,,,,,,,,,,
UNMATCHED RESOURCE,,,,,,,"no line with compatible position/skill, grade and start date in window",PROJ-00011078,,CENTRAL PROVIDENT FUND BOARD,[Non-ATFM] CPFB - Maintenance of Cisco and Check Point Network Equipment,Generic Resource 8,Solution Architect,Technical Architect,mapping_sheet,MAPPED,,8.0,,,2026-06-01,2026-07-01,FY26,CONFIRMED_END,Available now,2.0,,,,,,,,,,,,,,,
UNMATCHED RESOURCE,,,,,,,"no line with compatible position/skill, grade and start date in window",PROJ-00011821,,PSA CORPORATION LIMITED,[Non-ATFM]: Replacement/New DCIM,Generic Resource 8,Solution Architect,Technical Architect,mapping_sheet,MAPPED,,8.0,,,2026-10-01,2026-11-01,FY26,CONFIRMED_END,Rolling off 0-6m,5.0,,,,,,,,,,,,,,,
UNMATCHED RESOURCE,,,,,,,"no line with compatible position/skill, grade and start date in window",PROJ-00011508,,BW DIGITAL PTE. LTD.,"[NON-ATFM] BW Digital - Installation of Fortinet and SonicWall Firewalls at NDP1 DC Campus, Batam (3 Years Subscription)",Generic Resource 8,Solution Architect,Technical Architect,mapping_sheet,MAPPED,,8.0,,,2026-10-01,2026-11-01,FY26,CONFIRMED_END,Rolling off 0-6m,5.0,,,,,,,,,,,,,,,
UNMATCHED RESOURCE,,,,,,,"no line with compatible position/skill, grade and start date in window",PROJ-00011508,,BW DIGITAL PTE. LTD.,"[NON-ATFM] BW Digital - Installation of Fortinet and SonicWall Firewalls at NDP1 DC Campus, Batam (3 Years Subscription)",Generic Resource 8,Solution Architect,Technical Architect,mapping_sheet,MAPPED,,8.0,,,2026-10-01,2026-11-01,FY26,CONFIRMED_END,Rolling off 0-6m,2.0,,,,,,,,,,,,,,,
UNMATCHED RESOURCE,,,,,,,"no line with compatible position/skill, grade and start date in window",PROJ-00011886,,CORRUPT PRACTICES INVESTIGATION BUREAU,"[Non-ATFM] CPIB Design, Dev, Implementation & Maint / Gen AI to support CPIB Use Cases GCC+",Generic Resource 8,Solution Architect,Technical Architect,mapping_sheet,MAPPED,,8.0,DATA_ANALYTICS,Technical-Data & Analytics-Analytics Tools-Clouder Big Data Platform;Functional-AI & ML-AI Partnership-AI Advisor - Technical Sales;Functional-Data-Information ,2026-09-01,2026-10-01,FY26,CONFIRMED_END,Rolling off 0-6m,10.0,,,,,,,,,,,,,,,
UNMATCHED RESOURCE,,,,,,,"no line with compatible position/skill, grade and start date in window",PROJ-00011886,,CORRUPT PRACTICES INVESTIGATION BUREAU,"[Non-ATFM] CPIB Design, Dev, Implementation & Maint / Gen AI to support CPIB Use Cases GCC+",Generic Resource 6,Solution Architect,Technical Architect,mapping_sheet,MAPPED,,6.0,,,2026-10-01,2026-11-01,FY26,CONFIRMED_END,Rolling off 0-6m,1.0,,,,,,,,,,,,,,,
UNMATCHED RESOURCE,,,,,,,"no line with compatible position/skill, grade and start date in window",PROJ-00008873,,HOME TEAM SCIENCE AND TECHNOLOGY AGENCY,[Non-ATFM] MESP - NextCloud POC,Generic Resource 8,Solution Architect,Technical Architect,mapping_sheet,MAPPED,,8.0,,,2026-06-01,2026-07-01,FY26,CONFIRMED_END,Available now,3.0,,,,,,,,,,,,,,,
UNMATCHED RESOURCE,,,,,,,"no line with compatible position/skill, grade and start date in window",PROJ-00011778,,BW DIGITAL PTE. LTD.,[Non-ATFM] BW Digital - Enterprise Knowledge Base & Documentation Platform M365/Azure,Generic Resource 7,Solution Architect,Technical Architect,mapping_sheet,MAPPED,,7.0,CLOUD,Azure AI Fundamentals;Functional-Personal and interpersonal skills-Teamwork-Conflict management and resolution;Functional-Personal and interpersonal skills-Lead,2026-10-01,2026-11-01,FY26,CONFIRMED_END,Rolling off 0-6m,1.0,,,,,,,,,,,,,,,
UNMATCHED RESOURCE,,,,,,,"no line with compatible position/skill, grade and start date in window",PROJ-00007038,,SINGAPORE POLICE FORCE,[ATFM] - Cisco APM CRIME3 Expansion,Generic Resource 8,Solution Architect,Technical Architect,mapping_sheet,MAPPED,,8.0,,,2026-07-01,2026-08-01,FY26,CONFIRMED_END,Available now,2.0,,,,,,,,,,,,,,,
UNMATCHED RESOURCE,,,,,,,"no line with compatible position/skill, grade and start date in window",PROJ-00011077,,PUBLIC UTILITIES BOARD,[Non-ATFM] PUB Enterprise Wearables Devices Tech Refresh - Phase 1 - Assessment (9 months) 30units,Generic Resource 8,Solution Architect,Technical Architect,mapping_sheet,MAPPED,,8.0,,,2026-09-01,2026-10-01,FY26,CONFIRMED_END,Rolling off 0-6m,3.0,,,,,,,,,,,,,,,
UNMATCHED PROJECT,FOR REVIEW - position name unmapped,,,,,,"no available resource with compatible position/skill, grade and date",,,,,,,,,,,,,,,,,,,,PROJ-00010706,QL-0000005971,OSSC,[ATFM] Year 8 Renewal - Judiciary,34. TFM Supreme Court Lead (HCR2026061601378) - Lincoln Tan,UNMAPPED - FOR REVIEW,unmapped,FOR REVIEW,,7.0,,,2026-10-01,FY26,18.0
UNMATCHED PROJECT,FOR REVIEW - position name unmapped,,,,,,"no available resource with compatible position/skill, grade and date",,,,,,,,,,,,,,,,,,,,PROJ-00011247,QL-0000005605,"AGENCY FOR SCIENCE, TECHNOLOGY AND RESEARCH",[Non-ATFM] : T/ITSS/11/FY25 - IMPLEMENTATION OF INTEGRATED IT END-USER SUPPORT SERVICES FOR A*STAR,Operation Mgmt Professional,UNMAPPED - FOR REVIEW,unmapped,FOR REVIEW,,8.0,,,2027-05-01,FY27,18.0
UNMATCHED PROJECT,FOR REVIEW - position name unmapped,,,,,,"no available resource with compatible position/skill, grade and date",,,,,,,,,,,,,,,,,,,,PROJ-00011964,QL-0000006973,BW DIGITAL PTE. LTD.,"[NON-ATFM] BW Digital - Installation of Fortinet and SonicWall Firewalls at NDP1 DC Campus, Batam (3 Years Subscription)",Project Managet,UNMAPPED - FOR REVIEW,unmapped,FOR REVIEW,,7.0,,Project Manager,2026-12-01,FY26,2.5
UNMATCHED PROJECT,,,,,,,"no available resource with compatible position/skill, grade and date",,,,,,,,,,,,,,,,,,,,PROJ-00010706,QL-0000005971,OSSC,[ATFM] Year 8 Renewal - Judiciary,06. ITSO #2 (HCR2026081301596-Rahmath/Lester Replacement) - TBA,IT Security Officer,rule,MAPPED,,7.0,SECURITY,IT Security,2026-10-01,FY26,18.0
UNMATCHED PROJECT,,,,,,,"no available resource with compatible position/skill, grade and date",,,,,,,,,,,,,,,,,,,,PROJ-00010780,QL-0000006125,INTELLECTUAL PROPERTY OFFICE OF SINGAPORE,[ATFM] Year 8 Renewal - IPOS - AFM - HQ,07. ATFM ITSO (Gandhi Replacement),IT Security Officer,rule,MAPPED,,7.0,SECURITY,Cisco Certified Network Associate (CCNA);Certified Information Systems Security Professional (CISSP);Technical-Digital Workplace-Managed Services operation-Rapi,2026-09-01,FY26,18.0
UNMATCHED PROJECT,,,,,,,"no available resource with compatible position/skill, grade and date",,,,,,,,,,,,,,,,,,,,PROJ-00011247,QL-0000005605,"AGENCY FOR SCIENCE, TECHNOLOGY AND RESEARCH",[Non-ATFM] : T/ITSS/11/FY25 - IMPLEMENTATION OF INTEGRATED IT END-USER SUPPORT SERVICES FOR A*STAR,SITO/ ISO Engineer - 5,IT Security Officer,rule,MAPPED,,4.0,SECURITY,SITO/ ISO Engineer,2027-05-01,FY27,18.0
UNMATCHED PROJECT,,,,,,,"no available resource with compatible position/skill, grade and date",,,,,,,,,,,,,,,,,,,,PROJ-00011247,QL-0000005605,"AGENCY FOR SCIENCE, TECHNOLOGY AND RESEARCH",[Non-ATFM] : T/ITSS/11/FY25 - IMPLEMENTATION OF INTEGRATED IT END-USER SUPPORT SERVICES FOR A*STAR,SITO/ ISO Engineer -8,IT Security Officer,rule,MAPPED,,4.0,SECURITY,SITO/ ISO Engineer,2027-06-01,FY27,18.5
UNMATCHED PROJECT,,,,,,,"no available resource with compatible position/skill, grade and date",,,,,,,,,,,,,,,,,,,,PROJ-00011247,QL-0000005605,"AGENCY FOR SCIENCE, TECHNOLOGY AND RESEARCH",[Non-ATFM] : T/ITSS/11/FY25 - IMPLEMENTATION OF INTEGRATED IT END-USER SUPPORT SERVICES FOR A*STAR,SITO/ ISO Engineer -9,IT Security Officer,rule,MAPPED,,4.0,SECURITY,SITO/ ISO Engineer,2027-05-01,FY27,18.0
UNMATCHED PROJECT,,,,,,,"no available resource with compatible position/skill, grade and date",,,,,,,,,,,,,,,,,,,,PROJ-00011922,QL-0000007079,URBAN REDEVELOPMENT AUTHORITY,[ATFM] Additional 150 MDs for URA,Cloud Engineer L1,Cloud Engineer L1,mapping_sheet,MAPPED,,6.0,CLOUD,Cloud Engineer L1,2026-09-01,FY26,9.0
UNMATCHED PROJECT,,,,,,,"no available resource with compatible position/skill, grade and date",,,,,,,,,,,,,,,,,,,,PROJ-00011785,QL-0000006641,SINGAPORE POLICE FORCE,[ATFM] SEMS2 - Windows upgrade for 8 servers,DBA,DBA L2,rule,MAPPED - level inferred from grade,,7.0,DATABASE,DBA,2026-09-01,FY26,4.0
UNMATCHED PROJECT,,,,,,,"no available resource with compatible position/skill, grade and date",,,,,,,,,,,,,,,,,,,,PROJ-00011781,QL-0000006952,SINGAPORE POLICE FORCE,[ATFM] SPF_Win2019_Upgrade_Dataiku,DBA,DBA L2,rule,MAPPED - level inferred from grade,,7.0,DATABASE,DBA,2026-09-01,FY26,4.0
